711_jpg.rf.002d0ff41e02c7add25b431b4eda65a9.jpg,416,416,4,88,250,226,285
711_jpg.rf.002d0ff41e02c7add25b431b4eda65a9.jpg,416,416,3,227,241,338,275
711_jpg.rf.002d0ff41e02c7add25b431b4eda65a9.jpg,416,416,2,91,288,225,323
711_jpg.rf.002d0ff41e02c7add25b431b4eda65a9.jpg,416,416,1,225,275,336,310
579_jpg.rf.0092595c4e9c825b7e245308e16bf2e3.jpg,416,416,2,131,88,161,147
579_jpg.rf.0092595c4e9c825b7e245308e16bf2e3.jpg,416,416,1,135,199,163,253
579_jpg.rf.0092595c4e9c825b7e245308e16bf2e3.jpg,416,416,G,140,294,166,341
1707_jpg.rf.021208ccbd25fdc37fc7f464cf66c6fa.jpg,416,416,20,201,254,219,270
1707_jpg.rf.021208ccbd25fdc37fc7f464cf66c6fa.jpg,416,416,19,171,252,188,266
1707_jpg.rf.021208ccbd25fdc37fc7f464cf66c6fa.jpg,416,416,18,200,273,220,289
1707_jpg.rf.021208ccbd25fdc37fc7f464cf66c6fa.jpg,416,416,17,172,270,187,284
1707_jpg.rf.021208ccbd25fdc37fc7f464cf66c6fa.jpg,416,416,16,201,293,218,308
1707_jpg.rf.021208ccbd25fdc37fc7f464cf66c6fa.jpg,416,416,15,172,289,188,303
1707_jpg.rf.021208ccbd25fdc37fc7f464cf66c6fa.jpg,416,416,13,201,311,218,327
1707_jpg.rf.021208ccbd25fdc37fc7f464cf66c6fa.jpg,416,416,12,172,307,187,322
1707_jpg.rf.021208ccbd25fdc37fc7f464cf66c6fa.jpg,416,416,11,201,331,219,347
709_jpg.rf.0195f4e2d82d6ac95a249a4b30475524.jpg,416,416,7,132,138,195,246
709_jpg.rf.0195f4e2d82d6ac95a249a4b30475524.jpg,416,416,8,215,126,270,230
709_jpg.rf.0195f4e2d82d6ac95a249a4b30475524.jpg,416,416,4,140,260,196,355
709_jpg.rf.0195f4e2d82d6ac95a249a4b30475524.jpg,416,416,5,212,247,263,337
1334_jpg.rf.00a444ce8e28635dcb3d9976ad275bd6.jpg,416,416,9,246,65,319,127
1334_jpg.rf.00a444ce8e28635dcb3d9976ad275bd6.jpg,416,416,8,141,73,219,133
1334_jpg.rf.00a444ce8e28635dcb3d9976ad275bd6.jpg,416,416,7,242,135,313,187
1334_jpg.rf.00a444ce8e28635dcb3d9976ad275bd6.jpg,416,416,6,142,141,220,200
1334_jpg.rf.00a444ce8e28635dcb3d9976ad275bd6.jpg,416,416,5,240,194,310,245
1334_jpg.rf.00a444ce8e28635dcb3d9976ad275bd6.jpg,416,416,4,144,204,218,257
1334_jpg.rf.00a444ce8e28635dcb3d9976ad275bd6.jpg,416,416,3,238,250,305,299
1334_jpg.rf.00a444ce8e28635dcb3d9976ad275bd6.jpg,416,416,2,144,262,218,314
1334_jpg.rf.00a444ce8e28635dcb3d9976ad275bd6.jpg,416,416,1,236,305,298,349
2_jpg.rf.002c8290f2da739cfd7d5df117e3bfb8.jpg,416,416,2,204,93,275,144
1885_jpg.rf.00063d3bc5602c4a1c28406079630aa6.jpg,416,416,M,189,41,225,100
1885_jpg.rf.00063d3bc5602c4a1c28406079630aa6.jpg,416,416,3,193,130,225,180
1885_jpg.rf.00063d3bc5602c4a1c28406079630aa6.jpg,416,416,2,197,204,226,248
1885_jpg.rf.00063d3bc5602c4a1c28406079630aa6.jpg,416,416,1,200,269,227,306
315_jpg.rf.00242c1e3404505a3de45bd01a473597.jpg,416,416,3,224,28,257,93
315_jpg.rf.00242c1e3404505a3de45bd01a473597.jpg,416,416,2,226,93,258,152
315_jpg.rf.00242c1e3404505a3de45bd01a473597.jpg,416,416,1,227,153,258,207
315_jpg.rf.00242c1e3404505a3de45bd01a473597.jpg,416,416,B,227,207,258,275
315_jpg.rf.00242c1e3404505a3de45bd01a473597.jpg,416,416,2,184,98,224,153
909_jpg.rf.01922346d0672b8fdcd7901698b97eba.jpg,416,416,1,108,140,129,158
909_jpg.rf.01922346d0672b8fdcd7901698b97eba.jpg,416,416,2,135,142,157,159
909_jpg.rf.01922346d0672b8fdcd7901698b97eba.jpg,416,416,3,163,142,185,160
909_jpg.rf.01922346d0672b8fdcd7901698b97eba.jpg,416,416,4,109,161,131,179
909_jpg.rf.01922346d0672b8fdcd7901698b97eba.jpg,416,416,5,137,162,159,179
909_jpg.rf.01922346d0672b8fdcd7901698b97eba.jpg,416,416,6,165,163,186,179
909_jpg.rf.01922346d0672b8fdcd7901698b97eba.jpg,416,416,7,112,181,133,197
909_jpg.rf.01922346d0672b8fdcd7901698b97eba.jpg,416,416,8,139,182,160,197
909_jpg.rf.01922346d0672b8fdcd7901698b97eba.jpg,416,416,9,165,183,186,197
909_jpg.rf.01922346d0672b8fdcd7901698b97eba.jpg,416,416,0,140,200,161,215
909_jpg.rf.01922346d0672b8fdcd7901698b97eba.jpg,416,416,G,97,216,120,231
909_jpg.rf.01922346d0672b8fdcd7901698b97eba.jpg,416,416,G,116,217,136,231
821_jpg.rf.025469c692e26af3e47cb1c440741c8d.jpg,416,416,5,111,144,150,196
821_jpg.rf.025469c692e26af3e47cb1c440741c8d.jpg,416,416,6,191,146,230,202
821_jpg.rf.025469c692e26af3e47cb1c440741c8d.jpg,416,416,3,110,219,149,271
821_jpg.rf.025469c692e26af3e47cb1c440741c8d.jpg,416,416,4,188,219,227,277
821_jpg.rf.025469c692e26af3e47cb1c440741c8d.jpg,416,416,1,110,289,146,343
821_jpg.rf.025469c692e26af3e47cb1c440741c8d.jpg,416,416,2,188,297,225,350
821_jpg.rf.025469c692e26af3e47cb1c440741c8d.jpg,416,416,C,110,358,146,409
821_jpg.rf.025469c692e26af3e47cb1c440741c8d.jpg,416,416,T,186,368,221,415
910_jpg.rf.02cd9f413747a063a3806f8d9b922c35.jpg,416,416,5,169,87,244,190
910_jpg.rf.02cd9f413747a063a3806f8d9b922c35.jpg,416,416,4,169,232,244,335
1632_jpg.rf.02e83fbb6e5e60e8151acfeb01eee1d9.jpg,416,416,3,94,77,208,123
1632_jpg.rf.02e83fbb6e5e60e8151acfeb01eee1d9.jpg,416,416,B,97,157,206,202
1632_jpg.rf.02e83fbb6e5e60e8151acfeb01eee1d9.jpg,416,416,2,217,118,329,163
2014_jpg.rf.0384f0b25af5d4eb2cfd47c468d66439.jpg,416,416,3,179,87,222,122
2014_jpg.rf.0384f0b25af5d4eb2cfd47c468d66439.jpg,416,416,2,183,132,225,164
2014_jpg.rf.0384f0b25af5d4eb2cfd47c468d66439.jpg,416,416,1,188,175,230,207
1723_jpg.rf.03a9b34b23ed9fcdbbc54692251d49a4.jpg,416,416,4,246,100,295,152
1723_jpg.rf.03a9b34b23ed9fcdbbc54692251d49a4.jpg,416,416,3,246,159,293,207
1723_jpg.rf.03a9b34b23ed9fcdbbc54692251d49a4.jpg,416,416,1,246,216,292,261
1723_jpg.rf.03a9b34b23ed9fcdbbc54692251d49a4.jpg,416,416,0,246,266,289,310
903_jpg.rf.0295e7ed3b435179e793b470b1a7ab1d.jpg,416,416,1,191,238,209,252
903_jpg.rf.0295e7ed3b435179e793b470b1a7ab1d.jpg,416,416,G,191,252,208,267
1364_jpg.rf.06920a51f3cc8709f87bca6abc1ba08a.jpg,416,416,R,205,145,220,169
1364_jpg.rf.06920a51f3cc8709f87bca6abc1ba08a.jpg,416,416,3,178,146,193,169
1364_jpg.rf.06920a51f3cc8709f87bca6abc1ba08a.jpg,416,416,8,205,172,220,195
1364_jpg.rf.06920a51f3cc8709f87bca6abc1ba08a.jpg,416,416,7,204,199,219,223
1364_jpg.rf.06920a51f3cc8709f87bca6abc1ba08a.jpg,416,416,6,204,227,219,250
1364_jpg.rf.06920a51f3cc8709f87bca6abc1ba08a.jpg,416,416,5,204,254,219,278
1364_jpg.rf.06920a51f3cc8709f87bca6abc1ba08a.jpg,416,416,4,203,282,218,306
1364_jpg.rf.06920a51f3cc8709f87bca6abc1ba08a.jpg,416,416,2,177,172,192,196
1364_jpg.rf.06920a51f3cc8709f87bca6abc1ba08a.jpg,416,416,1,177,199,191,222
1930_jpg.rf.06328ff81ecb3f2f04c5e5ef1164f434.jpg,416,416,G,134,320,183,364
1930_jpg.rf.06328ff81ecb3f2f04c5e5ef1164f434.jpg,416,416,M,138,263,183,307
1930_jpg.rf.06328ff81ecb3f2f04c5e5ef1164f434.jpg,416,416,0,137,199,182,245
1930_jpg.rf.06328ff81ecb3f2f04c5e5ef1164f434.jpg,416,416,1,138,132,187,179
1930_jpg.rf.06328ff81ecb3f2f04c5e5ef1164f434.jpg,416,416,2,140,60,191,108
536_jpg.rf.03ecf35d7200cd8f0cd86a090aea05b1.jpg,416,416,5,78,0,138,75
536_jpg.rf.03ecf35d7200cd8f0cd86a090aea05b1.jpg,416,416,5,144,0,197,75
536_jpg.rf.03ecf35d7200cd8f0cd86a090aea05b1.jpg,416,416,3,91,112,145,182
536_jpg.rf.03ecf35d7200cd8f0cd86a090aea05b1.jpg,416,416,3,149,109,197,184
536_jpg.rf.03ecf35d7200cd8f0cd86a090aea05b1.jpg,416,416,4,205,107,254,174
536_jpg.rf.03ecf35d7200cd8f0cd86a090aea05b1.jpg,416,416,4,259,110,308,173
536_jpg.rf.03ecf35d7200cd8f0cd86a090aea05b1.jpg,416,416,1,100,210,148,267
536_jpg.rf.03ecf35d7200cd8f0cd86a090aea05b1.jpg,416,416,1,152,203,198,269
536_jpg.rf.03ecf35d7200cd8f0cd86a090aea05b1.jpg,416,416,2,202,197,250,263
536_jpg.rf.03ecf35d7200cd8f0cd86a090aea05b1.jpg,416,416,2,255,202,298,258
1107_jpg.rf.071cb7d019ecb963dd098f3b007179f0.jpg,416,416,B,244,210,275,232
1107_jpg.rf.071cb7d019ecb963dd098f3b007179f0.jpg,416,416,1,244,183,278,207
1107_jpg.rf.071cb7d019ecb963dd098f3b007179f0.jpg,416,416,G,175,183,212,207
1107_jpg.rf.071cb7d019ecb963dd098f3b007179f0.jpg,416,416,2,174,153,210,179
1107_jpg.rf.071cb7d019ecb963dd098f3b007179f0.jpg,416,416,3,246,153,282,180
1107_jpg.rf.071cb7d019ecb963dd098f3b007179f0.jpg,416,416,5,245,120,285,149
550_jpg.rf.03eb20078c58ed711c47aceb3749964e.jpg,416,416,22,202,109,212,128
550_jpg.rf.03eb20078c58ed711c47aceb3749964e.jpg,416,416,28,216,109,226,128
550_jpg.rf.03eb20078c58ed711c47aceb3749964e.jpg,416,416,33,230,109,240,128
550_jpg.rf.03eb20078c58ed711c47aceb3749964e.jpg,416,416,32,230,129,241,148
550_jpg.rf.03eb20078c58ed711c47aceb3749964e.jpg,416,416,31,230,149,241,168
550_jpg.rf.03eb20078c58ed711c47aceb3749964e.jpg,416,416,26,216,151,227,170
550_jpg.rf.03eb20078c58ed711c47aceb3749964e.jpg,416,416,27,216,131,227,149
550_jpg.rf.03eb20078c58ed711c47aceb3749964e.jpg,416,416,21,202,130,213,148
550_jpg.rf.03eb20078c58ed711c47aceb3749964e.jpg,416,416,20,202,151,213,169
550_jpg.rf.03eb20078c58ed711c47aceb3749964e.jpg,416,416,19,202,170,212,189
550_jpg.rf.03eb20078c58ed711c47aceb3749964e.jpg,416,416,2,202,191,213,209
550_jpg.rf.03eb20078c58ed711c47aceb3749964e.jpg,416,416,1,203,211,213,230
550_jpg.rf.03eb20078c58ed711c47aceb3749964e.jpg,416,416,24,216,190,227,209
550_jpg.rf.03eb20078c58ed711c47aceb3749964e.jpg,416,416,29,230,191,241,209
550_jpg.rf.03eb20078c58ed711c47aceb3749964e.jpg,416,416,23,216,210,227,229
550_jpg.rf.03eb20078c58ed711c47aceb3749964e.jpg,416,416,30,230,171,241,189
550_jpg.rf.03eb20078c58ed711c47aceb3749964e.jpg,416,416,25,216,170,227,189
1295_jpg.rf.0354a348b41c971a151f2d87a2cb0da0.jpg,416,416,2,146,168,195,203
1295_jpg.rf.0354a348b41c971a151f2d87a2cb0da0.jpg,416,416,1,151,212,199,247
1696_jpg.rf.011c34c42d03cd1e3af19aab130ed6e7.jpg,416,416,1,170,218,194,266
1696_jpg.rf.011c34c42d03cd1e3af19aab130ed6e7.jpg,416,416,2,194,216,217,263
1696_jpg.rf.011c34c42d03cd1e3af19aab130ed6e7.jpg,416,416,3,217,214,241,262
1696_jpg.rf.011c34c42d03cd1e3af19aab130ed6e7.jpg,416,416,4,171,276,195,323
1696_jpg.rf.011c34c42d03cd1e3af19aab130ed6e7.jpg,416,416,5,195,274,218,320
1696_jpg.rf.011c34c42d03cd1e3af19aab130ed6e7.jpg,416,416,6,218,272,241,319
1696_jpg.rf.011c34c42d03cd1e3af19aab130ed6e7.jpg,416,416,7,172,333,196,382
1696_jpg.rf.011c34c42d03cd1e3af19aab130ed6e7.jpg,416,416,8,197,329,219,379
1696_jpg.rf.011c34c42d03cd1e3af19aab130ed6e7.jpg,416,416,9,219,328,242,376
1696_jpg.rf.011c34c42d03cd1e3af19aab130ed6e7.jpg,416,416,-,220,383,242,416
138_jpg.rf.07393a19ede6541449d4513b38e7c1b8.jpg,416,416,6,246,151,293,198
138_jpg.rf.07393a19ede6541449d4513b38e7c1b8.jpg,416,416,5,186,165,240,206
138_jpg.rf.07393a19ede6541449d4513b38e7c1b8.jpg,416,416,4,120,174,183,225
138_jpg.rf.07393a19ede6541449d4513b38e7c1b8.jpg,416,416,3,245,234,289,278
138_jpg.rf.07393a19ede6541449d4513b38e7c1b8.jpg,416,416,2,193,247,236,293
2046_jpg.rf.037c392c44c63cb0d30ca63378368aed.jpg,416,416,10,185,184,202,200
2046_jpg.rf.037c392c44c63cb0d30ca63378368aed.jpg,416,416,21,213,185,231,201
2046_jpg.rf.037c392c44c63cb0d30ca63378368aed.jpg,416,416,9,185,197,202,212
2046_jpg.rf.037c392c44c63cb0d30ca63378368aed.jpg,416,416,20,213,198,232,214
2046_jpg.rf.037c392c44c63cb0d30ca63378368aed.jpg,416,416,19,213,211,232,227
2046_jpg.rf.037c392c44c63cb0d30ca63378368aed.jpg,416,416,8,185,209,202,224
2046_jpg.rf.037c392c44c63cb0d30ca63378368aed.jpg,416,416,7,185,222,202,236
2046_jpg.rf.037c392c44c63cb0d30ca63378368aed.jpg,416,416,6,185,234,202,249
2046_jpg.rf.037c392c44c63cb0d30ca63378368aed.jpg,416,416,5,186,246,203,260
2046_jpg.rf.037c392c44c63cb0d30ca63378368aed.jpg,416,416,4,186,258,203,272
2046_jpg.rf.037c392c44c63cb0d30ca63378368aed.jpg,416,416,3,187,270,204,284
2046_jpg.rf.037c392c44c63cb0d30ca63378368aed.jpg,416,416,2,187,282,204,296
2046_jpg.rf.037c392c44c63cb0d30ca63378368aed.jpg,416,416,1,187,293,203,308
2046_jpg.rf.037c392c44c63cb0d30ca63378368aed.jpg,416,416,G,187,306,203,321
2046_jpg.rf.037c392c44c63cb0d30ca63378368aed.jpg,416,416,18,214,224,233,240
2046_jpg.rf.037c392c44c63cb0d30ca63378368aed.jpg,416,416,17,214,236,233,252
2046_jpg.rf.037c392c44c63cb0d30ca63378368aed.jpg,416,416,16,214,249,233,264
2046_jpg.rf.037c392c44c63cb0d30ca63378368aed.jpg,416,416,15,214,260,232,276
2046_jpg.rf.037c392c44c63cb0d30ca63378368aed.jpg,416,416,14,214,273,232,288
2046_jpg.rf.037c392c44c63cb0d30ca63378368aed.jpg,416,416,13,214,285,232,301
2046_jpg.rf.037c392c44c63cb0d30ca63378368aed.jpg,416,416,12,215,298,233,314
2046_jpg.rf.037c392c44c63cb0d30ca63378368aed.jpg,416,416,11,214,309,233,326
800_jpg.rf.0224307d91bc70bb25715c0f854c1d62.jpg,416,416,2,155,132,183,159
800_jpg.rf.0224307d91bc70bb25715c0f854c1d62.jpg,416,416,2,186,126,218,169
800_jpg.rf.0224307d91bc70bb25715c0f854c1d62.jpg,416,416,1,185,176,217,220
800_jpg.rf.0224307d91bc70bb25715c0f854c1d62.jpg,416,416,3,155,80,185,111
800_jpg.rf.0224307d91bc70bb25715c0f854c1d62.jpg,416,416,3,187,74,219,119
1886_jpg.rf.066382f6608e8392addfcb9b7f29ccdd.jpg,416,416,12,114,46,179,87
1886_jpg.rf.066382f6608e8392addfcb9b7f29ccdd.jpg,416,416,9,116,86,180,128
1886_jpg.rf.066382f6608e8392addfcb9b7f29ccdd.jpg,416,416,14,186,46,251,87
1886_jpg.rf.066382f6608e8392addfcb9b7f29ccdd.jpg,416,416,10,185,87,250,127
1886_jpg.rf.066382f6608e8392addfcb9b7f29ccdd.jpg,416,416,11,254,89,321,129
1886_jpg.rf.066382f6608e8392addfcb9b7f29ccdd.jpg,416,416,6,120,150,180,192
1886_jpg.rf.066382f6608e8392addfcb9b7f29ccdd.jpg,416,416,7,185,154,247,194
1886_jpg.rf.066382f6608e8392addfcb9b7f29ccdd.jpg,416,416,8,251,153,314,194
1886_jpg.rf.066382f6608e8392addfcb9b7f29ccdd.jpg,416,416,3,120,191,180,230
1886_jpg.rf.066382f6608e8392addfcb9b7f29ccdd.jpg,416,416,4,185,194,247,232
1886_jpg.rf.066382f6608e8392addfcb9b7f29ccdd.jpg,416,416,1,184,230,246,268
1886_jpg.rf.066382f6608e8392addfcb9b7f29ccdd.jpg,416,416,2,251,231,312,266
1886_jpg.rf.066382f6608e8392addfcb9b7f29ccdd.jpg,416,416,5,251,193,313,231
399_jpg.rf.08911b9f53b82aaeb44a9e4d8221ce7a.jpg,416,416,1,152,154,198,233
399_jpg.rf.08911b9f53b82aaeb44a9e4d8221ce7a.jpg,416,416,2,202,150,234,214
570_jpg.rf.04d1f4d89b57f4bf00ee83586405a4cb.jpg,416,416,3,170,79,213,131
570_jpg.rf.04d1f4d89b57f4bf00ee83586405a4cb.jpg,416,416,4,244,69,291,127
570_jpg.rf.04d1f4d89b57f4bf00ee83586405a4cb.jpg,416,416,1,174,140,217,192
570_jpg.rf.04d1f4d89b57f4bf00ee83586405a4cb.jpg,416,416,2,244,132,287,185
570_jpg.rf.04d1f4d89b57f4bf00ee83586405a4cb.jpg,416,416,B,178,198,218,241
570_jpg.rf.04d1f4d89b57f4bf00ee83586405a4cb.jpg,416,416,G,245,190,286,236
1943_jpg.rf.04617f80f5009d1119db686eb3964fdd.jpg,416,416,0,287,204,339,268
1943_jpg.rf.04617f80f5009d1119db686eb3964fdd.jpg,416,416,1,288,159,341,223
1882_jpg.rf.091f5ac89f10c0fdfe78ce312d685ee7.jpg,416,416,3,198,42,244,105
1882_jpg.rf.091f5ac89f10c0fdfe78ce312d685ee7.jpg,416,416,2,198,110,243,171
1882_jpg.rf.091f5ac89f10c0fdfe78ce312d685ee7.jpg,416,416,1,199,176,241,232
1882_jpg.rf.091f5ac89f10c0fdfe78ce312d685ee7.jpg,416,416,G,199,236,240,290
1559_jpg.rf.0746c8023fcca17122dcda3196ff8dc5.jpg,416,416,6,160,0,221,74
1559_jpg.rf.0746c8023fcca17122dcda3196ff8dc5.jpg,416,416,5,181,82,230,145
1559_jpg.rf.0746c8023fcca17122dcda3196ff8dc5.jpg,416,416,4,195,158,240,214
1559_jpg.rf.0746c8023fcca17122dcda3196ff8dc5.jpg,416,416,3,208,226,250,276
382_jpg.rf.095f9d26cbf3f56b740eb977fa807b27.jpg,416,416,5,192,347,211,376
382_jpg.rf.095f9d26cbf3f56b740eb977fa807b27.jpg,416,416,4,193,378,211,406
1030_jpg.rf.089ea552c2164335bb8d3434a7538445.jpg,416,416,7,173,149,193,183
1030_jpg.rf.089ea552c2164335bb8d3434a7538445.jpg,416,416,15,200,147,219,182
1030_jpg.rf.089ea552c2164335bb8d3434a7538445.jpg,416,416,6,173,193,194,230
1030_jpg.rf.089ea552c2164335bb8d3434a7538445.jpg,416,416,14,201,192,221,228
1030_jpg.rf.089ea552c2164335bb8d3434a7538445.jpg,416,416,5,175,239,196,276
1030_jpg.rf.089ea552c2164335bb8d3434a7538445.jpg,416,416,12,202,236,222,272
1030_jpg.rf.089ea552c2164335bb8d3434a7538445.jpg,416,416,4,176,285,196,324
1030_jpg.rf.089ea552c2164335bb8d3434a7538445.jpg,416,416,11,203,279,223,317
1030_jpg.rf.089ea552c2164335bb8d3434a7538445.jpg,416,416,3,178,331,198,370
1030_jpg.rf.089ea552c2164335bb8d3434a7538445.jpg,416,416,10,204,325,224,363
1030_jpg.rf.089ea552c2164335bb8d3434a7538445.jpg,416,416,2,179,376,199,415
1030_jpg.rf.089ea552c2164335bb8d3434a7538445.jpg,416,416,9,206,369,226,409
142_jpg.rf.073b61e3e56e5609a804cde37f769635.jpg,416,416,5,165,14,228,64
142_jpg.rf.073b61e3e56e5609a804cde37f769635.jpg,416,416,4,164,67,229,122
142_jpg.rf.073b61e3e56e5609a804cde37f769635.jpg,416,416,3,164,119,227,172
142_jpg.rf.073b61e3e56e5609a804cde37f769635.jpg,416,416,2,165,170,226,221
142_jpg.rf.073b61e3e56e5609a804cde37f769635.jpg,416,416,1,166,218,222,266
142_jpg.rf.073b61e3e56e5609a804cde37f769635.jpg,416,416,0,165,262,223,308
1953_jpg.rf.07fb4701b27d4d72ba28c4f3e5d2caa4.jpg,416,416,2,103,40,171,125
1953_jpg.rf.07fb4701b27d4d72ba28c4f3e5d2caa4.jpg,416,416,1,199,149,269,229
531_jpg.rf.09553592a4f73b0911b3080203724a3e.jpg,416,416,8,193,68,225,127
531_jpg.rf.09553592a4f73b0911b3080203724a3e.jpg,416,416,6,175,145,206,197
531_jpg.rf.09553592a4f73b0911b3080203724a3e.jpg,416,416,7,224,128,256,184
531_jpg.rf.09553592a4f73b0911b3080203724a3e.jpg,416,416,4,181,203,212,259
531_jpg.rf.09553592a4f73b0911b3080203724a3e.jpg,416,416,5,229,193,259,245
531_jpg.rf.09553592a4f73b0911b3080203724a3e.jpg,416,416,2,186,265,217,318
531_jpg.rf.09553592a4f73b0911b3080203724a3e.jpg,416,416,3,235,253,264,303
531_jpg.rf.09553592a4f73b0911b3080203724a3e.jpg,416,416,1,240,309,268,358
924_jpg.rf.08836ff430c8efcbdec47e92cfd43e42.jpg,416,416,G,58,203,101,276
924_jpg.rf.08836ff430c8efcbdec47e92cfd43e42.jpg,416,416,1,110,200,149,274
924_jpg.rf.08836ff430c8efcbdec47e92cfd43e42.jpg,416,416,2,160,202,198,270
924_jpg.rf.08836ff430c8efcbdec47e92cfd43e42.jpg,416,416,3,205,200,244,270
924_jpg.rf.08836ff430c8efcbdec47e92cfd43e42.jpg,416,416,4,252,198,291,268
924_jpg.rf.08836ff430c8efcbdec47e92cfd43e42.jpg,416,416,5,299,199,334,263
924_jpg.rf.08836ff430c8efcbdec47e92cfd43e42.jpg,416,416,6,343,198,378,262
756_jpg.rf.0546868ba4ad6ad7b499e68c6830d391.jpg,416,416,5,224,16,284,98
756_jpg.rf.0546868ba4ad6ad7b499e68c6830d391.jpg,416,416,4,224,105,280,179
756_jpg.rf.0546868ba4ad6ad7b499e68c6830d391.jpg,416,416,3,225,185,277,255
756_jpg.rf.0546868ba4ad6ad7b499e68c6830d391.jpg,416,416,2,153,107,207,179
756_jpg.rf.0546868ba4ad6ad7b499e68c6830d391.jpg,416,416,1,158,185,208,250
756_jpg.rf.0546868ba4ad6ad7b499e68c6830d391.jpg,416,416,B,161,255,210,317
1932_jpg.rf.0998ba842379c5a4678f6e757901eba4.jpg,416,416,19,206,285,219,294
1932_jpg.rf.0998ba842379c5a4678f6e757901eba4.jpg,416,416,21,206,273,219,283
1932_jpg.rf.0998ba842379c5a4678f6e757901eba4.jpg,416,416,23,206,263,219,272
1932_jpg.rf.0998ba842379c5a4678f6e757901eba4.jpg,416,416,20,167,273,180,283
1932_jpg.rf.0998ba842379c5a4678f6e757901eba4.jpg,416,416,22,167,262,180,272
1932_jpg.rf.0998ba842379c5a4678f6e757901eba4.jpg,416,416,12,187,184,202,196
1932_jpg.rf.0998ba842379c5a4678f6e757901eba4.jpg,416,416,U,158,158,172,169
1932_jpg.rf.0998ba842379c5a4678f6e757901eba4.jpg,416,416,D,217,158,232,170
845_jpg.rf.0944b311e4e0b9faf45a340be259aab9.jpg,416,416,4,144,109,225,158
845_jpg.rf.0944b311e4e0b9faf45a340be259aab9.jpg,416,416,3,140,189,218,230
845_jpg.rf.0944b311e4e0b9faf45a340be259aab9.jpg,416,416,2,142,257,210,292
845_jpg.rf.0944b311e4e0b9faf45a340be259aab9.jpg,416,416,1,142,313,204,347
1375_jpg.rf.09b9db0b8be43c3ef06db17683b9f637.jpg,416,416,7,201,22,253,58
1375_jpg.rf.09b9db0b8be43c3ef06db17683b9f637.jpg,416,416,6,202,66,252,102
1375_jpg.rf.09b9db0b8be43c3ef06db17683b9f637.jpg,416,416,7,143,14,196,55
1375_jpg.rf.09b9db0b8be43c3ef06db17683b9f637.jpg,416,416,6,146,65,199,103
1375_jpg.rf.09b9db0b8be43c3ef06db17683b9f637.jpg,416,416,5,146,111,199,146
1375_jpg.rf.09b9db0b8be43c3ef06db17683b9f637.jpg,416,416,4,148,154,200,188
1375_jpg.rf.09b9db0b8be43c3ef06db17683b9f637.jpg,416,416,3,150,196,202,230
1375_jpg.rf.09b9db0b8be43c3ef06db17683b9f637.jpg,416,416,2,152,237,202,270
1375_jpg.rf.09b9db0b8be43c3ef06db17683b9f637.jpg,416,416,1,152,275,204,310
1375_jpg.rf.09b9db0b8be43c3ef06db17683b9f637.jpg,416,416,3,204,194,256,226
1375_jpg.rf.09b9db0b8be43c3ef06db17683b9f637.jpg,416,416,2,206,233,253,266
1375_jpg.rf.09b9db0b8be43c3ef06db17683b9f637.jpg,416,416,1,206,271,254,305
967_jpg.rf.09cd3dae5d0efa2c61bdca23effdeaab.jpg,416,416,2,173,4,253,112
967_jpg.rf.09cd3dae5d0efa2c61bdca23effdeaab.jpg,416,416,1,175,125,253,230
1462_jpg.rf.0a2faba50a21323b48026c1779d68990.jpg,416,416,1,144,135,191,206
1462_jpg.rf.0a2faba50a21323b48026c1779d68990.jpg,416,416,G,143,252,188,318
945_jpg.rf.0a49c9ce4049883b6d836ab8efbb56b5.jpg,416,416,B,148,229,178,289
945_jpg.rf.0a49c9ce4049883b6d836ab8efbb56b5.jpg,416,416,G,185,227,215,288
945_jpg.rf.0a49c9ce4049883b6d836ab8efbb56b5.jpg,416,416,1,222,223,252,283
931_jpg.rf.0a9ba050b9dc69f48c920946d3f9f54e.jpg,416,416,22,96,72,128,124
931_jpg.rf.0a9ba050b9dc69f48c920946d3f9f54e.jpg,416,416,23,140,72,172,124
931_jpg.rf.0a9ba050b9dc69f48c920946d3f9f54e.jpg,416,416,21,222,140,248,182
931_jpg.rf.0a9ba050b9dc69f48c920946d3f9f54e.jpg,416,416,20,184,141,210,183
931_jpg.rf.0a9ba050b9dc69f48c920946d3f9f54e.jpg,416,416,19,145,142,171,184
931_jpg.rf.0a9ba050b9dc69f48c920946d3f9f54e.jpg,416,416,18,104,142,129,185
931_jpg.rf.0a9ba050b9dc69f48c920946d3f9f54e.jpg,416,416,12,109,201,135,244
931_jpg.rf.0a9ba050b9dc69f48c920946d3f9f54e.jpg,416,416,15,146,199,172,241
931_jpg.rf.0a9ba050b9dc69f48c920946d3f9f54e.jpg,416,416,16,182,195,208,238
931_jpg.rf.0a9ba050b9dc69f48c920946d3f9f54e.jpg,416,416,17,218,194,244,237
931_jpg.rf.0a9ba050b9dc69f48c920946d3f9f54e.jpg,416,416,8,112,253,137,296
931_jpg.rf.0a9ba050b9dc69f48c920946d3f9f54e.jpg,416,416,9,149,250,173,288
931_jpg.rf.0a9ba050b9dc69f48c920946d3f9f54e.jpg,416,416,10,183,249,207,284
931_jpg.rf.0a9ba050b9dc69f48c920946d3f9f54e.jpg,416,416,11,216,246,240,282
931_jpg.rf.0a9ba050b9dc69f48c920946d3f9f54e.jpg,416,416,1,116,301,140,335
931_jpg.rf.0a9ba050b9dc69f48c920946d3f9f54e.jpg,416,416,3,148,298,173,332
931_jpg.rf.0a9ba050b9dc69f48c920946d3f9f54e.jpg,416,416,6,181,294,205,328
931_jpg.rf.0a9ba050b9dc69f48c920946d3f9f54e.jpg,416,416,7,214,291,238,325
1385_jpg.rf.0aeaebe873e0f6c2867fca3b6b064574.jpg,416,416,1,155,111,181,162
1385_jpg.rf.0aeaebe873e0f6c2867fca3b6b064574.jpg,416,416,G,155,209,181,259
160_jpg.rf.0b076e634eb5dd7b8490a3b5bbec182a.jpg,416,416,7,196,104,208,124
160_jpg.rf.0b076e634eb5dd7b8490a3b5bbec182a.jpg,416,416,6,196,131,207,151
160_jpg.rf.0b076e634eb5dd7b8490a3b5bbec182a.jpg,416,416,5,196,158,207,178
160_jpg.rf.0b076e634eb5dd7b8490a3b5bbec182a.jpg,416,416,4,181,131,193,150
160_jpg.rf.0b076e634eb5dd7b8490a3b5bbec182a.jpg,416,416,3,181,157,193,177
160_jpg.rf.0b076e634eb5dd7b8490a3b5bbec182a.jpg,416,416,2,181,185,192,205
160_jpg.rf.0b076e634eb5dd7b8490a3b5bbec182a.jpg,416,416,1,181,212,193,231
1086_jpg.rf.0aab3b20f265d55ba835fbd5e15f6e94.jpg,416,416,5,204,40,223,76
1086_jpg.rf.0aab3b20f265d55ba835fbd5e15f6e94.jpg,416,416,4,204,80,224,114
1086_jpg.rf.0aab3b20f265d55ba835fbd5e15f6e94.jpg,416,416,3,203,118,224,154
1086_jpg.rf.0aab3b20f265d55ba835fbd5e15f6e94.jpg,416,416,2,204,154,224,189
1086_jpg.rf.0aab3b20f265d55ba835fbd5e15f6e94.jpg,416,416,1,204,189,225,224
1194_jpg.rf.0b00bd98458ecd89acc429728cb60860.jpg,416,416,G,176,0,275,88
1344_jpg.rf.0b9c70c45997673a2e218afe3f167c23.jpg,416,416,D,276,175,320,209
1344_jpg.rf.0b9c70c45997673a2e218afe3f167c23.jpg,416,416,2,117,180,164,214
1344_jpg.rf.0b9c70c45997673a2e218afe3f167c23.jpg,416,416,1,274,251,316,284
1344_jpg.rf.0b9c70c45997673a2e218afe3f167c23.jpg,416,416,E,119,258,164,294
1344_jpg.rf.0b9c70c45997673a2e218afe3f167c23.jpg,416,416,K,117,336,162,370
1344_jpg.rf.0b9c70c45997673a2e218afe3f167c23.jpg,416,416,U,270,323,312,357
747_jpg.rf.0aea82e077775a5243bca5ac412b4034.jpg,416,416,4,200,52,255,125
747_jpg.rf.0aea82e077775a5243bca5ac412b4034.jpg,416,416,L,202,133,254,200
747_jpg.rf.0aea82e077775a5243bca5ac412b4034.jpg,416,416,2,201,208,253,270
747_jpg.rf.0aea82e077775a5243bca5ac412b4034.jpg,416,416,1,203,279,252,337
370_jpg.rf.0bd078a566950da1c802a28d985fc7c1.jpg,416,416,5,69,123,136,166
370_jpg.rf.0bd078a566950da1c802a28d985fc7c1.jpg,416,416,10,158,120,218,160
370_jpg.rf.0bd078a566950da1c802a28d985fc7c1.jpg,416,416,15,241,117,295,155
370_jpg.rf.0bd078a566950da1c802a28d985fc7c1.jpg,416,416,20,313,113,367,149
370_jpg.rf.0bd078a566950da1c802a28d985fc7c1.jpg,416,416,4,72,189,136,226
370_jpg.rf.0bd078a566950da1c802a28d985fc7c1.jpg,416,416,9,158,182,219,220
370_jpg.rf.0bd078a566950da1c802a28d985fc7c1.jpg,416,416,14,234,176,292,211
370_jpg.rf.0bd078a566950da1c802a28d985fc7c1.jpg,416,416,19,307,171,359,205
370_jpg.rf.0bd078a566950da1c802a28d985fc7c1.jpg,416,416,18,304,225,352,257
370_jpg.rf.0bd078a566950da1c802a28d985fc7c1.jpg,416,416,17,297,275,344,304
370_jpg.rf.0bd078a566950da1c802a28d985fc7c1.jpg,416,416,2,83,303,139,336
370_jpg.rf.0bd078a566950da1c802a28d985fc7c1.jpg,416,416,7,155,293,216,325
370_jpg.rf.0bd078a566950da1c802a28d985fc7c1.jpg,416,416,12,230,283,282,314
370_jpg.rf.0bd078a566950da1c802a28d985fc7c1.jpg,416,416,13,232,231,289,266
370_jpg.rf.0bd078a566950da1c802a28d985fc7c1.jpg,416,416,8,158,239,214,272
370_jpg.rf.0bd078a566950da1c802a28d985fc7c1.jpg,416,416,3,76,248,137,283
1598_jpg.rf.0baf803f654ee832b2da21ce171523ad.jpg,416,416,3,214,168,257,198
1598_jpg.rf.0baf803f654ee832b2da21ce171523ad.jpg,416,416,2,212,204,254,233
1598_jpg.rf.0baf803f654ee832b2da21ce171523ad.jpg,416,416,1,212,238,250,264
1598_jpg.rf.0baf803f654ee832b2da21ce171523ad.jpg,416,416,G,211,270,248,294
347_jpg.rf.0b2abc654bd81ce11412743b2ca48742.jpg,416,416,1,184,184,209,203
347_jpg.rf.0b2abc654bd81ce11412743b2ca48742.jpg,416,416,G,182,207,208,225
763_jpg.rf.0ccfafcb0d8d7c502ae790a1a11e67de.jpg,416,416,5,144,288,163,301
763_jpg.rf.0ccfafcb0d8d7c502ae790a1a11e67de.jpg,416,416,4,142,301,164,313
763_jpg.rf.0ccfafcb0d8d7c502ae790a1a11e67de.jpg,416,416,3,144,315,163,327
763_jpg.rf.0ccfafcb0d8d7c502ae790a1a11e67de.jpg,416,416,2,142,327,163,340
763_jpg.rf.0ccfafcb0d8d7c502ae790a1a11e67de.jpg,416,416,1,142,340,163,352
155_jpg.rf.0b7429d0ab4f2b6a2bf79b8c20378cf8.jpg,416,416,10,120,212,165,271
155_jpg.rf.0b7429d0ab4f2b6a2bf79b8c20378cf8.jpg,416,416,9,251,313,295,377
155_jpg.rf.0b7429d0ab4f2b6a2bf79b8c20378cf8.jpg,416,416,8,118,313,162,376
1577_jpg.rf.0c1d4989fc1237824989c160f7b0c8ca.jpg,416,416,10,97,33,148,70
1577_jpg.rf.0c1d4989fc1237824989c160f7b0c8ca.jpg,416,416,20,187,36,233,70
1577_jpg.rf.0c1d4989fc1237824989c160f7b0c8ca.jpg,416,416,19,188,68,234,102
1577_jpg.rf.0c1d4989fc1237824989c160f7b0c8ca.jpg,416,416,9,100,71,149,106
1577_jpg.rf.0c1d4989fc1237824989c160f7b0c8ca.jpg,416,416,8,102,106,152,141
1577_jpg.rf.0c1d4989fc1237824989c160f7b0c8ca.jpg,416,416,7,103,141,153,176
1577_jpg.rf.0c1d4989fc1237824989c160f7b0c8ca.jpg,416,416,6,106,177,155,211
1577_jpg.rf.0c1d4989fc1237824989c160f7b0c8ca.jpg,416,416,5,107,212,157,246
1577_jpg.rf.0c1d4989fc1237824989c160f7b0c8ca.jpg,416,416,18,191,105,237,139
1577_jpg.rf.0c1d4989fc1237824989c160f7b0c8ca.jpg,416,416,17,193,139,239,173
1577_jpg.rf.0c1d4989fc1237824989c160f7b0c8ca.jpg,416,416,16,194,173,240,207
1577_jpg.rf.0c1d4989fc1237824989c160f7b0c8ca.jpg,416,416,15,196,206,242,240
1577_jpg.rf.0c1d4989fc1237824989c160f7b0c8ca.jpg,416,416,14,199,240,245,274
1577_jpg.rf.0c1d4989fc1237824989c160f7b0c8ca.jpg,416,416,4,112,247,161,281
1577_jpg.rf.0c1d4989fc1237824989c160f7b0c8ca.jpg,416,416,3,113,282,163,316
1577_jpg.rf.0c1d4989fc1237824989c160f7b0c8ca.jpg,416,416,13,201,274,245,307
1755_jpg.rf.0cd0676749d3841e6707155d1e06c547.jpg,416,416,9,119,0,196,64
1755_jpg.rf.0cd0676749d3841e6707155d1e06c547.jpg,416,416,5,118,98,189,190
1755_jpg.rf.0cd0676749d3841e6707155d1e06c547.jpg,416,416,G,0,92,70,190
591_jpg.rf.0ca364881a1356d44012b0f5c866aec0.jpg,416,416,6,154,212,184,237
591_jpg.rf.0ca364881a1356d44012b0f5c866aec0.jpg,416,416,5,154,238,184,261
591_jpg.rf.0ca364881a1356d44012b0f5c866aec0.jpg,416,416,4,153,264,183,288
591_jpg.rf.0ca364881a1356d44012b0f5c866aec0.jpg,416,416,3,153,290,182,314
591_jpg.rf.0ca364881a1356d44012b0f5c866aec0.jpg,416,416,2,153,318,182,339
591_jpg.rf.0ca364881a1356d44012b0f5c866aec0.jpg,416,416,1,154,343,181,364
591_jpg.rf.0ca364881a1356d44012b0f5c866aec0.jpg,416,416,11,241,210,266,232
591_jpg.rf.0ca364881a1356d44012b0f5c866aec0.jpg,416,416,10,239,235,265,256
591_jpg.rf.0ca364881a1356d44012b0f5c866aec0.jpg,416,416,9,238,260,263,280
591_jpg.rf.0ca364881a1356d44012b0f5c866aec0.jpg,416,416,8,237,284,263,305
591_jpg.rf.0ca364881a1356d44012b0f5c866aec0.jpg,416,416,7,235,308,264,331
457_jpg.rf.0ea068f1cf285ccf123131cb74dea4c4.jpg,416,416,6,207,91,220,112
457_jpg.rf.0ea068f1cf285ccf123131cb74dea4c4.jpg,416,416,5,207,123,220,144
457_jpg.rf.0ea068f1cf285ccf123131cb74dea4c4.jpg,416,416,4,208,154,220,175
457_jpg.rf.0ea068f1cf285ccf123131cb74dea4c4.jpg,416,416,3,208,184,220,205
457_jpg.rf.0ea068f1cf285ccf123131cb74dea4c4.jpg,416,416,2,208,213,220,234
457_jpg.rf.0ea068f1cf285ccf123131cb74dea4c4.jpg,416,416,1,209,244,219,261
1905_jpg.rf.102e1fe6b4c93779cbbe1f192e5a129c.jpg,416,416,1,185,212,202,245
1905_jpg.rf.102e1fe6b4c93779cbbe1f192e5a129c.jpg,416,416,2,204,211,221,244
1905_jpg.rf.102e1fe6b4c93779cbbe1f192e5a129c.jpg,416,416,3,223,207,240,240
1905_jpg.rf.102e1fe6b4c93779cbbe1f192e5a129c.jpg,416,416,4,186,249,203,282
1905_jpg.rf.102e1fe6b4c93779cbbe1f192e5a129c.jpg,416,416,5,203,246,220,279
1905_jpg.rf.102e1fe6b4c93779cbbe1f192e5a129c.jpg,416,416,6,221,244,238,277
1905_jpg.rf.102e1fe6b4c93779cbbe1f192e5a129c.jpg,416,416,7,187,284,203,314
1905_jpg.rf.102e1fe6b4c93779cbbe1f192e5a129c.jpg,416,416,8,204,281,220,311
1905_jpg.rf.102e1fe6b4c93779cbbe1f192e5a129c.jpg,416,416,9,221,278,237,309
1905_jpg.rf.102e1fe6b4c93779cbbe1f192e5a129c.jpg,416,416,-,187,315,203,344
1905_jpg.rf.102e1fe6b4c93779cbbe1f192e5a129c.jpg,416,416,0,204,312,220,341
1905_jpg.rf.102e1fe6b4c93779cbbe1f192e5a129c.jpg,416,416,-,220,310,235,339
1589_jpg.rf.0d56878e4f3c427ac48616dc4cd77478.jpg,416,416,R,170,119,229,162
1589_jpg.rf.0d56878e4f3c427ac48616dc4cd77478.jpg,416,416,3,177,210,233,250
1589_jpg.rf.0d56878e4f3c427ac48616dc4cd77478.jpg,416,416,2,183,253,234,289
1589_jpg.rf.0d56878e4f3c427ac48616dc4cd77478.jpg,416,416,1,185,291,235,327
1238_jpg.rf.0e76fab2172d2ae870290926ba5b03b4.jpg,416,416,24,165,18,193,53
1238_jpg.rf.0e76fab2172d2ae870290926ba5b03b4.jpg,416,416,23,200,63,227,98
1238_jpg.rf.0e76fab2172d2ae870290926ba5b03b4.jpg,416,416,22,166,65,194,100
1238_jpg.rf.0e76fab2172d2ae870290926ba5b03b4.jpg,416,416,21,201,108,228,142
1238_jpg.rf.0e76fab2172d2ae870290926ba5b03b4.jpg,416,416,20,167,111,195,145
1238_jpg.rf.0e76fab2172d2ae870290926ba5b03b4.jpg,416,416,19,202,153,227,184
1238_jpg.rf.0e76fab2172d2ae870290926ba5b03b4.jpg,416,416,18,169,157,195,187
1238_jpg.rf.0e76fab2172d2ae870290926ba5b03b4.jpg,416,416,17,203,195,228,225
1238_jpg.rf.0e76fab2172d2ae870290926ba5b03b4.jpg,416,416,16,170,199,197,231
1238_jpg.rf.0e76fab2172d2ae870290926ba5b03b4.jpg,416,416,15,203,232,229,265
1238_jpg.rf.0e76fab2172d2ae870290926ba5b03b4.jpg,416,416,7,170,238,198,272
1238_jpg.rf.0e76fab2172d2ae870290926ba5b03b4.jpg,416,416,2,203,273,229,305
1238_jpg.rf.0e76fab2172d2ae870290926ba5b03b4.jpg,416,416,G,172,280,199,313
1625_jpg.rf.0d19e9355aee539e3e8efa3988053967.jpg,416,416,9,133,290,185,354
88_jpg.rf.0ef27febb03ef2cd107c18e2a1a2606d.jpg,416,416,28,200,7,215,33
88_jpg.rf.0ef27febb03ef2cd107c18e2a1a2606d.jpg,416,416,27,201,40,215,65
88_jpg.rf.0ef27febb03ef2cd107c18e2a1a2606d.jpg,416,416,26,202,71,216,97
88_jpg.rf.0ef27febb03ef2cd107c18e2a1a2606d.jpg,416,416,25,203,103,217,127
88_jpg.rf.0ef27febb03ef2cd107c18e2a1a2606d.jpg,416,416,24,203,133,217,158
88_jpg.rf.0ef27febb03ef2cd107c18e2a1a2606d.jpg,416,416,23,204,163,218,186
88_jpg.rf.0ef27febb03ef2cd107c18e2a1a2606d.jpg,416,416,22,204,192,218,215
88_jpg.rf.0ef27febb03ef2cd107c18e2a1a2606d.jpg,416,416,21,205,220,219,245
88_jpg.rf.0ef27febb03ef2cd107c18e2a1a2606d.jpg,416,416,20,206,248,219,273
88_jpg.rf.0ef27febb03ef2cd107c18e2a1a2606d.jpg,416,416,19,207,276,220,300
88_jpg.rf.0ef27febb03ef2cd107c18e2a1a2606d.jpg,416,416,18,207,302,220,327
88_jpg.rf.0ef27febb03ef2cd107c18e2a1a2606d.jpg,416,416,17,178,41,193,66
88_jpg.rf.0ef27febb03ef2cd107c18e2a1a2606d.jpg,416,416,16,179,74,194,98
88_jpg.rf.0ef27febb03ef2cd107c18e2a1a2606d.jpg,416,416,15,179,106,194,130
88_jpg.rf.0ef27febb03ef2cd107c18e2a1a2606d.jpg,416,416,14,180,137,195,160
88_jpg.rf.0ef27febb03ef2cd107c18e2a1a2606d.jpg,416,416,12,181,166,196,190
88_jpg.rf.0ef27febb03ef2cd107c18e2a1a2606d.jpg,416,416,11,181,195,196,220
88_jpg.rf.0ef27febb03ef2cd107c18e2a1a2606d.jpg,416,416,9,184,224,197,248
88_jpg.rf.0ef27febb03ef2cd107c18e2a1a2606d.jpg,416,416,7,185,254,198,276
88_jpg.rf.0ef27febb03ef2cd107c18e2a1a2606d.jpg,416,416,5,185,281,198,305
88_jpg.rf.0ef27febb03ef2cd107c18e2a1a2606d.jpg,416,416,3,186,308,199,332
88_jpg.rf.0ef27febb03ef2cd107c18e2a1a2606d.jpg,416,416,G,186,335,200,359
1920_jpg.rf.0f78fc743fbd2f59c3f296ea9f01b6ff.jpg,416,416,U,152,181,223,243
1920_jpg.rf.0f78fc743fbd2f59c3f296ea9f01b6ff.jpg,416,416,1,142,141,213,204
1920_jpg.rf.0f78fc743fbd2f59c3f296ea9f01b6ff.jpg,416,416,2,131,102,197,168
1920_jpg.rf.0f78fc743fbd2f59c3f296ea9f01b6ff.jpg,416,416,3,121,66,184,135
1920_jpg.rf.0f78fc743fbd2f59c3f296ea9f01b6ff.jpg,416,416,4,112,29,171,100
1789_jpg.rf.0ce107a03f0cb97a151905e24d72f3a1.jpg,416,416,1,130,292,205,345
1789_jpg.rf.0ce107a03f0cb97a151905e24d72f3a1.jpg,416,416,2,192,287,257,337
1789_jpg.rf.0ce107a03f0cb97a151905e24d72f3a1.jpg,416,416,0,129,322,258,389
1763_jpg.rf.0cbd368f9a122e083c86db433a18bfe3.jpg,416,416,2,139,46,236,134
1763_jpg.rf.0cbd368f9a122e083c86db433a18bfe3.jpg,416,416,1,137,157,233,243
1763_jpg.rf.0cbd368f9a122e083c86db433a18bfe3.jpg,416,416,G,135,266,232,352
319_jpg.rf.0f3159615ee504b4c0893c04d7f1d897.jpg,416,416,5,169,40,196,106
319_jpg.rf.0f3159615ee504b4c0893c04d7f1d897.jpg,416,416,10,215,54,236,114
319_jpg.rf.0f3159615ee504b4c0893c04d7f1d897.jpg,416,416,4,167,121,194,179
319_jpg.rf.0f3159615ee504b4c0893c04d7f1d897.jpg,416,416,9,213,129,235,181
319_jpg.rf.0f3159615ee504b4c0893c04d7f1d897.jpg,416,416,3,166,200,193,258
319_jpg.rf.0f3159615ee504b4c0893c04d7f1d897.jpg,416,416,8,212,199,233,249
319_jpg.rf.0f3159615ee504b4c0893c04d7f1d897.jpg,416,416,2,164,276,191,334
319_jpg.rf.0f3159615ee504b4c0893c04d7f1d897.jpg,416,416,7,209,266,231,319
319_jpg.rf.0f3159615ee504b4c0893c04d7f1d897.jpg,416,416,1,164,349,190,411
319_jpg.rf.0f3159615ee504b4c0893c04d7f1d897.jpg,416,416,6,208,333,229,391
999_jpg.rf.0f6430163f9419db0b89203cbd837c4d.jpg,416,416,3,11,7,155,104
999_jpg.rf.0f6430163f9419db0b89203cbd837c4d.jpg,416,416,2,11,111,155,211
999_jpg.rf.0f6430163f9419db0b89203cbd837c4d.jpg,416,416,3,218,5,406,106
999_jpg.rf.0f6430163f9419db0b89203cbd837c4d.jpg,416,416,2,218,107,403,206
999_jpg.rf.0f6430163f9419db0b89203cbd837c4d.jpg,416,416,1,217,208,403,305
999_jpg.rf.0f6430163f9419db0b89203cbd837c4d.jpg,416,416,0,218,307,403,406
186_jpg.rf.1125be1159f9a3815340fb8f774fa530.jpg,416,416,2,223,140,261,177
755_jpg.rf.1177b992d5e2fe6381f46ab836ce43ac.jpg,416,416,4,208,202,230,248
755_jpg.rf.1177b992d5e2fe6381f46ab836ce43ac.jpg,416,416,1,209,250,233,292
755_jpg.rf.1177b992d5e2fe6381f46ab836ce43ac.jpg,416,416,2,236,245,258,287
755_jpg.rf.1177b992d5e2fe6381f46ab836ce43ac.jpg,416,416,3,263,239,283,280
1386_jpg.rf.0f77d37514672f9e969437b12873500f.jpg,416,416,1,163,159,182,191
1386_jpg.rf.0f77d37514672f9e969437b12873500f.jpg,416,416,2,182,159,202,191
1386_jpg.rf.0f77d37514672f9e969437b12873500f.jpg,416,416,3,202,159,221,190
1386_jpg.rf.0f77d37514672f9e969437b12873500f.jpg,416,416,4,163,190,182,222
1386_jpg.rf.0f77d37514672f9e969437b12873500f.jpg,416,416,5,182,190,202,221
1386_jpg.rf.0f77d37514672f9e969437b12873500f.jpg,416,416,6,201,191,221,221
1386_jpg.rf.0f77d37514672f9e969437b12873500f.jpg,416,416,7,162,226,182,253
1386_jpg.rf.0f77d37514672f9e969437b12873500f.jpg,416,416,8,182,226,200,253
1386_jpg.rf.0f77d37514672f9e969437b12873500f.jpg,416,416,9,200,226,219,254
1386_jpg.rf.0f77d37514672f9e969437b12873500f.jpg,416,416,0,182,253,200,283
330_jpg.rf.0fdccdfb70d06a81329557f297b4899c.jpg,416,416,6,129,75,191,152
330_jpg.rf.0fdccdfb70d06a81329557f297b4899c.jpg,416,416,5,213,112,258,177
330_jpg.rf.0fdccdfb70d06a81329557f297b4899c.jpg,416,416,4,139,147,197,220
330_jpg.rf.0fdccdfb70d06a81329557f297b4899c.jpg,416,416,3,217,172,260,236
330_jpg.rf.0fdccdfb70d06a81329557f297b4899c.jpg,416,416,2,148,211,202,284
330_jpg.rf.0fdccdfb70d06a81329557f297b4899c.jpg,416,416,1,220,224,261,287
330_jpg.rf.0fdccdfb70d06a81329557f297b4899c.jpg,416,416,G,224,273,261,330
1928_jpg.rf.0fdfcd2ab0c502c68eaa8c48b9c10e88.jpg,416,416,1,206,230,230,264
1928_jpg.rf.0fdfcd2ab0c502c68eaa8c48b9c10e88.jpg,416,416,2,206,195,231,228
898_jpg.rf.103bd6ef7c2ef4f14093f118b0c305da.jpg,416,416,12,159,100,187,126
898_jpg.rf.103bd6ef7c2ef4f14093f118b0c305da.jpg,416,416,14,191,100,217,128
898_jpg.rf.103bd6ef7c2ef4f14093f118b0c305da.jpg,416,416,11,191,124,217,151
898_jpg.rf.103bd6ef7c2ef4f14093f118b0c305da.jpg,416,416,9,192,147,218,174
898_jpg.rf.103bd6ef7c2ef4f14093f118b0c305da.jpg,416,416,10,159,125,187,151
898_jpg.rf.103bd6ef7c2ef4f14093f118b0c305da.jpg,416,416,8,159,148,187,173
898_jpg.rf.103bd6ef7c2ef4f14093f118b0c305da.jpg,416,416,6,160,171,187,199
898_jpg.rf.103bd6ef7c2ef4f14093f118b0c305da.jpg,416,416,4,160,195,187,223
898_jpg.rf.103bd6ef7c2ef4f14093f118b0c305da.jpg,416,416,2,161,220,188,247
898_jpg.rf.103bd6ef7c2ef4f14093f118b0c305da.jpg,416,416,5,192,192,218,220
898_jpg.rf.103bd6ef7c2ef4f14093f118b0c305da.jpg,416,416,3,192,216,218,244
898_jpg.rf.103bd6ef7c2ef4f14093f118b0c305da.jpg,416,416,G,192,239,218,267
001_jpg.rf.0f67dbab3fa97b88a96e338e630f678c.jpg,416,416,2,173,93,192,120
001_jpg.rf.0f67dbab3fa97b88a96e338e630f678c.jpg,416,416,3,225,92,245,120
001_jpg.rf.0f67dbab3fa97b88a96e338e630f678c.jpg,416,416,B,173,202,192,231
001_jpg.rf.0f67dbab3fa97b88a96e338e630f678c.jpg,416,416,M,226,203,245,231
492_jpg.rf.0f72df5f80dfe3c502a10dd8f3ebfbc1.jpg,416,416,2,238,65,275,109
492_jpg.rf.0f72df5f80dfe3c502a10dd8f3ebfbc1.jpg,416,416,1,238,121,275,165
492_jpg.rf.0f72df5f80dfe3c502a10dd8f3ebfbc1.jpg,416,416,G,238,169,275,213
1590_jpg.rf.125da0da0037074e7ef2f344b7eba335.jpg,416,416,5,268,76,333,120
1590_jpg.rf.125da0da0037074e7ef2f344b7eba335.jpg,416,416,3,265,130,328,172
1590_jpg.rf.125da0da0037074e7ef2f344b7eba335.jpg,416,416,2,166,182,229,223
1590_jpg.rf.125da0da0037074e7ef2f344b7eba335.jpg,416,416,1,167,230,226,267
2088_jpg.rf.0dfe7eece84d34409bf79a38d44cc181.jpg,416,416,9,99,83,131,106
2088_jpg.rf.0dfe7eece84d34409bf79a38d44cc181.jpg,416,416,10,161,82,194,107
2088_jpg.rf.0dfe7eece84d34409bf79a38d44cc181.jpg,416,416,11,226,83,258,108
2088_jpg.rf.0dfe7eece84d34409bf79a38d44cc181.jpg,416,416,6,106,121,138,143
2088_jpg.rf.0dfe7eece84d34409bf79a38d44cc181.jpg,416,416,7,166,121,196,144
2088_jpg.rf.0dfe7eece84d34409bf79a38d44cc181.jpg,416,416,8,225,122,254,144
2088_jpg.rf.0dfe7eece84d34409bf79a38d44cc181.jpg,416,416,3,116,155,144,174
2088_jpg.rf.0dfe7eece84d34409bf79a38d44cc181.jpg,416,416,4,169,155,198,175
2088_jpg.rf.0dfe7eece84d34409bf79a38d44cc181.jpg,416,416,5,225,156,252,177
2088_jpg.rf.0dfe7eece84d34409bf79a38d44cc181.jpg,416,416,G,122,183,151,201
2088_jpg.rf.0dfe7eece84d34409bf79a38d44cc181.jpg,416,416,1,174,185,200,202
2088_jpg.rf.0dfe7eece84d34409bf79a38d44cc181.jpg,416,416,2,224,187,251,204
2085_jpg.rf.11ec1c8e2e206bdafcbff9f0ef784990.jpg,416,416,4,199,161,224,180
2085_jpg.rf.11ec1c8e2e206bdafcbff9f0ef784990.jpg,416,416,3,148,162,173,181
2085_jpg.rf.11ec1c8e2e206bdafcbff9f0ef784990.jpg,416,416,2,201,195,224,212
2085_jpg.rf.11ec1c8e2e206bdafcbff9f0ef784990.jpg,416,416,1,150,196,174,213
326_jpg.rf.14a657306aa9182273df6c3c4e33df8f.jpg,416,416,7,218,331,234,357
326_jpg.rf.14a657306aa9182273df6c3c4e33df8f.jpg,416,416,8,218,304,231,330
326_jpg.rf.14a657306aa9182273df6c3c4e33df8f.jpg,416,416,9,216,276,232,302
326_jpg.rf.14a657306aa9182273df6c3c4e33df8f.jpg,416,416,10,216,248,231,274
326_jpg.rf.14a657306aa9182273df6c3c4e33df8f.jpg,416,416,11,216,220,230,245
326_jpg.rf.14a657306aa9182273df6c3c4e33df8f.jpg,416,416,12,214,192,228,218
326_jpg.rf.14a657306aa9182273df6c3c4e33df8f.jpg,416,416,14,213,165,227,191
326_jpg.rf.14a657306aa9182273df6c3c4e33df8f.jpg,416,416,15,213,137,227,164
326_jpg.rf.14a657306aa9182273df6c3c4e33df8f.jpg,416,416,6,195,138,209,164
326_jpg.rf.14a657306aa9182273df6c3c4e33df8f.jpg,416,416,5,197,166,212,192
326_jpg.rf.14a657306aa9182273df6c3c4e33df8f.jpg,416,416,4,197,194,211,219
326_jpg.rf.14a657306aa9182273df6c3c4e33df8f.jpg,416,416,3,198,221,213,248
326_jpg.rf.14a657306aa9182273df6c3c4e33df8f.jpg,416,416,2,200,250,214,277
326_jpg.rf.14a657306aa9182273df6c3c4e33df8f.jpg,416,416,G,200,277,215,304
326_jpg.rf.14a657306aa9182273df6c3c4e33df8f.jpg,416,416,L,202,305,217,333
351_jpg.rf.0f851eab6ddb2fa6ccbc8c1250db7407.jpg,416,416,25,70,63,112,140
351_jpg.rf.0f851eab6ddb2fa6ccbc8c1250db7407.jpg,416,416,22,75,172,117,238
351_jpg.rf.0f851eab6ddb2fa6ccbc8c1250db7407.jpg,416,416,19,83,268,122,332
351_jpg.rf.0f851eab6ddb2fa6ccbc8c1250db7407.jpg,416,416,16,88,357,127,414
351_jpg.rf.0f851eab6ddb2fa6ccbc8c1250db7407.jpg,416,416,26,158,66,201,140
351_jpg.rf.0f851eab6ddb2fa6ccbc8c1250db7407.jpg,416,416,23,161,177,201,245
351_jpg.rf.0f851eab6ddb2fa6ccbc8c1250db7407.jpg,416,416,20,162,273,202,332
351_jpg.rf.0f851eab6ddb2fa6ccbc8c1250db7407.jpg,416,416,17,163,360,201,414
351_jpg.rf.0f851eab6ddb2fa6ccbc8c1250db7407.jpg,416,416,18,240,368,279,415
351_jpg.rf.0f851eab6ddb2fa6ccbc8c1250db7407.jpg,416,416,21,242,280,284,341
351_jpg.rf.0f851eab6ddb2fa6ccbc8c1250db7407.jpg,416,416,24,247,180,285,246
351_jpg.rf.0f851eab6ddb2fa6ccbc8c1250db7407.jpg,416,416,27,248,68,291,146
351_jpg.rf.0f851eab6ddb2fa6ccbc8c1250db7407.jpg,416,416,25,112,67,154,141
351_jpg.rf.0f851eab6ddb2fa6ccbc8c1250db7407.jpg,416,416,26,202,68,245,143
351_jpg.rf.0f851eab6ddb2fa6ccbc8c1250db7407.jpg,416,416,27,292,74,335,152
351_jpg.rf.0f851eab6ddb2fa6ccbc8c1250db7407.jpg,416,416,24,289,186,327,252
351_jpg.rf.0f851eab6ddb2fa6ccbc8c1250db7407.jpg,416,416,23,203,179,243,247
351_jpg.rf.0f851eab6ddb2fa6ccbc8c1250db7407.jpg,416,416,20,201,279,241,342
351_jpg.rf.0f851eab6ddb2fa6ccbc8c1250db7407.jpg,416,416,21,282,285,322,349
351_jpg.rf.0f851eab6ddb2fa6ccbc8c1250db7407.jpg,416,416,22,116,176,157,242
351_jpg.rf.0f851eab6ddb2fa6ccbc8c1250db7407.jpg,416,416,19,119,272,161,338
351_jpg.rf.0f851eab6ddb2fa6ccbc8c1250db7407.jpg,416,416,16,127,361,166,415
351_jpg.rf.0f851eab6ddb2fa6ccbc8c1250db7407.jpg,416,416,17,202,365,240,415
1862_jpg.rf.12311f2b7342305f87c0b17af3d229c1.jpg,416,416,8,123,36,154,91
1862_jpg.rf.12311f2b7342305f87c0b17af3d229c1.jpg,416,416,9,196,28,227,87
1862_jpg.rf.12311f2b7342305f87c0b17af3d229c1.jpg,416,416,6,124,119,153,173
1862_jpg.rf.12311f2b7342305f87c0b17af3d229c1.jpg,416,416,7,196,114,228,172
1862_jpg.rf.12311f2b7342305f87c0b17af3d229c1.jpg,416,416,5,197,200,227,256
1862_jpg.rf.12311f2b7342305f87c0b17af3d229c1.jpg,416,416,4,125,203,153,257
1862_jpg.rf.12311f2b7342305f87c0b17af3d229c1.jpg,416,416,G,127,283,154,336
1862_jpg.rf.12311f2b7342305f87c0b17af3d229c1.jpg,416,416,3,198,285,227,340
1898_jpg.rf.14af65136f02b36fe694cc8512fe2e65.jpg,416,416,27,35,101,66,155
1898_jpg.rf.14af65136f02b36fe694cc8512fe2e65.jpg,416,416,28,70,101,101,157
1898_jpg.rf.14af65136f02b36fe694cc8512fe2e65.jpg,416,416,29,106,105,137,160
1898_jpg.rf.14af65136f02b36fe694cc8512fe2e65.jpg,416,416,30,145,109,177,166
1898_jpg.rf.14af65136f02b36fe694cc8512fe2e65.jpg,416,416,31,186,111,220,173
1898_jpg.rf.14af65136f02b36fe694cc8512fe2e65.jpg,416,416,32,230,114,265,175
1898_jpg.rf.14af65136f02b36fe694cc8512fe2e65.jpg,416,416,33,277,115,315,182
1898_jpg.rf.14af65136f02b36fe694cc8512fe2e65.jpg,416,416,19,35,172,63,221
1898_jpg.rf.14af65136f02b36fe694cc8512fe2e65.jpg,416,416,20,66,179,94,227
1898_jpg.rf.14af65136f02b36fe694cc8512fe2e65.jpg,416,416,21,99,183,127,232
1898_jpg.rf.14af65136f02b36fe694cc8512fe2e65.jpg,416,416,22,133,188,163,238
1898_jpg.rf.14af65136f02b36fe694cc8512fe2e65.jpg,416,416,23,170,194,202,246
1898_jpg.rf.14af65136f02b36fe694cc8512fe2e65.jpg,416,416,24,209,199,243,252
1898_jpg.rf.14af65136f02b36fe694cc8512fe2e65.jpg,416,416,25,251,204,286,260
1898_jpg.rf.14af65136f02b36fe694cc8512fe2e65.jpg,416,416,26,296,209,332,265
1898_jpg.rf.14af65136f02b36fe694cc8512fe2e65.jpg,416,416,6,213,272,244,318
1898_jpg.rf.14af65136f02b36fe694cc8512fe2e65.jpg,416,416,15,251,279,282,328
1898_jpg.rf.14af65136f02b36fe694cc8512fe2e65.jpg,416,416,18,291,288,326,335
2061_jpg.rf.119012dd74562cbd7a2d8e36c4be08a7.jpg,416,416,4,217,186,228,198
2061_jpg.rf.119012dd74562cbd7a2d8e36c4be08a7.jpg,416,416,3,216,199,227,211
2061_jpg.rf.119012dd74562cbd7a2d8e36c4be08a7.jpg,416,416,2,215,212,227,224
2061_jpg.rf.119012dd74562cbd7a2d8e36c4be08a7.jpg,416,416,1,195,215,208,228
1274_jpg.rf.10f77a01bb84b509ca506e4e5ebc8069.jpg,416,416,9,202,83,214,106
1274_jpg.rf.10f77a01bb84b509ca506e4e5ebc8069.jpg,416,416,8,225,122,237,143
1274_jpg.rf.10f77a01bb84b509ca506e4e5ebc8069.jpg,416,416,7,202,123,214,145
1274_jpg.rf.10f77a01bb84b509ca506e4e5ebc8069.jpg,416,416,6,225,161,237,182
1274_jpg.rf.10f77a01bb84b509ca506e4e5ebc8069.jpg,416,416,5,203,162,214,183
1274_jpg.rf.10f77a01bb84b509ca506e4e5ebc8069.jpg,416,416,4,226,199,237,219
1274_jpg.rf.10f77a01bb84b509ca506e4e5ebc8069.jpg,416,416,3,203,200,215,221
1274_jpg.rf.10f77a01bb84b509ca506e4e5ebc8069.jpg,416,416,2,226,235,237,255
1274_jpg.rf.10f77a01bb84b509ca506e4e5ebc8069.jpg,416,416,1,203,237,215,259
1987_jpg.rf.11a244eb490e2437c35c2f0702d5b731.jpg,416,416,G,77,216,121,260
1987_jpg.rf.11a244eb490e2437c35c2f0702d5b731.jpg,416,416,3,152,202,193,252
1987_jpg.rf.11a244eb490e2437c35c2f0702d5b731.jpg,416,416,4,157,131,198,184
1987_jpg.rf.11a244eb490e2437c35c2f0702d5b731.jpg,416,416,1,78,135,121,191
1987_jpg.rf.11a244eb490e2437c35c2f0702d5b731.jpg,416,416,2,77,51,125,109
1987_jpg.rf.11a244eb490e2437c35c2f0702d5b731.jpg,416,416,5,160,51,206,108
779_jpg.rf.1197bc5b10c22527764ce2001aa5a78f.jpg,416,416,2,263,397,278,411
1437_jpg.rf.12c5fbb44f25430c4678b73ab86833ee.jpg,416,416,35,183,304,197,330
1437_jpg.rf.12c5fbb44f25430c4678b73ab86833ee.jpg,416,416,32,182,334,197,360
1437_jpg.rf.12c5fbb44f25430c4678b73ab86833ee.jpg,416,416,29,182,363,196,390
1437_jpg.rf.12c5fbb44f25430c4678b73ab86833ee.jpg,416,416,26,181,394,196,416
1437_jpg.rf.12c5fbb44f25430c4678b73ab86833ee.jpg,416,416,27,213,395,226,416
1437_jpg.rf.12c5fbb44f25430c4678b73ab86833ee.jpg,416,416,28,244,396,259,415
1437_jpg.rf.12c5fbb44f25430c4678b73ab86833ee.jpg,416,416,30,213,365,227,391
1437_jpg.rf.12c5fbb44f25430c4678b73ab86833ee.jpg,416,416,33,213,334,227,360
1437_jpg.rf.12c5fbb44f25430c4678b73ab86833ee.jpg,416,416,36,213,305,227,331
1437_jpg.rf.12c5fbb44f25430c4678b73ab86833ee.jpg,416,416,34,243,336,258,362
1437_jpg.rf.12c5fbb44f25430c4678b73ab86833ee.jpg,416,416,31,244,366,259,392
441_jpg.rf.124ca558a60f535e1bcaf7f847b9e40f.jpg,416,416,R,242,389,257,415
1880_jpg.rf.131fde2328a9ab78f7de06b6bcdaa99a.jpg,416,416,9,98,157,154,193
1880_jpg.rf.131fde2328a9ab78f7de06b6bcdaa99a.jpg,416,416,11,165,167,225,208
1880_jpg.rf.131fde2328a9ab78f7de06b6bcdaa99a.jpg,416,416,13,240,180,308,220
1880_jpg.rf.131fde2328a9ab78f7de06b6bcdaa99a.jpg,416,416,3,105,195,157,227
1880_jpg.rf.131fde2328a9ab78f7de06b6bcdaa99a.jpg,416,416,5,168,205,223,240
1880_jpg.rf.131fde2328a9ab78f7de06b6bcdaa99a.jpg,416,416,7,237,219,300,258
1880_jpg.rf.131fde2328a9ab78f7de06b6bcdaa99a.jpg,416,416,B,110,225,162,257
1880_jpg.rf.131fde2328a9ab78f7de06b6bcdaa99a.jpg,416,416,G,170,240,222,272
1880_jpg.rf.131fde2328a9ab78f7de06b6bcdaa99a.jpg,416,416,1,235,254,294,290
1880_jpg.rf.131fde2328a9ab78f7de06b6bcdaa99a.jpg,416,416,S,121,293,165,317
1610_jpg.rf.1285007da4cf837a09d81edf9f1424ba.jpg,416,416,1,183,133,209,180
1610_jpg.rf.1285007da4cf837a09d81edf9f1424ba.jpg,416,416,G,184,187,209,236
1610_jpg.rf.1285007da4cf837a09d81edf9f1424ba.jpg,416,416,B,231,240,257,283
1610_jpg.rf.1285007da4cf837a09d81edf9f1424ba.jpg,416,416,4,230,182,255,232
643_jpg.rf.14c687adcea1e811b6d41e6715a07bd4.jpg,416,416,4,216,59,253,87
643_jpg.rf.14c687adcea1e811b6d41e6715a07bd4.jpg,416,416,3,209,101,243,125
643_jpg.rf.14c687adcea1e811b6d41e6715a07bd4.jpg,416,416,2,202,139,232,160
1444_jpg.rf.15a6f6f8b494bdbb611174a1f52cdebd.jpg,416,416,1,169,183,193,207
1444_jpg.rf.15a6f6f8b494bdbb611174a1f52cdebd.jpg,416,416,2,196,183,218,208
1444_jpg.rf.15a6f6f8b494bdbb611174a1f52cdebd.jpg,416,416,3,221,183,243,207
1444_jpg.rf.15a6f6f8b494bdbb611174a1f52cdebd.jpg,416,416,4,170,212,194,238
1444_jpg.rf.15a6f6f8b494bdbb611174a1f52cdebd.jpg,416,416,5,196,213,218,238
1444_jpg.rf.15a6f6f8b494bdbb611174a1f52cdebd.jpg,416,416,6,221,212,245,237
1444_jpg.rf.15a6f6f8b494bdbb611174a1f52cdebd.jpg,416,416,7,171,241,194,266
1444_jpg.rf.15a6f6f8b494bdbb611174a1f52cdebd.jpg,416,416,8,196,241,219,266
1444_jpg.rf.15a6f6f8b494bdbb611174a1f52cdebd.jpg,416,416,9,222,240,245,265
1444_jpg.rf.15a6f6f8b494bdbb611174a1f52cdebd.jpg,416,416,-,171,271,194,296
1444_jpg.rf.15a6f6f8b494bdbb611174a1f52cdebd.jpg,416,416,0,197,270,220,296
829_jpg.rf.15cdfb5045d62e05bb0f6baa65a07d7b.jpg,416,416,3,296,265,339,319
829_jpg.rf.15cdfb5045d62e05bb0f6baa65a07d7b.jpg,416,416,3,346,271,393,322
829_jpg.rf.15cdfb5045d62e05bb0f6baa65a07d7b.jpg,416,416,2,300,326,336,366
829_jpg.rf.15cdfb5045d62e05bb0f6baa65a07d7b.jpg,416,416,1,303,369,334,398
829_jpg.rf.15cdfb5045d62e05bb0f6baa65a07d7b.jpg,416,416,1,341,375,375,403
993_jpg.rf.16405a190f94b9858d5bafee5203f4a7.jpg,416,416,3,193,118,225,159
993_jpg.rf.16405a190f94b9858d5bafee5203f4a7.jpg,416,416,2,193,161,226,200
993_jpg.rf.16405a190f94b9858d5bafee5203f4a7.jpg,416,416,1,196,203,226,240
993_jpg.rf.16405a190f94b9858d5bafee5203f4a7.jpg,416,416,G,198,241,227,277
843_jpg.rf.15eb91fb6587ff5188c219e239c37477.jpg,416,416,11,112,276,182,373
843_jpg.rf.15eb91fb6587ff5188c219e239c37477.jpg,416,416,22,248,294,297,375
1944_jpg.rf.16e0ba901a5091fafdc4909e8f3ce18c.jpg,416,416,2,249,302,262,313
1944_jpg.rf.16e0ba901a5091fafdc4909e8f3ce18c.jpg,416,416,1,249,314,262,326
1944_jpg.rf.16e0ba901a5091fafdc4909e8f3ce18c.jpg,416,416,G,250,328,262,339
1460_jpg.rf.150f47f1acab9040fe770092307fa5cb.jpg,416,416,22,143,338,151,354
1460_jpg.rf.150f47f1acab9040fe770092307fa5cb.jpg,416,416,21,142,356,151,371
1460_jpg.rf.150f47f1acab9040fe770092307fa5cb.jpg,416,416,20,142,374,151,388
1460_jpg.rf.150f47f1acab9040fe770092307fa5cb.jpg,416,416,19,142,392,151,408
1460_jpg.rf.150f47f1acab9040fe770092307fa5cb.jpg,416,416,28,155,338,164,353
1460_jpg.rf.150f47f1acab9040fe770092307fa5cb.jpg,416,416,27,154,356,163,371
1460_jpg.rf.150f47f1acab9040fe770092307fa5cb.jpg,416,416,26,154,374,163,389
1460_jpg.rf.150f47f1acab9040fe770092307fa5cb.jpg,416,416,25,154,392,163,406
1460_jpg.rf.150f47f1acab9040fe770092307fa5cb.jpg,416,416,33,167,338,175,353
1460_jpg.rf.150f47f1acab9040fe770092307fa5cb.jpg,416,416,32,167,356,176,371
1460_jpg.rf.150f47f1acab9040fe770092307fa5cb.jpg,416,416,31,167,373,175,388
1460_jpg.rf.150f47f1acab9040fe770092307fa5cb.jpg,416,416,30,166,391,175,406
1947_jpg.rf.1874134a150c425e4ab48abec430e968.jpg,416,416,0,94,146,159,213
1947_jpg.rf.1874134a150c425e4ab48abec430e968.jpg,416,416,1,194,117,243,175
1947_jpg.rf.1874134a150c425e4ab48abec430e968.jpg,416,416,2,92,78,156,145
1414_jpg.rf.186ff7b3c7868122140949662afa9ba4.jpg,416,416,1,195,116,254,166
196_jpg.rf.17a300dae8c1bf662acd70efa4496aa0.jpg,416,416,1,201,113,244,169
196_jpg.rf.17a300dae8c1bf662acd70efa4496aa0.jpg,416,416,2,196,0,247,54
179_jpg.rf.1790ba9f6e8dd106f094c710b977c4e3.jpg,416,416,15,195,138,210,164
179_jpg.rf.1790ba9f6e8dd106f094c710b977c4e3.jpg,416,416,14,172,139,187,165
179_jpg.rf.1790ba9f6e8dd106f094c710b977c4e3.jpg,416,416,13,196,169,211,194
179_jpg.rf.1790ba9f6e8dd106f094c710b977c4e3.jpg,416,416,12,172,170,187,197
179_jpg.rf.1790ba9f6e8dd106f094c710b977c4e3.jpg,416,416,11,196,199,211,226
179_jpg.rf.1790ba9f6e8dd106f094c710b977c4e3.jpg,416,416,10,172,201,188,227
179_jpg.rf.1790ba9f6e8dd106f094c710b977c4e3.jpg,416,416,9,196,230,213,257
179_jpg.rf.1790ba9f6e8dd106f094c710b977c4e3.jpg,416,416,8,173,232,188,260
179_jpg.rf.1790ba9f6e8dd106f094c710b977c4e3.jpg,416,416,7,198,262,213,288
179_jpg.rf.1790ba9f6e8dd106f094c710b977c4e3.jpg,416,416,6,173,263,189,291
179_jpg.rf.1790ba9f6e8dd106f094c710b977c4e3.jpg,416,416,5,198,293,214,320
179_jpg.rf.1790ba9f6e8dd106f094c710b977c4e3.jpg,416,416,4,174,295,190,322
179_jpg.rf.1790ba9f6e8dd106f094c710b977c4e3.jpg,416,416,3,198,324,214,351
179_jpg.rf.1790ba9f6e8dd106f094c710b977c4e3.jpg,416,416,2,174,325,191,355
1377_jpg.rf.12ef7e7689bca6ea6785f76e311f6280.jpg,416,416,2,157,116,198,166
1377_jpg.rf.12ef7e7689bca6ea6785f76e311f6280.jpg,416,416,1,157,167,197,215
201_jpg.rf.17d527c376f4c38bd3f7b0583e7ef1a2.jpg,416,416,1,173,219,201,274
201_jpg.rf.17d527c376f4c38bd3f7b0583e7ef1a2.jpg,416,416,2,202,217,229,270
201_jpg.rf.17d527c376f4c38bd3f7b0583e7ef1a2.jpg,416,416,3,230,215,256,267
201_jpg.rf.17d527c376f4c38bd3f7b0583e7ef1a2.jpg,416,416,4,175,286,202,340
201_jpg.rf.17d527c376f4c38bd3f7b0583e7ef1a2.jpg,416,416,5,203,282,229,336
201_jpg.rf.17d527c376f4c38bd3f7b0583e7ef1a2.jpg,416,416,6,230,280,256,333
201_jpg.rf.17d527c376f4c38bd3f7b0583e7ef1a2.jpg,416,416,7,176,351,203,406
201_jpg.rf.17d527c376f4c38bd3f7b0583e7ef1a2.jpg,416,416,8,204,346,230,400
201_jpg.rf.17d527c376f4c38bd3f7b0583e7ef1a2.jpg,416,416,9,230,343,256,396
1367_jpg.rf.165f897191982f2aab5191a802c0c18b.jpg,416,416,4,126,107,224,152
1367_jpg.rf.165f897191982f2aab5191a802c0c18b.jpg,416,416,3,126,150,228,191
1367_jpg.rf.165f897191982f2aab5191a802c0c18b.jpg,416,416,2,130,189,230,226
1367_jpg.rf.165f897191982f2aab5191a802c0c18b.jpg,416,416,1,134,224,233,265
1367_jpg.rf.165f897191982f2aab5191a802c0c18b.jpg,416,416,0,135,259,234,298
90_jpg.rf.19dda93034c08156de8c123268388234.jpg,416,416,50,134,32,225,138
90_jpg.rf.19dda93034c08156de8c123268388234.jpg,416,416,48,147,140,222,219
90_jpg.rf.19dda93034c08156de8c123268388234.jpg,416,416,47,153,218,220,286
90_jpg.rf.19dda93034c08156de8c123268388234.jpg,416,416,46,161,286,218,338
871_jpg.rf.18b8dbee8c4d9d0cd36057a429fa83d2.jpg,416,416,1,215,218,243,271
871_jpg.rf.18b8dbee8c4d9d0cd36057a429fa83d2.jpg,416,416,2,245,221,274,274
871_jpg.rf.18b8dbee8c4d9d0cd36057a429fa83d2.jpg,416,416,3,275,220,305,272
871_jpg.rf.18b8dbee8c4d9d0cd36057a429fa83d2.jpg,416,416,4,305,220,335,271
871_jpg.rf.18b8dbee8c4d9d0cd36057a429fa83d2.jpg,416,416,5,151,136,183,188
871_jpg.rf.18b8dbee8c4d9d0cd36057a429fa83d2.jpg,416,416,6,183,136,214,190
871_jpg.rf.18b8dbee8c4d9d0cd36057a429fa83d2.jpg,416,416,7,214,133,246,190
871_jpg.rf.18b8dbee8c4d9d0cd36057a429fa83d2.jpg,416,416,8,248,131,278,189
871_jpg.rf.18b8dbee8c4d9d0cd36057a429fa83d2.jpg,416,416,R,277,131,310,191
523_jpg.rf.1a212a58430e392e051d72381936ef31.jpg,416,416,12,223,115,290,142
523_jpg.rf.1a212a58430e392e051d72381936ef31.jpg,416,416,7,37,178,60,188
523_jpg.rf.1a212a58430e392e051d72381936ef31.jpg,416,416,8,70,178,92,187
523_jpg.rf.1a212a58430e392e051d72381936ef31.jpg,416,416,6,70,190,92,199
523_jpg.rf.1a212a58430e392e051d72381936ef31.jpg,416,416,4,70,202,92,211
523_jpg.rf.1a212a58430e392e051d72381936ef31.jpg,416,416,2,70,213,92,223
523_jpg.rf.1a212a58430e392e051d72381936ef31.jpg,416,416,5,38,189,60,199
523_jpg.rf.1a212a58430e392e051d72381936ef31.jpg,416,416,3,38,201,60,211
1718_jpg.rf.193c62dabb02f0ff2b6022d62c2d319c.jpg,416,416,6,223,131,240,163
1718_jpg.rf.193c62dabb02f0ff2b6022d62c2d319c.jpg,416,416,5,224,164,240,195
1718_jpg.rf.193c62dabb02f0ff2b6022d62c2d319c.jpg,416,416,4,224,197,241,227
1718_jpg.rf.193c62dabb02f0ff2b6022d62c2d319c.jpg,416,416,3,225,229,242,259
1718_jpg.rf.193c62dabb02f0ff2b6022d62c2d319c.jpg,416,416,2,225,259,241,290
1718_jpg.rf.193c62dabb02f0ff2b6022d62c2d319c.jpg,416,416,1,225,291,241,319
545_jpg.rf.1a1c13a413904b4aed37b220e896f7c3.jpg,416,416,1,214,141,228,168
545_jpg.rf.1a1c13a413904b4aed37b220e896f7c3.jpg,416,416,2,229,140,242,169
545_jpg.rf.1a1c13a413904b4aed37b220e896f7c3.jpg,416,416,3,242,140,256,167
545_jpg.rf.1a1c13a413904b4aed37b220e896f7c3.jpg,416,416,4,214,175,228,204
545_jpg.rf.1a1c13a413904b4aed37b220e896f7c3.jpg,416,416,5,228,175,242,204
545_jpg.rf.1a1c13a413904b4aed37b220e896f7c3.jpg,416,416,6,242,175,256,203
545_jpg.rf.1a1c13a413904b4aed37b220e896f7c3.jpg,416,416,7,215,210,228,237
545_jpg.rf.1a1c13a413904b4aed37b220e896f7c3.jpg,416,416,8,229,210,242,237
545_jpg.rf.1a1c13a413904b4aed37b220e896f7c3.jpg,416,416,9,243,209,256,237
545_jpg.rf.1a1c13a413904b4aed37b220e896f7c3.jpg,416,416,s,215,244,229,273
545_jpg.rf.1a1c13a413904b4aed37b220e896f7c3.jpg,416,416,0,229,244,242,272
545_jpg.rf.1a1c13a413904b4aed37b220e896f7c3.jpg,416,416,-,243,244,256,273
596_jpg.rf.1a824536a054ac5e07a1089c9443092c.jpg,416,416,14,195,3,212,33
596_jpg.rf.1a824536a054ac5e07a1089c9443092c.jpg,416,416,12,195,37,214,66
596_jpg.rf.1a824536a054ac5e07a1089c9443092c.jpg,416,416,11,196,71,213,99
596_jpg.rf.1a824536a054ac5e07a1089c9443092c.jpg,416,416,10,197,104,214,132
596_jpg.rf.1a824536a054ac5e07a1089c9443092c.jpg,416,416,3,198,135,214,163
596_jpg.rf.1a824536a054ac5e07a1089c9443092c.jpg,416,416,2,198,166,215,194
596_jpg.rf.1a824536a054ac5e07a1089c9443092c.jpg,416,416,1,199,197,216,224
596_jpg.rf.1a824536a054ac5e07a1089c9443092c.jpg,416,416,L,199,226,216,254
596_jpg.rf.1a824536a054ac5e07a1089c9443092c.jpg,416,416,G,199,257,216,284
596_jpg.rf.1a824536a054ac5e07a1089c9443092c.jpg,416,416,25,227,4,245,32
596_jpg.rf.1a824536a054ac5e07a1089c9443092c.jpg,416,416,24,228,37,245,66
596_jpg.rf.1a824536a054ac5e07a1089c9443092c.jpg,416,416,23,228,70,246,97
1266_jpg.rf.1a8271931a57c2911d4a1749d409dc51.jpg,416,416,2,207,246,227,259
775_jpg.rf.1c070b9992f279160dcc2cb63676dd54.jpg,416,416,1,147,39,215,125
775_jpg.rf.1c070b9992f279160dcc2cb63676dd54.jpg,416,416,G,148,160,214,232
775_jpg.rf.1c070b9992f279160dcc2cb63676dd54.jpg,416,416,P,157,333,205,383
1706_jpg.rf.1b1461e4cb7381a5306d3962099c4550.jpg,416,416,3,169,137,221,177
1706_jpg.rf.1b1461e4cb7381a5306d3962099c4550.jpg,416,416,2,179,175,228,210
1706_jpg.rf.1b1461e4cb7381a5306d3962099c4550.jpg,416,416,1,188,209,236,242
1706_jpg.rf.1b1461e4cb7381a5306d3962099c4550.jpg,416,416,0,196,238,243,270
1466_jpg.rf.1d5d66dc478c8a0c623e95bdb3a78675.jpg,416,416,3,43,203,83,244
1466_jpg.rf.1d5d66dc478c8a0c623e95bdb3a78675.jpg,416,416,4,146,203,185,244
1466_jpg.rf.1d5d66dc478c8a0c623e95bdb3a78675.jpg,416,416,2,145,255,185,295
2095_jpg.rf.199cfc51cff04314b72322629067edb2.jpg,416,416,4,180,218,201,235
2095_jpg.rf.199cfc51cff04314b72322629067edb2.jpg,416,416,2,180,240,201,256
2095_jpg.rf.199cfc51cff04314b72322629067edb2.jpg,416,416,3,227,239,249,255
2095_jpg.rf.199cfc51cff04314b72322629067edb2.jpg,416,416,1,226,259,248,275
1159_jpg.rf.19eee755f94664fcf6fd1007460ad388.jpg,416,416,G,154,80,203,166
1159_jpg.rf.19eee755f94664fcf6fd1007460ad388.jpg,416,416,1,261,103,314,193
1159_jpg.rf.19eee755f94664fcf6fd1007460ad388.jpg,416,416,2,374,129,416,219
1159_jpg.rf.19eee755f94664fcf6fd1007460ad388.jpg,416,416,G,162,10,195,53
1159_jpg.rf.19eee755f94664fcf6fd1007460ad388.jpg,416,416,1,276,29,311,72
1403_jpg.rf.1c5223dda60788724f39be967b278153.jpg,416,416,L,214,110,245,144
1518_jpg.rf.1cbba01ce087a05fcc5d439fbb8a0b37.jpg,416,416,4,185,57,218,104
1518_jpg.rf.1cbba01ce087a05fcc5d439fbb8a0b37.jpg,416,416,3,185,107,218,154
1518_jpg.rf.1cbba01ce087a05fcc5d439fbb8a0b37.jpg,416,416,2,185,155,216,201
1518_jpg.rf.1cbba01ce087a05fcc5d439fbb8a0b37.jpg,416,416,1,185,203,216,246
1785_jpg.rf.1d13bb98e25f6fa3dd6c116841b29749.jpg,416,416,11,179,28,188,35
1785_jpg.rf.1d13bb98e25f6fa3dd6c116841b29749.jpg,416,416,12,189,27,196,34
1785_jpg.rf.1d13bb98e25f6fa3dd6c116841b29749.jpg,416,416,13,198,27,207,34
1785_jpg.rf.1d13bb98e25f6fa3dd6c116841b29749.jpg,416,416,13,166,182,182,195
1785_jpg.rf.1d13bb98e25f6fa3dd6c116841b29749.jpg,416,416,12,166,196,182,208
1785_jpg.rf.1d13bb98e25f6fa3dd6c116841b29749.jpg,416,416,11,166,209,182,222
1785_jpg.rf.1d13bb98e25f6fa3dd6c116841b29749.jpg,416,416,1,167,223,183,235
1785_jpg.rf.1d13bb98e25f6fa3dd6c116841b29749.jpg,416,416,G,167,237,183,249
1785_jpg.rf.1d13bb98e25f6fa3dd6c116841b29749.jpg,416,416,19,198,181,214,195
1785_jpg.rf.1d13bb98e25f6fa3dd6c116841b29749.jpg,416,416,18,198,195,215,209
1785_jpg.rf.1d13bb98e25f6fa3dd6c116841b29749.jpg,416,416,17,198,210,214,222
1785_jpg.rf.1d13bb98e25f6fa3dd6c116841b29749.jpg,416,416,16,198,223,214,236
1785_jpg.rf.1d13bb98e25f6fa3dd6c116841b29749.jpg,416,416,15,199,236,215,249
668_jpg.rf.1cbdf7595942d77a13ee047afa14740e.jpg,416,416,3,177,336,230,408
437_jpg.rf.1db65771f49a7ade4ad0c42d0ff94c49.jpg,416,416,2,156,47,197,110
437_jpg.rf.1db65771f49a7ade4ad0c42d0ff94c49.jpg,416,416,1,164,123,201,179
437_jpg.rf.1db65771f49a7ade4ad0c42d0ff94c49.jpg,416,416,G,174,192,208,240
2069_jpg.rf.11f5072acdcc9b20967cc02022b24673.jpg,416,416,9,170,86,204,114
2069_jpg.rf.11f5072acdcc9b20967cc02022b24673.jpg,416,416,10,240,86,276,114
2069_jpg.rf.11f5072acdcc9b20967cc02022b24673.jpg,416,416,11,308,87,347,114
2069_jpg.rf.11f5072acdcc9b20967cc02022b24673.jpg,416,416,6,171,132,203,157
2069_jpg.rf.11f5072acdcc9b20967cc02022b24673.jpg,416,416,3,173,173,204,196
2069_jpg.rf.11f5072acdcc9b20967cc02022b24673.jpg,416,416,G,174,209,203,229
2069_jpg.rf.11f5072acdcc9b20967cc02022b24673.jpg,416,416,1,232,209,261,229
2069_jpg.rf.11f5072acdcc9b20967cc02022b24673.jpg,416,416,2,290,207,322,228
2069_jpg.rf.11f5072acdcc9b20967cc02022b24673.jpg,416,416,4,233,173,266,195
2069_jpg.rf.11f5072acdcc9b20967cc02022b24673.jpg,416,416,5,295,172,329,194
2069_jpg.rf.11f5072acdcc9b20967cc02022b24673.jpg,416,416,7,237,133,270,156
2069_jpg.rf.11f5072acdcc9b20967cc02022b24673.jpg,416,416,8,302,132,336,156
1776_jpg.rf.1f1c7353262fd6441d10da8684d06997.jpg,416,416,17,55,119,105,153
1776_jpg.rf.1f1c7353262fd6441d10da8684d06997.jpg,416,416,18,140,120,190,157
1776_jpg.rf.1f1c7353262fd6441d10da8684d06997.jpg,416,416,19,224,121,275,157
1776_jpg.rf.1f1c7353262fd6441d10da8684d06997.jpg,416,416,13,65,180,112,211
1776_jpg.rf.1f1c7353262fd6441d10da8684d06997.jpg,416,416,14,144,182,190,214
1776_jpg.rf.1f1c7353262fd6441d10da8684d06997.jpg,416,416,15,223,184,269,215
1776_jpg.rf.1f1c7353262fd6441d10da8684d06997.jpg,416,416,16,304,184,350,216
1776_jpg.rf.1f1c7353262fd6441d10da8684d06997.jpg,416,416,9,74,233,117,262
1776_jpg.rf.1f1c7353262fd6441d10da8684d06997.jpg,416,416,10,146,234,190,264
1776_jpg.rf.1f1c7353262fd6441d10da8684d06997.jpg,416,416,11,220,236,264,266
1776_jpg.rf.1f1c7353262fd6441d10da8684d06997.jpg,416,416,12,297,238,341,267
1776_jpg.rf.1f1c7353262fd6441d10da8684d06997.jpg,416,416,5,80,281,120,306
1776_jpg.rf.1f1c7353262fd6441d10da8684d06997.jpg,416,416,6,149,282,190,308
1776_jpg.rf.1f1c7353262fd6441d10da8684d06997.jpg,416,416,7,219,283,260,309
1776_jpg.rf.1f1c7353262fd6441d10da8684d06997.jpg,416,416,8,290,285,333,313
1776_jpg.rf.1f1c7353262fd6441d10da8684d06997.jpg,416,416,1,85,322,123,346
1776_jpg.rf.1f1c7353262fd6441d10da8684d06997.jpg,416,416,2,152,323,190,348
1776_jpg.rf.1f1c7353262fd6441d10da8684d06997.jpg,416,416,3,219,325,257,350
1776_jpg.rf.1f1c7353262fd6441d10da8684d06997.jpg,416,416,4,286,328,325,352
1776_jpg.rf.1f1c7353262fd6441d10da8684d06997.jpg,416,416,G,186,362,224,385
513_jpg.rf.1d6dcfc02d93df65e7b6114eeb56ee37.jpg,416,416,8,192,85,208,100
513_jpg.rf.1d6dcfc02d93df65e7b6114eeb56ee37.jpg,416,416,7,192,109,208,124
513_jpg.rf.1d6dcfc02d93df65e7b6114eeb56ee37.jpg,416,416,6,192,133,209,146
513_jpg.rf.1d6dcfc02d93df65e7b6114eeb56ee37.jpg,416,416,8,210,85,226,100
513_jpg.rf.1d6dcfc02d93df65e7b6114eeb56ee37.jpg,416,416,7,211,109,227,124
513_jpg.rf.1d6dcfc02d93df65e7b6114eeb56ee37.jpg,416,416,6,210,133,227,146
513_jpg.rf.1d6dcfc02d93df65e7b6114eeb56ee37.jpg,416,416,5,193,155,210,168
513_jpg.rf.1d6dcfc02d93df65e7b6114eeb56ee37.jpg,416,416,5,211,155,228,168
513_jpg.rf.1d6dcfc02d93df65e7b6114eeb56ee37.jpg,416,416,4,193,177,210,191
513_jpg.rf.1d6dcfc02d93df65e7b6114eeb56ee37.jpg,416,416,4,211,177,228,191
513_jpg.rf.1d6dcfc02d93df65e7b6114eeb56ee37.jpg,416,416,3,194,200,210,213
513_jpg.rf.1d6dcfc02d93df65e7b6114eeb56ee37.jpg,416,416,3,212,200,228,213
513_jpg.rf.1d6dcfc02d93df65e7b6114eeb56ee37.jpg,416,416,2,194,223,211,237
513_jpg.rf.1d6dcfc02d93df65e7b6114eeb56ee37.jpg,416,416,2,212,223,228,236
513_jpg.rf.1d6dcfc02d93df65e7b6114eeb56ee37.jpg,416,416,1,195,245,212,259
513_jpg.rf.1d6dcfc02d93df65e7b6114eeb56ee37.jpg,416,416,1,213,244,229,258
1124_jpg.rf.1e2afc3887b2aeab62fdb4b3b1e84da0.jpg,416,416,3,180,22,263,87
1124_jpg.rf.1e2afc3887b2aeab62fdb4b3b1e84da0.jpg,416,416,2,183,89,266,151
892_jpg.rf.1e7e0767bdb4524256d8f41e6ee1d357.jpg,416,416,21,236,59,257,96
892_jpg.rf.1e7e0767bdb4524256d8f41e6ee1d357.jpg,416,416,20,178,58,199,97
892_jpg.rf.1e7e0767bdb4524256d8f41e6ee1d357.jpg,416,416,19,237,105,257,143
892_jpg.rf.1e7e0767bdb4524256d8f41e6ee1d357.jpg,416,416,18,180,105,200,143
892_jpg.rf.1e7e0767bdb4524256d8f41e6ee1d357.jpg,416,416,17,238,148,256,186
892_jpg.rf.1e7e0767bdb4524256d8f41e6ee1d357.jpg,416,416,16,180,151,200,190
892_jpg.rf.1e7e0767bdb4524256d8f41e6ee1d357.jpg,416,416,15,237,192,258,229
892_jpg.rf.1e7e0767bdb4524256d8f41e6ee1d357.jpg,416,416,14,182,197,201,235
892_jpg.rf.1e7e0767bdb4524256d8f41e6ee1d357.jpg,416,416,12,238,237,257,272
892_jpg.rf.1e7e0767bdb4524256d8f41e6ee1d357.jpg,416,416,11,182,242,202,279
892_jpg.rf.1e7e0767bdb4524256d8f41e6ee1d357.jpg,416,416,10,238,277,256,315
892_jpg.rf.1e7e0767bdb4524256d8f41e6ee1d357.jpg,416,416,9,182,286,202,323
892_jpg.rf.1e7e0767bdb4524256d8f41e6ee1d357.jpg,416,416,8,238,321,257,355
892_jpg.rf.1e7e0767bdb4524256d8f41e6ee1d357.jpg,416,416,7,183,330,203,367
892_jpg.rf.1e7e0767bdb4524256d8f41e6ee1d357.jpg,416,416,6,239,362,258,398
892_jpg.rf.1e7e0767bdb4524256d8f41e6ee1d357.jpg,416,416,5,183,374,203,408
754_jpg.rf.1f05afabdccce65cd073b7aabdeb89ee.jpg,416,416,5,163,111,191,152
754_jpg.rf.1f05afabdccce65cd073b7aabdeb89ee.jpg,416,416,4,165,150,191,191
754_jpg.rf.1f05afabdccce65cd073b7aabdeb89ee.jpg,416,416,3,166,189,193,231
754_jpg.rf.1f05afabdccce65cd073b7aabdeb89ee.jpg,416,416,2,168,227,195,271
754_jpg.rf.1f05afabdccce65cd073b7aabdeb89ee.jpg,416,416,1,168,266,195,310
754_jpg.rf.1f05afabdccce65cd073b7aabdeb89ee.jpg,416,416,6,194,262,223,302
754_jpg.rf.1f05afabdccce65cd073b7aabdeb89ee.jpg,416,416,8,191,149,219,187
754_jpg.rf.1f05afabdccce65cd073b7aabdeb89ee.jpg,416,416,9,190,109,219,149
485_jpg.rf.1ec13ce22fb56d80c2918a9fda895c7d.jpg,416,416,2,203,120,232,160
485_jpg.rf.1ec13ce22fb56d80c2918a9fda895c7d.jpg,416,416,1,204,177,233,217
485_jpg.rf.1ec13ce22fb56d80c2918a9fda895c7d.jpg,416,416,G,204,232,233,272
485_jpg.rf.1ec13ce22fb56d80c2918a9fda895c7d.jpg,416,416,B,206,285,235,326
474_jpg.rf.1e401d596bde26c9518ed1e316703e4b.jpg,416,416,9,203,171,214,181
474_jpg.rf.1e401d596bde26c9518ed1e316703e4b.jpg,416,416,8,202,182,214,192
474_jpg.rf.1e401d596bde26c9518ed1e316703e4b.jpg,416,416,7,202,192,213,202
474_jpg.rf.1e401d596bde26c9518ed1e316703e4b.jpg,416,416,6,202,202,213,212
474_jpg.rf.1e401d596bde26c9518ed1e316703e4b.jpg,416,416,5,201,212,213,222
474_jpg.rf.1e401d596bde26c9518ed1e316703e4b.jpg,416,416,4,201,223,213,233
474_jpg.rf.1e401d596bde26c9518ed1e316703e4b.jpg,416,416,3,201,232,212,242
474_jpg.rf.1e401d596bde26c9518ed1e316703e4b.jpg,416,416,2,200,243,212,253
474_jpg.rf.1e401d596bde26c9518ed1e316703e4b.jpg,416,416,1,200,253,211,263
474_jpg.rf.1e401d596bde26c9518ed1e316703e4b.jpg,416,416,G,200,263,211,273
243_jpg.rf.1f144e7268373aafa77189873f88c2dc.jpg,416,416,19,164,50,190,91
243_jpg.rf.1f144e7268373aafa77189873f88c2dc.jpg,416,416,18,165,100,191,141
243_jpg.rf.1f144e7268373aafa77189873f88c2dc.jpg,416,416,17,166,149,192,189
243_jpg.rf.1f144e7268373aafa77189873f88c2dc.jpg,416,416,G,167,197,192,239
1056_jpg.rf.1dbeb2ece2119d1d30bb052d7513229f.jpg,416,416,1,80,138,144,199
1056_jpg.rf.1dbeb2ece2119d1d30bb052d7513229f.jpg,416,416,2,156,117,212,168
1056_jpg.rf.1dbeb2ece2119d1d30bb052d7513229f.jpg,416,416,3,225,107,272,148
1056_jpg.rf.1dbeb2ece2119d1d30bb052d7513229f.jpg,416,416,4,284,91,325,131
1056_jpg.rf.1dbeb2ece2119d1d30bb052d7513229f.jpg,416,416,G,94,260,149,315
1488_jpg.rf.1eaa6a028409f176a43d8f33e527f604.jpg,416,416,G,179,263,191,275
1488_jpg.rf.1eaa6a028409f176a43d8f33e527f604.jpg,416,416,1,179,252,192,263
1488_jpg.rf.1eaa6a028409f176a43d8f33e527f604.jpg,416,416,2,179,240,192,251
1488_jpg.rf.1eaa6a028409f176a43d8f33e527f604.jpg,416,416,3,179,228,192,239
1488_jpg.rf.1eaa6a028409f176a43d8f33e527f604.jpg,416,416,4,179,216,192,228
1488_jpg.rf.1eaa6a028409f176a43d8f33e527f604.jpg,416,416,5,179,204,192,215
1488_jpg.rf.1eaa6a028409f176a43d8f33e527f604.jpg,416,416,12,204,206,217,217
1488_jpg.rf.1eaa6a028409f176a43d8f33e527f604.jpg,416,416,11,204,217,218,229
1488_jpg.rf.1eaa6a028409f176a43d8f33e527f604.jpg,416,416,10,204,229,218,241
1488_jpg.rf.1eaa6a028409f176a43d8f33e527f604.jpg,416,416,9,204,241,217,253
1488_jpg.rf.1eaa6a028409f176a43d8f33e527f604.jpg,416,416,8,204,254,217,265
1488_jpg.rf.1eaa6a028409f176a43d8f33e527f604.jpg,416,416,7,203,265,217,277
1488_jpg.rf.1eaa6a028409f176a43d8f33e527f604.jpg,416,416,6,203,277,216,289
1488_jpg.rf.1eaa6a028409f176a43d8f33e527f604.jpg,416,416,13,228,279,242,290
1488_jpg.rf.1eaa6a028409f176a43d8f33e527f604.jpg,416,416,16,229,243,243,254
1488_jpg.rf.1eaa6a028409f176a43d8f33e527f604.jpg,416,416,17,230,231,243,242
1488_jpg.rf.1eaa6a028409f176a43d8f33e527f604.jpg,416,416,18,230,218,244,230
1488_jpg.rf.1eaa6a028409f176a43d8f33e527f604.jpg,416,416,19,231,206,244,218
175_jpg.rf.1e16586204ef8dfc05f5135369c46e6e.jpg,416,416,G,155,179,213,220
69_jpg.rf.20b79e36d6155f57a69416441a030648.jpg,416,416,L,122,210,159,251
69_jpg.rf.20b79e36d6155f57a69416441a030648.jpg,416,416,1,119,154,155,200
69_jpg.rf.20b79e36d6155f57a69416441a030648.jpg,416,416,7,113,26,153,80
69_jpg.rf.20b79e36d6155f57a69416441a030648.jpg,416,416,10,193,200,226,243
69_jpg.rf.20b79e36d6155f57a69416441a030648.jpg,416,416,11,195,148,227,192
69_jpg.rf.20b79e36d6155f57a69416441a030648.jpg,416,416,12,192,86,230,136
69_jpg.rf.20b79e36d6155f57a69416441a030648.jpg,416,416,14,193,23,228,75
1678_jpg.rf.20752d3a87f076a54ee6ee07da020333.jpg,416,416,16,0,26,144,106
1678_jpg.rf.20752d3a87f076a54ee6ee07da020333.jpg,416,416,17,156,26,302,108
1678_jpg.rf.20752d3a87f076a54ee6ee07da020333.jpg,416,416,18,309,26,415,108
1678_jpg.rf.20752d3a87f076a54ee6ee07da020333.jpg,416,416,13,12,123,150,190
1678_jpg.rf.20752d3a87f076a54ee6ee07da020333.jpg,416,416,10,29,203,156,260
1678_jpg.rf.20752d3a87f076a54ee6ee07da020333.jpg,416,416,s,42,268,159,316
1678_jpg.rf.20752d3a87f076a54ee6ee07da020333.jpg,416,416,14,160,124,291,190
1678_jpg.rf.20752d3a87f076a54ee6ee07da020333.jpg,416,416,11,162,202,284,257
1678_jpg.rf.20752d3a87f076a54ee6ee07da020333.jpg,416,416,4,165,267,277,313
1678_jpg.rf.20752d3a87f076a54ee6ee07da020333.jpg,416,416,15,297,124,415,189
1678_jpg.rf.20752d3a87f076a54ee6ee07da020333.jpg,416,416,12,290,202,414,256
1678_jpg.rf.20752d3a87f076a54ee6ee07da020333.jpg,416,416,9,282,265,396,313
39_jpg.rf.1f7d4e5c49670758c96e24eee0c81c5a.jpg,416,416,9,244,180,263,210
39_jpg.rf.1f7d4e5c49670758c96e24eee0c81c5a.jpg,416,416,8,220,179,239,210
39_jpg.rf.1f7d4e5c49670758c96e24eee0c81c5a.jpg,416,416,7,196,180,214,208
39_jpg.rf.1f7d4e5c49670758c96e24eee0c81c5a.jpg,416,416,6,171,179,191,208
39_jpg.rf.1f7d4e5c49670758c96e24eee0c81c5a.jpg,416,416,5,242,223,263,253
39_jpg.rf.1f7d4e5c49670758c96e24eee0c81c5a.jpg,416,416,4,218,222,239,251
39_jpg.rf.1f7d4e5c49670758c96e24eee0c81c5a.jpg,416,416,3,194,222,215,250
39_jpg.rf.1f7d4e5c49670758c96e24eee0c81c5a.jpg,416,416,2,172,221,191,250
39_jpg.rf.1f7d4e5c49670758c96e24eee0c81c5a.jpg,416,416,1,218,264,238,292
1325_jpg.rf.20291facfb282499826aabcdc1fdfd0c.jpg,416,416,3,111,46,137,81
1325_jpg.rf.20291facfb282499826aabcdc1fdfd0c.jpg,416,416,1,111,93,137,128
1325_jpg.rf.20291facfb282499826aabcdc1fdfd0c.jpg,416,416,2,224,99,248,133
1790_jpg.rf.219cdb949490e9b37be07df8bc89b739.jpg,416,416,8,195,170,216,204
1790_jpg.rf.219cdb949490e9b37be07df8bc89b739.jpg,416,416,7,195,204,216,237
1790_jpg.rf.219cdb949490e9b37be07df8bc89b739.jpg,416,416,6,195,236,216,271
1790_jpg.rf.219cdb949490e9b37be07df8bc89b739.jpg,416,416,5,196,270,217,305
1790_jpg.rf.219cdb949490e9b37be07df8bc89b739.jpg,416,416,4,197,304,218,341
1790_jpg.rf.219cdb949490e9b37be07df8bc89b739.jpg,416,416,3,169,202,191,238
1790_jpg.rf.219cdb949490e9b37be07df8bc89b739.jpg,416,416,2,170,236,192,272
1790_jpg.rf.219cdb949490e9b37be07df8bc89b739.jpg,416,416,1,170,272,192,309
1790_jpg.rf.219cdb949490e9b37be07df8bc89b739.jpg,416,416,G,171,306,192,343
893_jpg.rf.20f54feb6ecaa95af5caeb8c6c9090d1.jpg,416,416,3,177,63,204,85
893_jpg.rf.20f54feb6ecaa95af5caeb8c6c9090d1.jpg,416,416,2,179,92,206,114
893_jpg.rf.20f54feb6ecaa95af5caeb8c6c9090d1.jpg,416,416,1,181,121,205,142
893_jpg.rf.20f54feb6ecaa95af5caeb8c6c9090d1.jpg,416,416,G,181,149,209,171
1187_jpg.rf.20825bb05444c6cccf6263c20a8866f6.jpg,416,416,G,142,315,163,334
1187_jpg.rf.20825bb05444c6cccf6263c20a8866f6.jpg,416,416,M,141,289,162,306
1187_jpg.rf.20825bb05444c6cccf6263c20a8866f6.jpg,416,416,2,140,263,164,281
1187_jpg.rf.20825bb05444c6cccf6263c20a8866f6.jpg,416,416,4,140,237,165,256
1187_jpg.rf.20825bb05444c6cccf6263c20a8866f6.jpg,416,416,6,141,210,165,228
1187_jpg.rf.20825bb05444c6cccf6263c20a8866f6.jpg,416,416,8,141,183,165,201
1187_jpg.rf.20825bb05444c6cccf6263c20a8866f6.jpg,416,416,10,142,155,165,174
1187_jpg.rf.20825bb05444c6cccf6263c20a8866f6.jpg,416,416,12,216,320,241,339
1187_jpg.rf.20825bb05444c6cccf6263c20a8866f6.jpg,416,416,14,217,294,241,314
1187_jpg.rf.20825bb05444c6cccf6263c20a8866f6.jpg,416,416,16,217,266,243,287
1187_jpg.rf.20825bb05444c6cccf6263c20a8866f6.jpg,416,416,18,218,239,244,258
1187_jpg.rf.20825bb05444c6cccf6263c20a8866f6.jpg,416,416,20,218,211,245,231
1187_jpg.rf.20825bb05444c6cccf6263c20a8866f6.jpg,416,416,22,219,182,246,203
146_jpg.rf.22b3969ded2e0b1159b36de22c9a183e.jpg,416,416,8,237,112,263,157
146_jpg.rf.22b3969ded2e0b1159b36de22c9a183e.jpg,416,416,7,238,166,263,209
146_jpg.rf.22b3969ded2e0b1159b36de22c9a183e.jpg,416,416,6,239,217,263,257
146_jpg.rf.22b3969ded2e0b1159b36de22c9a183e.jpg,416,416,5,240,264,263,302
146_jpg.rf.22b3969ded2e0b1159b36de22c9a183e.jpg,416,416,4,207,117,232,164
146_jpg.rf.22b3969ded2e0b1159b36de22c9a183e.jpg,416,416,3,208,170,232,213
146_jpg.rf.22b3969ded2e0b1159b36de22c9a183e.jpg,416,416,2,210,221,234,261
146_jpg.rf.22b3969ded2e0b1159b36de22c9a183e.jpg,416,416,G,211,266,234,305
1836_jpg.rf.2148e22723bf8a146a3fec729f138066.jpg,416,416,8,210,206,249,232
1836_jpg.rf.2148e22723bf8a146a3fec729f138066.jpg,416,416,1,210,250,249,277
1791_jpg.rf.2441172b4436ad8ce3d07041e9b1d9f9.jpg,416,416,5,163,240,198,261
1791_jpg.rf.2441172b4436ad8ce3d07041e9b1d9f9.jpg,416,416,4,162,265,198,286
1791_jpg.rf.2441172b4436ad8ce3d07041e9b1d9f9.jpg,416,416,3,163,292,198,314
1289_jpg.rf.20ec8a0c9a342f0e65fa276f68811e19.jpg,416,416,3,158,238,172,249
1289_jpg.rf.20ec8a0c9a342f0e65fa276f68811e19.jpg,416,416,2,193,255,206,265
1289_jpg.rf.20ec8a0c9a342f0e65fa276f68811e19.jpg,416,416,1,158,257,172,268
1289_jpg.rf.20ec8a0c9a342f0e65fa276f68811e19.jpg,416,416,G,193,273,205,284
749_jpg.rf.229e8d348e54dde0c5c5833438298fae.jpg,416,416,14,165,234,181,247
749_jpg.rf.229e8d348e54dde0c5c5833438298fae.jpg,416,416,13,225,262,241,276
749_jpg.rf.229e8d348e54dde0c5c5833438298fae.jpg,416,416,12,195,260,210,273
749_jpg.rf.229e8d348e54dde0c5c5833438298fae.jpg,416,416,11,166,257,181,272
749_jpg.rf.229e8d348e54dde0c5c5833438298fae.jpg,416,416,10,225,286,241,301
749_jpg.rf.229e8d348e54dde0c5c5833438298fae.jpg,416,416,9,195,283,210,298
749_jpg.rf.229e8d348e54dde0c5c5833438298fae.jpg,416,416,8,166,281,180,295
749_jpg.rf.229e8d348e54dde0c5c5833438298fae.jpg,416,416,7,225,310,241,324
749_jpg.rf.229e8d348e54dde0c5c5833438298fae.jpg,416,416,6,195,306,210,321
749_jpg.rf.229e8d348e54dde0c5c5833438298fae.jpg,416,416,5,165,304,181,318
749_jpg.rf.229e8d348e54dde0c5c5833438298fae.jpg,416,416,4,225,334,241,348
749_jpg.rf.229e8d348e54dde0c5c5833438298fae.jpg,416,416,3,195,330,211,344
749_jpg.rf.229e8d348e54dde0c5c5833438298fae.jpg,416,416,2,167,326,182,340
749_jpg.rf.229e8d348e54dde0c5c5833438298fae.jpg,416,416,1,225,356,241,372
1004_jpg.rf.21b292645f22205319b4951990d57b62.jpg,416,416,8,154,258,173,272
1004_jpg.rf.21b292645f22205319b4951990d57b62.jpg,416,416,17,176,259,194,273
1004_jpg.rf.21b292645f22205319b4951990d57b62.jpg,416,416,25,199,259,218,274
1004_jpg.rf.21b292645f22205319b4951990d57b62.jpg,416,416,7,154,274,172,288
1004_jpg.rf.21b292645f22205319b4951990d57b62.jpg,416,416,6,154,290,172,304
1004_jpg.rf.21b292645f22205319b4951990d57b62.jpg,416,416,4,153,322,171,336
1004_jpg.rf.21b292645f22205319b4951990d57b62.jpg,416,416,3,154,338,171,350
1004_jpg.rf.21b292645f22205319b4951990d57b62.jpg,416,416,5,153,307,172,319
1004_jpg.rf.21b292645f22205319b4951990d57b62.jpg,416,416,2,154,355,172,368
1004_jpg.rf.21b292645f22205319b4951990d57b62.jpg,416,416,1,154,370,171,381
1004_jpg.rf.21b292645f22205319b4951990d57b62.jpg,416,416,G,154,383,172,396
1004_jpg.rf.21b292645f22205319b4951990d57b62.jpg,416,416,9,174,384,192,398
1004_jpg.rf.21b292645f22205319b4951990d57b62.jpg,416,416,10,175,370,193,383
1004_jpg.rf.21b292645f22205319b4951990d57b62.jpg,416,416,11,175,355,194,369
1004_jpg.rf.21b292645f22205319b4951990d57b62.jpg,416,416,12,175,339,194,352
1004_jpg.rf.21b292645f22205319b4951990d57b62.jpg,416,416,13,176,323,194,337
1004_jpg.rf.21b292645f22205319b4951990d57b62.jpg,416,416,14,176,306,194,320
1004_jpg.rf.21b292645f22205319b4951990d57b62.jpg,416,416,15,176,291,196,305
1004_jpg.rf.21b292645f22205319b4951990d57b62.jpg,416,416,16,177,275,195,289
1004_jpg.rf.21b292645f22205319b4951990d57b62.jpg,416,416,24,199,276,217,290
1004_jpg.rf.21b292645f22205319b4951990d57b62.jpg,416,416,23,198,292,217,306
1004_jpg.rf.21b292645f22205319b4951990d57b62.jpg,416,416,22,199,307,217,322
1004_jpg.rf.21b292645f22205319b4951990d57b62.jpg,416,416,21,199,324,217,339
1004_jpg.rf.21b292645f22205319b4951990d57b62.jpg,416,416,20,199,339,217,354
1004_jpg.rf.21b292645f22205319b4951990d57b62.jpg,416,416,19,199,356,217,371
1004_jpg.rf.21b292645f22205319b4951990d57b62.jpg,416,416,18,199,372,217,387
334_jpg.rf.240251b6ac399da3986042145324ad9d.jpg,416,416,6,206,173,249,233
334_jpg.rf.240251b6ac399da3986042145324ad9d.jpg,416,416,5,210,244,251,299
334_jpg.rf.240251b6ac399da3986042145324ad9d.jpg,416,416,3,211,311,253,364
334_jpg.rf.240251b6ac399da3986042145324ad9d.jpg,416,416,2,215,375,257,415
1450_jpg.rf.2344932d704dbf83d63eb85d3b8188bd.jpg,416,416,U,113,275,141,332
1450_jpg.rf.2344932d704dbf83d63eb85d3b8188bd.jpg,416,416,D,285,257,319,310
1315_jpg.rf.20f72387330a6265469901b52f965c27.jpg,416,416,5,231,127,298,157
1315_jpg.rf.20f72387330a6265469901b52f965c27.jpg,416,416,3,229,174,291,203
1315_jpg.rf.20f72387330a6265469901b52f965c27.jpg,416,416,2,144,172,203,202
1315_jpg.rf.20f72387330a6265469901b52f965c27.jpg,416,416,1,139,219,201,246
1315_jpg.rf.20f72387330a6265469901b52f965c27.jpg,416,416,B,138,262,197,290
1955_jpg.rf.2377bee68954e86d992ce744bcd51a21.jpg,416,416,L,206,362,330,389
1955_jpg.rf.2377bee68954e86d992ce744bcd51a21.jpg,416,416,0,83,304,218,331
1955_jpg.rf.2377bee68954e86d992ce744bcd51a21.jpg,416,416,1,207,300,330,328
1955_jpg.rf.2377bee68954e86d992ce744bcd51a21.jpg,416,416,2,82,283,216,310
1955_jpg.rf.2377bee68954e86d992ce744bcd51a21.jpg,416,416,3,204,279,332,306
1955_jpg.rf.2377bee68954e86d992ce744bcd51a21.jpg,416,416,4,80,260,218,289
1955_jpg.rf.2377bee68954e86d992ce744bcd51a21.jpg,416,416,5,205,257,335,284
1955_jpg.rf.2377bee68954e86d992ce744bcd51a21.jpg,416,416,6,77,237,217,266
1955_jpg.rf.2377bee68954e86d992ce744bcd51a21.jpg,416,416,7,204,234,332,262
1955_jpg.rf.2377bee68954e86d992ce744bcd51a21.jpg,416,416,8,75,213,216,242
1955_jpg.rf.2377bee68954e86d992ce744bcd51a21.jpg,416,416,9,204,211,332,239
1955_jpg.rf.2377bee68954e86d992ce744bcd51a21.jpg,416,416,10,74,190,215,219
1955_jpg.rf.2377bee68954e86d992ce744bcd51a21.jpg,416,416,11,204,188,330,217
1955_jpg.rf.2377bee68954e86d992ce744bcd51a21.jpg,416,416,12,71,166,212,195
1955_jpg.rf.2377bee68954e86d992ce744bcd51a21.jpg,416,416,13,200,165,331,192
1955_jpg.rf.2377bee68954e86d992ce744bcd51a21.jpg,416,416,14,70,143,212,170
1955_jpg.rf.2377bee68954e86d992ce744bcd51a21.jpg,416,416,15,201,141,330,169
1955_jpg.rf.2377bee68954e86d992ce744bcd51a21.jpg,416,416,16,67,118,209,146
1955_jpg.rf.2377bee68954e86d992ce744bcd51a21.jpg,416,416,17,200,118,330,145
63_jpg.rf.2331f6038812b229a8a8317f0a2d0fb7.jpg,416,416,5,164,260,179,271
63_jpg.rf.2331f6038812b229a8a8317f0a2d0fb7.jpg,416,416,4,165,273,178,283
63_jpg.rf.2331f6038812b229a8a8317f0a2d0fb7.jpg,416,416,3,165,285,179,296
63_jpg.rf.2331f6038812b229a8a8317f0a2d0fb7.jpg,416,416,2,124,262,137,272
63_jpg.rf.2331f6038812b229a8a8317f0a2d0fb7.jpg,416,416,1,124,274,137,284
63_jpg.rf.2331f6038812b229a8a8317f0a2d0fb7.jpg,416,416,0,124,286,138,296
63_jpg.rf.2331f6038812b229a8a8317f0a2d0fb7.jpg,416,416,U,123,298,138,310
63_jpg.rf.2331f6038812b229a8a8317f0a2d0fb7.jpg,416,416,D,165,297,178,309
499_jpg.rf.22d7dd1b981ac8ab1a06970caff20f9e.jpg,416,416,2,214,184,227,211
499_jpg.rf.22d7dd1b981ac8ab1a06970caff20f9e.jpg,416,416,M,213,216,228,242
499_jpg.rf.22d7dd1b981ac8ab1a06970caff20f9e.jpg,416,416,1,215,245,229,271
499_jpg.rf.22d7dd1b981ac8ab1a06970caff20f9e.jpg,416,416,1,306,225,319,249
2052_jpg.rf.20f3258a679e01c81cb64c5202fa730a.jpg,416,416,1,158,146,210,186
2052_jpg.rf.20f3258a679e01c81cb64c5202fa730a.jpg,416,416,2,207,145,259,186
2052_jpg.rf.20f3258a679e01c81cb64c5202fa730a.jpg,416,416,3,256,145,308,185
2052_jpg.rf.20f3258a679e01c81cb64c5202fa730a.jpg,416,416,4,158,187,209,229
2052_jpg.rf.20f3258a679e01c81cb64c5202fa730a.jpg,416,416,5,209,187,260,229
2052_jpg.rf.20f3258a679e01c81cb64c5202fa730a.jpg,416,416,6,258,186,309,228
2052_jpg.rf.20f3258a679e01c81cb64c5202fa730a.jpg,416,416,7,158,230,209,272
2052_jpg.rf.20f3258a679e01c81cb64c5202fa730a.jpg,416,416,8,210,230,261,272
2052_jpg.rf.20f3258a679e01c81cb64c5202fa730a.jpg,416,416,9,260,230,311,272
2052_jpg.rf.20f3258a679e01c81cb64c5202fa730a.jpg,416,416,-,158,274,209,319
2052_jpg.rf.20f3258a679e01c81cb64c5202fa730a.jpg,416,416,0,209,273,262,319
295_jpg.rf.245f74c13e80433410c1ffb8fe91b816.jpg,416,416,R,242,120,282,145
295_jpg.rf.245f74c13e80433410c1ffb8fe91b816.jpg,416,416,6,239,148,279,172
295_jpg.rf.245f74c13e80433410c1ffb8fe91b816.jpg,416,416,5,235,175,274,198
295_jpg.rf.245f74c13e80433410c1ffb8fe91b816.jpg,416,416,4,232,201,270,224
295_jpg.rf.245f74c13e80433410c1ffb8fe91b816.jpg,416,416,3,177,146,216,169
295_jpg.rf.245f74c13e80433410c1ffb8fe91b816.jpg,416,416,2,174,173,213,197
295_jpg.rf.245f74c13e80433410c1ffb8fe91b816.jpg,416,416,1,170,226,206,248
161_jpg.rf.2107d1033d119a7f647170529dea6341.jpg,416,416,2,221,251,258,284
161_jpg.rf.2107d1033d119a7f647170529dea6341.jpg,416,416,2,188,253,217,282
161_jpg.rf.2107d1033d119a7f647170529dea6341.jpg,416,416,1,189,284,216,309
769_jpg.rf.252356aa88d23f964f06018f36f0872b.jpg,416,416,4,177,112,231,143
769_jpg.rf.252356aa88d23f964f06018f36f0872b.jpg,416,416,3,178,146,233,175
769_jpg.rf.252356aa88d23f964f06018f36f0872b.jpg,416,416,2,178,177,229,207
769_jpg.rf.252356aa88d23f964f06018f36f0872b.jpg,416,416,1,181,207,230,236
769_jpg.rf.252356aa88d23f964f06018f36f0872b.jpg,416,416,G,180,237,232,267
452_jpg.rf.235c82a6542202f6dad95c664ef63f91.jpg,416,416,3,164,14,202,68
452_jpg.rf.235c82a6542202f6dad95c664ef63f91.jpg,416,416,2,165,71,202,125
452_jpg.rf.235c82a6542202f6dad95c664ef63f91.jpg,416,416,1,163,125,201,179
452_jpg.rf.235c82a6542202f6dad95c664ef63f91.jpg,416,416,B,164,179,199,233
372_jpg.rf.25e9a8e36401ae34433e92d10b9f6206.jpg,416,416,6,246,132,294,168
372_jpg.rf.25e9a8e36401ae34433e92d10b9f6206.jpg,416,416,5,126,129,177,165
372_jpg.rf.25e9a8e36401ae34433e92d10b9f6206.jpg,416,416,4,243,178,291,214
372_jpg.rf.25e9a8e36401ae34433e92d10b9f6206.jpg,416,416,3,124,177,175,214
372_jpg.rf.25e9a8e36401ae34433e92d10b9f6206.jpg,416,416,2,242,226,292,261
372_jpg.rf.25e9a8e36401ae34433e92d10b9f6206.jpg,416,416,1,122,224,174,260
372_jpg.rf.25e9a8e36401ae34433e92d10b9f6206.jpg,416,416,G,182,271,231,306
1_jpg.rf.246a783e0e2242243045b55875ff5693.jpg,416,416,B,202,235,231,269
1_jpg.rf.246a783e0e2242243045b55875ff5693.jpg,416,416,G,202,194,233,232
1_jpg.rf.246a783e0e2242243045b55875ff5693.jpg,416,416,1,202,146,233,182
1_jpg.rf.246a783e0e2242243045b55875ff5693.jpg,416,416,2,203,95,234,135
1399_jpg.rf.264213453bf3455ec59dfc0830284b39.jpg,416,416,9,215,0,369,113
1399_jpg.rf.264213453bf3455ec59dfc0830284b39.jpg,416,416,8,204,130,319,241
1399_jpg.rf.264213453bf3455ec59dfc0830284b39.jpg,416,416,7,193,248,285,330
1399_jpg.rf.264213453bf3455ec59dfc0830284b39.jpg,416,416,2,54,236,136,306
540_jpg.rf.24d5cfa52dcaecd400361faac292f1cf.jpg,416,416,G,44,171,58,187
540_jpg.rf.24d5cfa52dcaecd400361faac292f1cf.jpg,416,416,1,59,171,73,188
540_jpg.rf.24d5cfa52dcaecd400361faac292f1cf.jpg,416,416,2,75,171,89,188
540_jpg.rf.24d5cfa52dcaecd400361faac292f1cf.jpg,416,416,3,91,173,103,188
540_jpg.rf.24d5cfa52dcaecd400361faac292f1cf.jpg,416,416,4,107,174,118,188
540_jpg.rf.24d5cfa52dcaecd400361faac292f1cf.jpg,416,416,5,122,174,134,190
540_jpg.rf.24d5cfa52dcaecd400361faac292f1cf.jpg,416,416,6,137,175,149,190
540_jpg.rf.24d5cfa52dcaecd400361faac292f1cf.jpg,416,416,7,152,175,164,191
540_jpg.rf.24d5cfa52dcaecd400361faac292f1cf.jpg,416,416,8,166,176,178,191
540_jpg.rf.24d5cfa52dcaecd400361faac292f1cf.jpg,416,416,9,181,177,192,193
540_jpg.rf.24d5cfa52dcaecd400361faac292f1cf.jpg,416,416,10,195,178,207,193
540_jpg.rf.24d5cfa52dcaecd400361faac292f1cf.jpg,416,416,11,211,179,221,193
540_jpg.rf.24d5cfa52dcaecd400361faac292f1cf.jpg,416,416,12,224,178,235,194
540_jpg.rf.24d5cfa52dcaecd400361faac292f1cf.jpg,416,416,13,238,179,250,195
540_jpg.rf.24d5cfa52dcaecd400361faac292f1cf.jpg,416,416,14,252,179,264,195
540_jpg.rf.24d5cfa52dcaecd400361faac292f1cf.jpg,416,416,15,267,179,279,196
540_jpg.rf.24d5cfa52dcaecd400361faac292f1cf.jpg,416,416,16,281,180,294,196
540_jpg.rf.24d5cfa52dcaecd400361faac292f1cf.jpg,416,416,17,295,180,308,196
540_jpg.rf.24d5cfa52dcaecd400361faac292f1cf.jpg,416,416,18,310,181,323,197
540_jpg.rf.24d5cfa52dcaecd400361faac292f1cf.jpg,416,416,19,324,181,337,198
540_jpg.rf.24d5cfa52dcaecd400361faac292f1cf.jpg,416,416,20,338,182,352,198
540_jpg.rf.24d5cfa52dcaecd400361faac292f1cf.jpg,416,416,21,353,182,366,198
1729_jpg.rf.26793eb902793ef7389fcb762423885e.jpg,416,416,18,218,155,231,165
1729_jpg.rf.26793eb902793ef7389fcb762423885e.jpg,416,416,17,188,155,201,165
1729_jpg.rf.26793eb902793ef7389fcb762423885e.jpg,416,416,16,218,171,231,180
1729_jpg.rf.26793eb902793ef7389fcb762423885e.jpg,416,416,15,188,171,201,181
1729_jpg.rf.26793eb902793ef7389fcb762423885e.jpg,416,416,14,218,186,231,197
1729_jpg.rf.26793eb902793ef7389fcb762423885e.jpg,416,416,13,188,187,202,197
1729_jpg.rf.26793eb902793ef7389fcb762423885e.jpg,416,416,12,218,202,231,212
1729_jpg.rf.26793eb902793ef7389fcb762423885e.jpg,416,416,11,188,203,202,213
1729_jpg.rf.26793eb902793ef7389fcb762423885e.jpg,416,416,10,219,218,232,228
1729_jpg.rf.26793eb902793ef7389fcb762423885e.jpg,416,416,9,189,219,203,229
1729_jpg.rf.26793eb902793ef7389fcb762423885e.jpg,416,416,8,218,233,231,243
1729_jpg.rf.26793eb902793ef7389fcb762423885e.jpg,416,416,7,189,235,203,245
1729_jpg.rf.26793eb902793ef7389fcb762423885e.jpg,416,416,6,219,249,231,258
1729_jpg.rf.26793eb902793ef7389fcb762423885e.jpg,416,416,5,189,250,203,260
1729_jpg.rf.26793eb902793ef7389fcb762423885e.jpg,416,416,4,219,264,232,274
1729_jpg.rf.26793eb902793ef7389fcb762423885e.jpg,416,416,3,189,266,203,276
1729_jpg.rf.26793eb902793ef7389fcb762423885e.jpg,416,416,2,219,279,232,289
1729_jpg.rf.26793eb902793ef7389fcb762423885e.jpg,416,416,1,189,282,203,291
1729_jpg.rf.26793eb902793ef7389fcb762423885e.jpg,416,416,G,205,296,218,305
947_jpg.rf.257531a6bc1ac6e7c67a206de75eb637.jpg,416,416,2,139,87,187,122
947_jpg.rf.257531a6bc1ac6e7c67a206de75eb637.jpg,416,416,1,142,121,188,154
947_jpg.rf.257531a6bc1ac6e7c67a206de75eb637.jpg,416,416,E,143,153,187,182
947_jpg.rf.257531a6bc1ac6e7c67a206de75eb637.jpg,416,416,K,145,183,188,211
1318_jpg.rf.2457b48ba6eba7b1375b73e5929e3df6.jpg,416,416,15,175,118,204,133
1318_jpg.rf.2457b48ba6eba7b1375b73e5929e3df6.jpg,416,416,12,175,130,204,144
1318_jpg.rf.2457b48ba6eba7b1375b73e5929e3df6.jpg,416,416,11,176,142,205,157
1318_jpg.rf.2457b48ba6eba7b1375b73e5929e3df6.jpg,416,416,10,176,154,205,169
1318_jpg.rf.2457b48ba6eba7b1375b73e5929e3df6.jpg,416,416,9,176,166,205,180
1318_jpg.rf.2457b48ba6eba7b1375b73e5929e3df6.jpg,416,416,8,176,177,205,192
1318_jpg.rf.2457b48ba6eba7b1375b73e5929e3df6.jpg,416,416,7,176,189,205,203
1318_jpg.rf.2457b48ba6eba7b1375b73e5929e3df6.jpg,416,416,6,176,199,205,214
1318_jpg.rf.2457b48ba6eba7b1375b73e5929e3df6.jpg,416,416,5,176,211,205,225
1318_jpg.rf.2457b48ba6eba7b1375b73e5929e3df6.jpg,416,416,3,176,222,205,236
1318_jpg.rf.2457b48ba6eba7b1375b73e5929e3df6.jpg,416,416,2,176,233,205,248
1318_jpg.rf.2457b48ba6eba7b1375b73e5929e3df6.jpg,416,416,1,176,245,205,259
1318_jpg.rf.2457b48ba6eba7b1375b73e5929e3df6.jpg,416,416,M,176,255,205,269
1318_jpg.rf.2457b48ba6eba7b1375b73e5929e3df6.jpg,416,416,G,176,266,205,280
759_jpg.rf.25432324f9baaed015a1c5e009f8f531.jpg,416,416,1,145,204,162,232
759_jpg.rf.25432324f9baaed015a1c5e009f8f531.jpg,416,416,2,167,202,183,233
759_jpg.rf.25432324f9baaed015a1c5e009f8f531.jpg,416,416,3,188,202,203,230
759_jpg.rf.25432324f9baaed015a1c5e009f8f531.jpg,416,416,4,146,242,162,271
759_jpg.rf.25432324f9baaed015a1c5e009f8f531.jpg,416,416,5,166,238,184,271
759_jpg.rf.25432324f9baaed015a1c5e009f8f531.jpg,416,416,6,187,237,204,268
759_jpg.rf.25432324f9baaed015a1c5e009f8f531.jpg,416,416,7,146,277,162,306
759_jpg.rf.25432324f9baaed015a1c5e009f8f531.jpg,416,416,8,167,276,183,305
759_jpg.rf.25432324f9baaed015a1c5e009f8f531.jpg,416,416,9,188,274,204,305
759_jpg.rf.25432324f9baaed015a1c5e009f8f531.jpg,416,416,s,146,313,162,345
759_jpg.rf.25432324f9baaed015a1c5e009f8f531.jpg,416,416,0,167,311,184,343
759_jpg.rf.25432324f9baaed015a1c5e009f8f531.jpg,416,416,-,189,310,204,339
695_jpg.rf.249a9898764392f66c80ebf4c9585207.jpg,416,416,4,163,191,241,220
695_jpg.rf.249a9898764392f66c80ebf4c9585207.jpg,416,416,3,165,224,241,252
695_jpg.rf.249a9898764392f66c80ebf4c9585207.jpg,416,416,2,165,256,242,283
695_jpg.rf.249a9898764392f66c80ebf4c9585207.jpg,416,416,1,166,285,242,315
1922_jpg.rf.27974db93490f85a71e76c14cbc7affd.jpg,416,416,5,224,365,241,396
1922_jpg.rf.27974db93490f85a71e76c14cbc7affd.jpg,416,416,10,249,365,266,395
1015_jpg.rf.2377fd66f5cf272a99335a48ebf20ceb.jpg,416,416,G,92,149,109,179
1015_jpg.rf.2377fd66f5cf272a99335a48ebf20ceb.jpg,416,416,1,119,149,137,179
1015_jpg.rf.2377fd66f5cf272a99335a48ebf20ceb.jpg,416,416,2,147,149,164,180
1015_jpg.rf.2377fd66f5cf272a99335a48ebf20ceb.jpg,416,416,3,175,150,191,181
1015_jpg.rf.2377fd66f5cf272a99335a48ebf20ceb.jpg,416,416,4,203,152,218,181
1015_jpg.rf.2377fd66f5cf272a99335a48ebf20ceb.jpg,416,416,5,230,153,246,182
1015_jpg.rf.2377fd66f5cf272a99335a48ebf20ceb.jpg,416,416,6,257,154,273,182
1015_jpg.rf.2377fd66f5cf272a99335a48ebf20ceb.jpg,416,416,7,283,155,300,183
1015_jpg.rf.2377fd66f5cf272a99335a48ebf20ceb.jpg,416,416,8,310,156,326,184
1015_jpg.rf.2377fd66f5cf272a99335a48ebf20ceb.jpg,416,416,9,336,156,353,184
1915_jpg.rf.282d1391afa16c68bf4584676bdf1f02.jpg,416,416,3,203,83,245,136
1915_jpg.rf.282d1391afa16c68bf4584676bdf1f02.jpg,416,416,2,206,143,245,192
1915_jpg.rf.282d1391afa16c68bf4584676bdf1f02.jpg,416,416,1,207,197,245,243
1038_jpg.rf.26a3832537103414871d1709d13fa09e.jpg,416,416,4,226,150,240,176
1038_jpg.rf.26a3832537103414871d1709d13fa09e.jpg,416,416,R,255,113,273,144
1038_jpg.rf.26a3832537103414871d1709d13fa09e.jpg,416,416,8,256,149,272,176
1038_jpg.rf.26a3832537103414871d1709d13fa09e.jpg,416,416,7,257,180,272,208
1038_jpg.rf.26a3832537103414871d1709d13fa09e.jpg,416,416,2,226,216,241,244
1038_jpg.rf.26a3832537103414871d1709d13fa09e.jpg,416,416,1,227,249,242,276
1038_jpg.rf.26a3832537103414871d1709d13fa09e.jpg,416,416,6,258,248,273,274
811_jpg.rf.25cf2dac973a3444357f8ba3ac163688.jpg,416,416,11,84,14,126,65
811_jpg.rf.25cf2dac973a3444357f8ba3ac163688.jpg,416,416,11,117,14,166,64
811_jpg.rf.25cf2dac973a3444357f8ba3ac163688.jpg,416,416,12,182,19,230,76
811_jpg.rf.25cf2dac973a3444357f8ba3ac163688.jpg,416,416,12,226,20,281,76
811_jpg.rf.25cf2dac973a3444357f8ba3ac163688.jpg,416,416,9,88,77,131,126
811_jpg.rf.25cf2dac973a3444357f8ba3ac163688.jpg,416,416,9,122,78,168,127
811_jpg.rf.25cf2dac973a3444357f8ba3ac163688.jpg,416,416,10,188,88,217,136
811_jpg.rf.25cf2dac973a3444357f8ba3ac163688.jpg,416,416,10,221,90,276,141
811_jpg.rf.25cf2dac973a3444357f8ba3ac163688.jpg,416,416,7,97,135,135,181
811_jpg.rf.25cf2dac973a3444357f8ba3ac163688.jpg,416,416,7,127,138,170,181
811_jpg.rf.25cf2dac973a3444357f8ba3ac163688.jpg,416,416,8,184,147,226,198
811_jpg.rf.25cf2dac973a3444357f8ba3ac163688.jpg,416,416,8,221,153,271,198
811_jpg.rf.25cf2dac973a3444357f8ba3ac163688.jpg,416,416,5,98,183,136,229
811_jpg.rf.25cf2dac973a3444357f8ba3ac163688.jpg,416,416,5,130,191,171,230
811_jpg.rf.25cf2dac973a3444357f8ba3ac163688.jpg,416,416,6,185,201,226,248
811_jpg.rf.25cf2dac973a3444357f8ba3ac163688.jpg,416,416,6,219,211,268,252
811_jpg.rf.25cf2dac973a3444357f8ba3ac163688.jpg,416,416,3,105,229,141,270
811_jpg.rf.25cf2dac973a3444357f8ba3ac163688.jpg,416,416,3,132,239,172,273
811_jpg.rf.25cf2dac973a3444357f8ba3ac163688.jpg,416,416,4,184,249,227,293
811_jpg.rf.25cf2dac973a3444357f8ba3ac163688.jpg,416,416,4,218,260,264,298
811_jpg.rf.25cf2dac973a3444357f8ba3ac163688.jpg,416,416,1,108,270,144,312
811_jpg.rf.25cf2dac973a3444357f8ba3ac163688.jpg,416,416,1,136,281,173,314
811_jpg.rf.25cf2dac973a3444357f8ba3ac163688.jpg,416,416,2,184,293,226,336
811_jpg.rf.25cf2dac973a3444357f8ba3ac163688.jpg,416,416,2,217,304,260,341
411_jpg.rf.29a29f9e5328da4e94ef8a52f1fedb61.jpg,416,416,4,194,103,241,167
411_jpg.rf.29a29f9e5328da4e94ef8a52f1fedb61.jpg,416,416,3,197,170,241,227
411_jpg.rf.29a29f9e5328da4e94ef8a52f1fedb61.jpg,416,416,2,197,228,241,287
411_jpg.rf.29a29f9e5328da4e94ef8a52f1fedb61.jpg,416,416,1,198,281,238,335
306_jpg.rf.287e5fc191bf9ac76f16cfef55957fe6.jpg,416,416,P,196,280,209,296
983_jpg.rf.247ef480259b5bcb05150a91f01fea0d.jpg,416,416,7,202,8,230,54
983_jpg.rf.247ef480259b5bcb05150a91f01fea0d.jpg,416,416,6,200,58,228,107
983_jpg.rf.247ef480259b5bcb05150a91f01fea0d.jpg,416,416,5,198,111,227,159
983_jpg.rf.247ef480259b5bcb05150a91f01fea0d.jpg,416,416,4,197,165,224,210
983_jpg.rf.247ef480259b5bcb05150a91f01fea0d.jpg,416,416,3,196,217,224,261
983_jpg.rf.247ef480259b5bcb05150a91f01fea0d.jpg,416,416,2,195,268,221,312
983_jpg.rf.247ef480259b5bcb05150a91f01fea0d.jpg,416,416,1,192,319,221,363
983_jpg.rf.247ef480259b5bcb05150a91f01fea0d.jpg,416,416,B,191,372,220,414
983_jpg.rf.247ef480259b5bcb05150a91f01fea0d.jpg,416,416,10,260,13,288,60
983_jpg.rf.247ef480259b5bcb05150a91f01fea0d.jpg,416,416,9,258,67,286,112
983_jpg.rf.247ef480259b5bcb05150a91f01fea0d.jpg,416,416,8,256,121,284,163
212_jpg.rf.28a47333a2af6b8c57be5e8b69fa8cb7.jpg,416,416,6,183,64,204,102
212_jpg.rf.28a47333a2af6b8c57be5e8b69fa8cb7.jpg,416,416,7,235,78,259,119
212_jpg.rf.28a47333a2af6b8c57be5e8b69fa8cb7.jpg,416,416,3,181,115,201,152
212_jpg.rf.28a47333a2af6b8c57be5e8b69fa8cb7.jpg,416,416,4,206,125,228,162
212_jpg.rf.28a47333a2af6b8c57be5e8b69fa8cb7.jpg,416,416,5,231,134,256,175
212_jpg.rf.28a47333a2af6b8c57be5e8b69fa8cb7.jpg,416,416,G,201,175,224,214
212_jpg.rf.28a47333a2af6b8c57be5e8b69fa8cb7.jpg,416,416,1,229,188,252,228
1185_jpg.rf.2741865bf1cb9670d05740a65246098c.jpg,416,416,B,225,224,234,241
1185_jpg.rf.2741865bf1cb9670d05740a65246098c.jpg,416,416,B,225,194,234,212
1185_jpg.rf.2741865bf1cb9670d05740a65246098c.jpg,416,416,1,225,166,234,183
1185_jpg.rf.2741865bf1cb9670d05740a65246098c.jpg,416,416,2,225,138,234,155
1717_jpg.rf.2a22db0d2356abeeec78c77a443fe650.jpg,416,416,5,203,61,239,98
1717_jpg.rf.2a22db0d2356abeeec78c77a443fe650.jpg,416,416,3,204,112,241,152
1717_jpg.rf.2a22db0d2356abeeec78c77a443fe650.jpg,416,416,2,205,162,241,202
1717_jpg.rf.2a22db0d2356abeeec78c77a443fe650.jpg,416,416,1,206,210,241,248
911_jpg.rf.283677212511892e066d60f0519add0d.jpg,416,416,2,138,59,268,128
1540_jpg.rf.29ab721264225d894ccaefdc49ef05f0.jpg,416,416,1,126,218,160,241
1540_jpg.rf.29ab721264225d894ccaefdc49ef05f0.jpg,416,416,2,166,217,200,240
1540_jpg.rf.29ab721264225d894ccaefdc49ef05f0.jpg,416,416,3,205,215,239,238
1540_jpg.rf.29ab721264225d894ccaefdc49ef05f0.jpg,416,416,4,126,243,160,267
1540_jpg.rf.29ab721264225d894ccaefdc49ef05f0.jpg,416,416,5,166,242,197,264
1540_jpg.rf.29ab721264225d894ccaefdc49ef05f0.jpg,416,416,6,204,241,235,263
1540_jpg.rf.29ab721264225d894ccaefdc49ef05f0.jpg,416,416,9,201,265,231,284
1540_jpg.rf.29ab721264225d894ccaefdc49ef05f0.jpg,416,416,-,200,287,230,306
512_jpg.rf.2a7449b48216eb5800f48946266bae0a.jpg,416,416,10,108,69,176,112
512_jpg.rf.2a7449b48216eb5800f48946266bae0a.jpg,416,416,8,115,117,178,156
512_jpg.rf.2a7449b48216eb5800f48946266bae0a.jpg,416,416,9,208,117,268,155
512_jpg.rf.2a7449b48216eb5800f48946266bae0a.jpg,416,416,6,121,160,180,194
512_jpg.rf.2a7449b48216eb5800f48946266bae0a.jpg,416,416,7,206,158,263,192
512_jpg.rf.2a7449b48216eb5800f48946266bae0a.jpg,416,416,4,128,197,182,227
512_jpg.rf.2a7449b48216eb5800f48946266bae0a.jpg,416,416,5,208,195,260,225
512_jpg.rf.2a7449b48216eb5800f48946266bae0a.jpg,416,416,2,131,229,184,256
512_jpg.rf.2a7449b48216eb5800f48946266bae0a.jpg,416,416,3,207,228,255,253
512_jpg.rf.2a7449b48216eb5800f48946266bae0a.jpg,416,416,0,135,257,183,281
512_jpg.rf.2a7449b48216eb5800f48946266bae0a.jpg,416,416,1,207,257,254,280
1181_jpg.rf.28352d8089258eaeae1cd3b8e4ee73c4.jpg,416,416,2,149,144,181,166
1181_jpg.rf.28352d8089258eaeae1cd3b8e4ee73c4.jpg,416,416,3,242,140,272,162
1181_jpg.rf.28352d8089258eaeae1cd3b8e4ee73c4.jpg,416,416,G,199,181,227,199
1343_jpg.rf.2aea7424b4428e58f86e8c50b9e91576.jpg,416,416,17,210,69,236,85
1343_jpg.rf.2aea7424b4428e58f86e8c50b9e91576.jpg,416,416,16,210,93,235,110
1343_jpg.rf.2aea7424b4428e58f86e8c50b9e91576.jpg,416,416,15,210,118,236,135
1343_jpg.rf.2aea7424b4428e58f86e8c50b9e91576.jpg,416,416,14,211,143,235,159
1343_jpg.rf.2aea7424b4428e58f86e8c50b9e91576.jpg,416,416,13,210,167,234,181
1343_jpg.rf.2aea7424b4428e58f86e8c50b9e91576.jpg,416,416,12,211,190,234,204
1343_jpg.rf.2aea7424b4428e58f86e8c50b9e91576.jpg,416,416,11,210,212,235,226
1343_jpg.rf.2aea7424b4428e58f86e8c50b9e91576.jpg,416,416,10,211,234,234,248
1343_jpg.rf.2aea7424b4428e58f86e8c50b9e91576.jpg,416,416,9,211,256,234,270
1343_jpg.rf.2aea7424b4428e58f86e8c50b9e91576.jpg,416,416,8,177,93,203,110
1343_jpg.rf.2aea7424b4428e58f86e8c50b9e91576.jpg,416,416,7,179,118,204,135
1343_jpg.rf.2aea7424b4428e58f86e8c50b9e91576.jpg,416,416,6,179,143,204,159
1343_jpg.rf.2aea7424b4428e58f86e8c50b9e91576.jpg,416,416,5,180,167,204,182
1343_jpg.rf.2aea7424b4428e58f86e8c50b9e91576.jpg,416,416,4,181,191,204,205
1343_jpg.rf.2aea7424b4428e58f86e8c50b9e91576.jpg,416,416,3,181,213,205,226
1343_jpg.rf.2aea7424b4428e58f86e8c50b9e91576.jpg,416,416,2,181,234,204,248
1343_jpg.rf.2aea7424b4428e58f86e8c50b9e91576.jpg,416,416,1,182,256,205,270
1343_jpg.rf.2aea7424b4428e58f86e8c50b9e91576.jpg,416,416,G,181,278,205,291
1630_jpg.rf.2a3f78b02289b40b3469c1aceac06a98.jpg,416,416,4,191,22,219,60
1630_jpg.rf.2a3f78b02289b40b3469c1aceac06a98.jpg,416,416,3,191,67,219,107
1630_jpg.rf.2a3f78b02289b40b3469c1aceac06a98.jpg,416,416,2,190,116,219,155
1630_jpg.rf.2a3f78b02289b40b3469c1aceac06a98.jpg,416,416,1,189,161,219,201
1630_jpg.rf.2a3f78b02289b40b3469c1aceac06a98.jpg,416,416,B,190,209,218,248
162_jpg.rf.290cb8d93903a854a34d4b7b45b432da.jpg,416,416,28,204,168,239,195
162_jpg.rf.290cb8d93903a854a34d4b7b45b432da.jpg,416,416,26,204,198,238,223
162_jpg.rf.290cb8d93903a854a34d4b7b45b432da.jpg,416,416,22,203,225,236,249
162_jpg.rf.290cb8d93903a854a34d4b7b45b432da.jpg,416,416,20,203,251,234,274
162_jpg.rf.290cb8d93903a854a34d4b7b45b432da.jpg,416,416,18,201,276,233,299
162_jpg.rf.290cb8d93903a854a34d4b7b45b432da.jpg,416,416,16,201,301,231,322
162_jpg.rf.290cb8d93903a854a34d4b7b45b432da.jpg,416,416,12,200,324,230,345
162_jpg.rf.290cb8d93903a854a34d4b7b45b432da.jpg,416,416,10,161,168,196,195
162_jpg.rf.290cb8d93903a854a34d4b7b45b432da.jpg,416,416,8,160,198,196,223
162_jpg.rf.290cb8d93903a854a34d4b7b45b432da.jpg,416,416,6,160,226,195,250
162_jpg.rf.290cb8d93903a854a34d4b7b45b432da.jpg,416,416,4,161,252,194,276
162_jpg.rf.290cb8d93903a854a34d4b7b45b432da.jpg,416,416,3,162,278,194,301
162_jpg.rf.290cb8d93903a854a34d4b7b45b432da.jpg,416,416,2,162,302,192,323
162_jpg.rf.290cb8d93903a854a34d4b7b45b432da.jpg,416,416,1,161,326,193,347
216_jpg.rf.289ec5ef3cfb8bcce8310e5f60e54269.jpg,416,416,2,60,27,151,153
216_jpg.rf.289ec5ef3cfb8bcce8310e5f60e54269.jpg,416,416,5,226,29,316,154
216_jpg.rf.289ec5ef3cfb8bcce8310e5f60e54269.jpg,416,416,1,61,154,152,277
216_jpg.rf.289ec5ef3cfb8bcce8310e5f60e54269.jpg,416,416,4,224,151,313,274
216_jpg.rf.289ec5ef3cfb8bcce8310e5f60e54269.jpg,416,416,3,221,273,313,396
1572_jpg.rf.29ce567ecbd300899477363507ea9934.jpg,416,416,3,93,98,151,144
1572_jpg.rf.29ce567ecbd300899477363507ea9934.jpg,416,416,6,204,101,259,144
1572_jpg.rf.29ce567ecbd300899477363507ea9934.jpg,416,416,2,94,148,150,190
1572_jpg.rf.29ce567ecbd300899477363507ea9934.jpg,416,416,5,202,149,257,191
1572_jpg.rf.29ce567ecbd300899477363507ea9934.jpg,416,416,1,94,194,150,236
1572_jpg.rf.29ce567ecbd300899477363507ea9934.jpg,416,416,4,200,193,256,235
2028_jpg.rf.2c530998da3bf893791f607734a82eb0.jpg,416,416,7,146,85,187,150
2028_jpg.rf.2c530998da3bf893791f607734a82eb0.jpg,416,416,8,191,102,238,173
2028_jpg.rf.2c530998da3bf893791f607734a82eb0.jpg,416,416,9,243,121,297,197
2028_jpg.rf.2c530998da3bf893791f607734a82eb0.jpg,416,416,4,151,147,188,210
2028_jpg.rf.2c530998da3bf893791f607734a82eb0.jpg,416,416,5,194,171,237,236
2028_jpg.rf.2c530998da3bf893791f607734a82eb0.jpg,416,416,6,243,193,291,265
2028_jpg.rf.2c530998da3bf893791f607734a82eb0.jpg,416,416,3,242,258,287,324
2028_jpg.rf.2c530998da3bf893791f607734a82eb0.jpg,416,416,0,197,283,235,345
2028_jpg.rf.2c530998da3bf893791f607734a82eb0.jpg,416,416,2,195,230,235,293
2028_jpg.rf.2c530998da3bf893791f607734a82eb0.jpg,416,416,1,154,208,190,265
2028_jpg.rf.2c530998da3bf893791f607734a82eb0.jpg,416,416,G,157,258,192,316
22_jpg.rf.2a2911859f554f73e56d53d8bb2502d3.jpg,416,416,3,232,92,298,173
22_jpg.rf.2a2911859f554f73e56d53d8bb2502d3.jpg,416,416,3,310,93,368,173
22_jpg.rf.2a2911859f554f73e56d53d8bb2502d3.jpg,416,416,13,313,1,368,79
22_jpg.rf.2a2911859f554f73e56d53d8bb2502d3.jpg,416,416,13,231,0,299,73
785_jpg.rf.2baa5fd75d0e02282097d3457d592f5c.jpg,416,416,39,119,33,213,197
785_jpg.rf.2baa5fd75d0e02282097d3457d592f5c.jpg,416,416,36,124,227,213,380
785_jpg.rf.2baa5fd75d0e02282097d3457d592f5c.jpg,416,416,40,304,28,400,195
785_jpg.rf.2baa5fd75d0e02282097d3457d592f5c.jpg,416,416,37,302,224,393,379
734_jpg.rf.2a04f2350ff4c41e0b29aa4afd44b023.jpg,416,416,5,204,54,222,81
734_jpg.rf.2a04f2350ff4c41e0b29aa4afd44b023.jpg,416,416,4,203,95,223,123
734_jpg.rf.2a04f2350ff4c41e0b29aa4afd44b023.jpg,416,416,3,203,136,223,164
734_jpg.rf.2a04f2350ff4c41e0b29aa4afd44b023.jpg,416,416,2,202,180,222,207
734_jpg.rf.2a04f2350ff4c41e0b29aa4afd44b023.jpg,416,416,1,202,218,223,251
734_jpg.rf.2a04f2350ff4c41e0b29aa4afd44b023.jpg,416,416,G,202,262,222,289
1479_jpg.rf.2b7c9c0d9b787c252945a71a682babf5.jpg,416,416,20,225,143,242,155
1479_jpg.rf.2b7c9c0d9b787c252945a71a682babf5.jpg,416,416,20,205,144,221,155
1479_jpg.rf.2b7c9c0d9b787c252945a71a682babf5.jpg,416,416,19,224,153,242,163
1479_jpg.rf.2b7c9c0d9b787c252945a71a682babf5.jpg,416,416,19,205,153,222,164
1479_jpg.rf.2b7c9c0d9b787c252945a71a682babf5.jpg,416,416,18,205,162,223,172
1479_jpg.rf.2b7c9c0d9b787c252945a71a682babf5.jpg,416,416,18,224,162,241,173
1479_jpg.rf.2b7c9c0d9b787c252945a71a682babf5.jpg,416,416,17,204,170,222,181
1479_jpg.rf.2b7c9c0d9b787c252945a71a682babf5.jpg,416,416,17,224,171,241,181
1479_jpg.rf.2b7c9c0d9b787c252945a71a682babf5.jpg,416,416,16,204,179,221,190
1479_jpg.rf.2b7c9c0d9b787c252945a71a682babf5.jpg,416,416,16,223,180,241,190
1479_jpg.rf.2b7c9c0d9b787c252945a71a682babf5.jpg,416,416,15,203,188,221,199
1479_jpg.rf.2b7c9c0d9b787c252945a71a682babf5.jpg,416,416,15,223,188,240,199
1479_jpg.rf.2b7c9c0d9b787c252945a71a682babf5.jpg,416,416,14,203,197,221,208
1479_jpg.rf.2b7c9c0d9b787c252945a71a682babf5.jpg,416,416,14,223,197,240,208
1479_jpg.rf.2b7c9c0d9b787c252945a71a682babf5.jpg,416,416,13,203,205,220,216
1479_jpg.rf.2b7c9c0d9b787c252945a71a682babf5.jpg,416,416,13,222,206,240,217
1479_jpg.rf.2b7c9c0d9b787c252945a71a682babf5.jpg,416,416,12,202,214,220,225
1479_jpg.rf.2b7c9c0d9b787c252945a71a682babf5.jpg,416,416,12,222,214,240,225
1479_jpg.rf.2b7c9c0d9b787c252945a71a682babf5.jpg,416,416,11,202,223,219,234
1479_jpg.rf.2b7c9c0d9b787c252945a71a682babf5.jpg,416,416,11,222,223,239,234
1479_jpg.rf.2b7c9c0d9b787c252945a71a682babf5.jpg,416,416,10,202,231,219,242
1479_jpg.rf.2b7c9c0d9b787c252945a71a682babf5.jpg,416,416,10,222,232,239,243
1479_jpg.rf.2b7c9c0d9b787c252945a71a682babf5.jpg,416,416,9,202,240,219,251
1479_jpg.rf.2b7c9c0d9b787c252945a71a682babf5.jpg,416,416,9,221,240,239,252
1479_jpg.rf.2b7c9c0d9b787c252945a71a682babf5.jpg,416,416,8,201,249,217,259
1479_jpg.rf.2b7c9c0d9b787c252945a71a682babf5.jpg,416,416,7,201,258,217,268
1479_jpg.rf.2b7c9c0d9b787c252945a71a682babf5.jpg,416,416,6,201,266,218,278
1479_jpg.rf.2b7c9c0d9b787c252945a71a682babf5.jpg,416,416,5,200,275,217,286
1479_jpg.rf.2b7c9c0d9b787c252945a71a682babf5.jpg,416,416,4,200,283,216,295
1479_jpg.rf.2b7c9c0d9b787c252945a71a682babf5.jpg,416,416,3,200,292,217,304
1479_jpg.rf.2b7c9c0d9b787c252945a71a682babf5.jpg,416,416,2,200,302,216,313
1479_jpg.rf.2b7c9c0d9b787c252945a71a682babf5.jpg,416,416,1,199,311,217,322
1479_jpg.rf.2b7c9c0d9b787c252945a71a682babf5.jpg,416,416,G,198,321,216,332
1479_jpg.rf.2b7c9c0d9b787c252945a71a682babf5.jpg,416,416,8,221,249,238,261
1479_jpg.rf.2b7c9c0d9b787c252945a71a682babf5.jpg,416,416,7,221,258,239,270
1479_jpg.rf.2b7c9c0d9b787c252945a71a682babf5.jpg,416,416,6,220,267,238,279
1479_jpg.rf.2b7c9c0d9b787c252945a71a682babf5.jpg,416,416,5,220,275,238,288
1479_jpg.rf.2b7c9c0d9b787c252945a71a682babf5.jpg,416,416,4,220,285,237,297
1479_jpg.rf.2b7c9c0d9b787c252945a71a682babf5.jpg,416,416,3,220,294,237,306
1479_jpg.rf.2b7c9c0d9b787c252945a71a682babf5.jpg,416,416,2,219,303,237,316
1595_jpg.rf.2d3cbd39056bb064a4bc63945ebe3757.jpg,416,416,4,69,26,129,110
1595_jpg.rf.2d3cbd39056bb064a4bc63945ebe3757.jpg,416,416,2,87,138,138,205
1595_jpg.rf.2d3cbd39056bb064a4bc63945ebe3757.jpg,416,416,G,101,225,146,277
1595_jpg.rf.2d3cbd39056bb064a4bc63945ebe3757.jpg,416,416,3,220,144,266,209
1595_jpg.rf.2d3cbd39056bb064a4bc63945ebe3757.jpg,416,416,5,222,29,275,119
47_jpg.rf.2b38f7a657a7942cf6d9edb0f774e1ca.jpg,416,416,1,82,273,127,324
47_jpg.rf.2b38f7a657a7942cf6d9edb0f774e1ca.jpg,416,416,2,80,203,126,261
47_jpg.rf.2b38f7a657a7942cf6d9edb0f774e1ca.jpg,416,416,3,75,124,125,192
566_jpg.rf.2c764afebb7057ba3da09b6225fba532.jpg,416,416,3,194,133,216,162
566_jpg.rf.2c764afebb7057ba3da09b6225fba532.jpg,416,416,3,215,134,235,162
566_jpg.rf.2c764afebb7057ba3da09b6225fba532.jpg,416,416,2,195,181,215,209
566_jpg.rf.2c764afebb7057ba3da09b6225fba532.jpg,416,416,2,215,179,235,208
566_jpg.rf.2c764afebb7057ba3da09b6225fba532.jpg,416,416,1,194,224,216,251
566_jpg.rf.2c764afebb7057ba3da09b6225fba532.jpg,416,416,1,215,223,235,251
1957_jpg.rf.2bd976e012580fd48474767d361b4633.jpg,416,416,1,147,328,185,355
1957_jpg.rf.2bd976e012580fd48474767d361b4633.jpg,416,416,2,192,328,230,355
1957_jpg.rf.2bd976e012580fd48474767d361b4633.jpg,416,416,3,238,328,276,354
1957_jpg.rf.2bd976e012580fd48474767d361b4633.jpg,416,416,6,240,295,278,322
1957_jpg.rf.2bd976e012580fd48474767d361b4633.jpg,416,416,5,192,295,230,323
1957_jpg.rf.2bd976e012580fd48474767d361b4633.jpg,416,416,7,145,261,183,291
1957_jpg.rf.2bd976e012580fd48474767d361b4633.jpg,416,416,8,194,263,232,289
1957_jpg.rf.2bd976e012580fd48474767d361b4633.jpg,416,416,9,241,262,279,289
1957_jpg.rf.2bd976e012580fd48474767d361b4633.jpg,416,416,10,145,227,182,256
1957_jpg.rf.2bd976e012580fd48474767d361b4633.jpg,416,416,11,193,227,231,256
1957_jpg.rf.2bd976e012580fd48474767d361b4633.jpg,416,416,12,241,227,279,256
1957_jpg.rf.2bd976e012580fd48474767d361b4633.jpg,416,416,13,145,190,182,219
1957_jpg.rf.2bd976e012580fd48474767d361b4633.jpg,416,416,15,243,191,282,221
1957_jpg.rf.2bd976e012580fd48474767d361b4633.jpg,416,416,16,141,152,183,185
1957_jpg.rf.2bd976e012580fd48474767d361b4633.jpg,416,416,17,190,154,233,185
1957_jpg.rf.2bd976e012580fd48474767d361b4633.jpg,416,416,18,244,152,284,186
1957_jpg.rf.2bd976e012580fd48474767d361b4633.jpg,416,416,21,244,115,284,149
1957_jpg.rf.2bd976e012580fd48474767d361b4633.jpg,416,416,20,193,113,234,147
1957_jpg.rf.2bd976e012580fd48474767d361b4633.jpg,416,416,19,143,114,184,148
1957_jpg.rf.2bd976e012580fd48474767d361b4633.jpg,416,416,22,142,76,183,110
1957_jpg.rf.2bd976e012580fd48474767d361b4633.jpg,416,416,23,193,76,234,110
1957_jpg.rf.2bd976e012580fd48474767d361b4633.jpg,416,416,25,141,36,184,72
1957_jpg.rf.2bd976e012580fd48474767d361b4633.jpg,416,416,26,192,36,235,70
1957_jpg.rf.2bd976e012580fd48474767d361b4633.jpg,416,416,27,245,37,288,71
1579_jpg.rf.2e026662d0b9d4f469cc713df1dd3375.jpg,416,416,7,217,17,308,99
1579_jpg.rf.2e026662d0b9d4f469cc713df1dd3375.jpg,416,416,6,219,122,297,193
1579_jpg.rf.2e026662d0b9d4f469cc713df1dd3375.jpg,416,416,5,219,207,289,267
1579_jpg.rf.2e026662d0b9d4f469cc713df1dd3375.jpg,416,416,4,220,278,284,329
1579_jpg.rf.2e026662d0b9d4f469cc713df1dd3375.jpg,416,416,3,70,222,149,283
1579_jpg.rf.2e026662d0b9d4f469cc713df1dd3375.jpg,416,416,2,83,294,159,349
1579_jpg.rf.2e026662d0b9d4f469cc713df1dd3375.jpg,416,416,1,95,356,164,405
1579_jpg.rf.2e026662d0b9d4f469cc713df1dd3375.jpg,416,416,7,0,231,66,289
1579_jpg.rf.2e026662d0b9d4f469cc713df1dd3375.jpg,416,416,6,11,307,81,356
1579_jpg.rf.2e026662d0b9d4f469cc713df1dd3375.jpg,416,416,5,30,371,94,412
1579_jpg.rf.2e026662d0b9d4f469cc713df1dd3375.jpg,416,416,11,315,18,383,86
1579_jpg.rf.2e026662d0b9d4f469cc713df1dd3375.jpg,416,416,10,304,119,369,175
1579_jpg.rf.2e026662d0b9d4f469cc713df1dd3375.jpg,416,416,9,294,208,356,254
1579_jpg.rf.2e026662d0b9d4f469cc713df1dd3375.jpg,416,416,8,291,274,344,317
1271_jpg.rf.2c3c11cf1ab4bbd78e64c31f206bf88c.jpg,416,416,14,226,184,234,191
1271_jpg.rf.2c3c11cf1ab4bbd78e64c31f206bf88c.jpg,416,416,13,226,195,233,201
1271_jpg.rf.2c3c11cf1ab4bbd78e64c31f206bf88c.jpg,416,416,12,226,205,233,211
1271_jpg.rf.2c3c11cf1ab4bbd78e64c31f206bf88c.jpg,416,416,11,225,215,233,222
1271_jpg.rf.2c3c11cf1ab4bbd78e64c31f206bf88c.jpg,416,416,10,225,226,233,232
1271_jpg.rf.2c3c11cf1ab4bbd78e64c31f206bf88c.jpg,416,416,9,225,236,233,242
1271_jpg.rf.2c3c11cf1ab4bbd78e64c31f206bf88c.jpg,416,416,7,198,184,206,192
1271_jpg.rf.2c3c11cf1ab4bbd78e64c31f206bf88c.jpg,416,416,6,198,195,206,202
1271_jpg.rf.2c3c11cf1ab4bbd78e64c31f206bf88c.jpg,416,416,5,198,206,207,212
1271_jpg.rf.2c3c11cf1ab4bbd78e64c31f206bf88c.jpg,416,416,4,198,217,206,224
1271_jpg.rf.2c3c11cf1ab4bbd78e64c31f206bf88c.jpg,416,416,3,198,227,207,235
1271_jpg.rf.2c3c11cf1ab4bbd78e64c31f206bf88c.jpg,416,416,2,197,238,206,245
1271_jpg.rf.2c3c11cf1ab4bbd78e64c31f206bf88c.jpg,416,416,1,197,249,207,256
1271_jpg.rf.2c3c11cf1ab4bbd78e64c31f206bf88c.jpg,416,416,G,198,259,206,266
1506_jpg.rf.28bf3c3d9c2e9a832c29334e1b53f1c2.jpg,416,416,7,54,20,159,86
1506_jpg.rf.28bf3c3d9c2e9a832c29334e1b53f1c2.jpg,416,416,8,162,30,270,100
1506_jpg.rf.28bf3c3d9c2e9a832c29334e1b53f1c2.jpg,416,416,9,269,44,380,113
1506_jpg.rf.28bf3c3d9c2e9a832c29334e1b53f1c2.jpg,416,416,4,59,85,160,145
1506_jpg.rf.28bf3c3d9c2e9a832c29334e1b53f1c2.jpg,416,416,5,161,97,261,159
1506_jpg.rf.28bf3c3d9c2e9a832c29334e1b53f1c2.jpg,416,416,6,262,110,368,169
1506_jpg.rf.28bf3c3d9c2e9a832c29334e1b53f1c2.jpg,416,416,2,160,153,255,215
1506_jpg.rf.28bf3c3d9c2e9a832c29334e1b53f1c2.jpg,416,416,3,255,166,352,223
218_jpg.rf.2c8e4ff2bcb9daf854c77740ac77445e.jpg,416,416,2,159,34,248,130
218_jpg.rf.2c8e4ff2bcb9daf854c77740ac77445e.jpg,416,416,1,155,118,239,191
2051_jpg.rf.2cb08f8fc04d9fe928ebd52cc367dd47.jpg,416,416,4,169,141,213,227
2051_jpg.rf.2cb08f8fc04d9fe928ebd52cc367dd47.jpg,416,416,6,255,141,306,232
1937_jpg.rf.2d7832c2225b8dc09ae1624b7b8fd5c8.jpg,416,416,1,144,305,167,323
1937_jpg.rf.2d7832c2225b8dc09ae1624b7b8fd5c8.jpg,416,416,7,193,312,216,330
1937_jpg.rf.2d7832c2225b8dc09ae1624b7b8fd5c8.jpg,416,416,8,194,292,216,311
1937_jpg.rf.2d7832c2225b8dc09ae1624b7b8fd5c8.jpg,416,416,2,143,288,165,305
1937_jpg.rf.2d7832c2225b8dc09ae1624b7b8fd5c8.jpg,416,416,9,194,274,217,292
1937_jpg.rf.2d7832c2225b8dc09ae1624b7b8fd5c8.jpg,416,416,10,194,255,217,273
1937_jpg.rf.2d7832c2225b8dc09ae1624b7b8fd5c8.jpg,416,416,3,144,269,166,287
1937_jpg.rf.2d7832c2225b8dc09ae1624b7b8fd5c8.jpg,416,416,4,144,252,165,268
1937_jpg.rf.2d7832c2225b8dc09ae1624b7b8fd5c8.jpg,416,416,11,195,236,218,254
1937_jpg.rf.2d7832c2225b8dc09ae1624b7b8fd5c8.jpg,416,416,5,144,232,167,250
1937_jpg.rf.2d7832c2225b8dc09ae1624b7b8fd5c8.jpg,416,416,6,143,214,167,231
1937_jpg.rf.2d7832c2225b8dc09ae1624b7b8fd5c8.jpg,416,416,12,193,216,218,234
813_jpg.rf.2cb5ca099ecba51ea3eb4c496849f171.jpg,416,416,4,150,25,193,93
813_jpg.rf.2cb5ca099ecba51ea3eb4c496849f171.jpg,416,416,5,233,13,273,82
813_jpg.rf.2cb5ca099ecba51ea3eb4c496849f171.jpg,416,416,2,161,106,199,165
813_jpg.rf.2cb5ca099ecba51ea3eb4c496849f171.jpg,416,416,3,236,96,275,159
813_jpg.rf.2cb5ca099ecba51ea3eb4c496849f171.jpg,416,416,1,238,170,275,222
694_jpg.rf.2dc94050482def507688fc8b2c74b1b2.jpg,416,416,11,52,0,152,115
694_jpg.rf.2dc94050482def507688fc8b2c74b1b2.jpg,416,416,6,66,128,158,229
694_jpg.rf.2dc94050482def507688fc8b2c74b1b2.jpg,416,416,1,79,236,160,322
694_jpg.rf.2dc94050482def507688fc8b2c74b1b2.jpg,416,416,12,165,1,264,122
694_jpg.rf.2dc94050482def507688fc8b2c74b1b2.jpg,416,416,7,167,132,256,243
694_jpg.rf.2dc94050482def507688fc8b2c74b1b2.jpg,416,416,4,172,246,252,327
694_jpg.rf.2dc94050482def507688fc8b2c74b1b2.jpg,416,416,14,274,9,379,131
694_jpg.rf.2dc94050482def507688fc8b2c74b1b2.jpg,416,416,10,266,144,359,242
694_jpg.rf.2dc94050482def507688fc8b2c74b1b2.jpg,416,416,5,257,252,344,335
1606_jpg.rf.2f3094a0c292c8d6afd87a0550fca7d2.jpg,416,416,4,175,34,207,78
1606_jpg.rf.2f3094a0c292c8d6afd87a0550fca7d2.jpg,416,416,3,177,79,208,119
1606_jpg.rf.2f3094a0c292c8d6afd87a0550fca7d2.jpg,416,416,2,179,118,208,157
1606_jpg.rf.2f3094a0c292c8d6afd87a0550fca7d2.jpg,416,416,1,181,155,209,189
716_jpg.rf.2ea627447938628337a1cc9d568ee768.jpg,416,416,8,247,108,266,142
716_jpg.rf.2ea627447938628337a1cc9d568ee768.jpg,416,416,7,247,142,267,174
716_jpg.rf.2ea627447938628337a1cc9d568ee768.jpg,416,416,6,247,176,267,209
716_jpg.rf.2ea627447938628337a1cc9d568ee768.jpg,416,416,5,247,209,266,241
716_jpg.rf.2ea627447938628337a1cc9d568ee768.jpg,416,416,4,221,143,241,176
716_jpg.rf.2ea627447938628337a1cc9d568ee768.jpg,416,416,3,222,176,242,209
716_jpg.rf.2ea627447938628337a1cc9d568ee768.jpg,416,416,2,222,211,242,244
716_jpg.rf.2ea627447938628337a1cc9d568ee768.jpg,416,416,G,222,245,242,276
85_jpg.rf.2fed273cb4320caa19d540f9f763bf0c.jpg,416,416,5,185,185,211,216
85_jpg.rf.2fed273cb4320caa19d540f9f763bf0c.jpg,416,416,4,228,202,252,231
85_jpg.rf.2fed273cb4320caa19d540f9f763bf0c.jpg,416,416,3,187,213,214,246
85_jpg.rf.2fed273cb4320caa19d540f9f763bf0c.jpg,416,416,2,228,229,251,253
85_jpg.rf.2fed273cb4320caa19d540f9f763bf0c.jpg,416,416,1,192,241,212,269
80_jpg.rf.2fdaf3cff45f8e4955a67c524e831bf0.jpg,416,416,14,238,81,269,123
80_jpg.rf.2fdaf3cff45f8e4955a67c524e831bf0.jpg,416,416,13,201,82,233,125
80_jpg.rf.2fdaf3cff45f8e4955a67c524e831bf0.jpg,416,416,12,162,79,194,124
80_jpg.rf.2fdaf3cff45f8e4955a67c524e831bf0.jpg,416,416,11,124,81,156,124
80_jpg.rf.2fdaf3cff45f8e4955a67c524e831bf0.jpg,416,416,10,84,79,115,125
80_jpg.rf.2fdaf3cff45f8e4955a67c524e831bf0.jpg,416,416,9,236,152,267,193
80_jpg.rf.2fdaf3cff45f8e4955a67c524e831bf0.jpg,416,416,8,200,153,230,192
80_jpg.rf.2fdaf3cff45f8e4955a67c524e831bf0.jpg,416,416,7,164,150,192,191
80_jpg.rf.2fdaf3cff45f8e4955a67c524e831bf0.jpg,416,416,6,127,154,158,190
80_jpg.rf.2fdaf3cff45f8e4955a67c524e831bf0.jpg,416,416,5,90,151,120,193
80_jpg.rf.2fdaf3cff45f8e4955a67c524e831bf0.jpg,416,416,4,236,218,263,255
80_jpg.rf.2fdaf3cff45f8e4955a67c524e831bf0.jpg,416,416,3,201,219,230,257
80_jpg.rf.2fdaf3cff45f8e4955a67c524e831bf0.jpg,416,416,1,95,216,125,254
1357_jpg.rf.2e31dfc573b1f7cbde3c6fbbf8be3dec.jpg,416,416,5,230,76,258,131
1357_jpg.rf.2e31dfc573b1f7cbde3c6fbbf8be3dec.jpg,416,416,4,171,73,202,130
1357_jpg.rf.2e31dfc573b1f7cbde3c6fbbf8be3dec.jpg,416,416,3,229,143,256,196
1357_jpg.rf.2e31dfc573b1f7cbde3c6fbbf8be3dec.jpg,416,416,2,171,144,201,198
1357_jpg.rf.2e31dfc573b1f7cbde3c6fbbf8be3dec.jpg,416,416,1,227,207,255,258
1357_jpg.rf.2e31dfc573b1f7cbde3c6fbbf8be3dec.jpg,416,416,M,171,210,200,263
1357_jpg.rf.2e31dfc573b1f7cbde3c6fbbf8be3dec.jpg,416,416,G,226,270,254,320
1357_jpg.rf.2e31dfc573b1f7cbde3c6fbbf8be3dec.jpg,416,416,B,226,331,252,380
1363_jpg.rf.30a87de9b3bbf29e34e4652b5d166584.jpg,416,416,33,241,155,256,167
1363_jpg.rf.30a87de9b3bbf29e34e4652b5d166584.jpg,416,416,32,201,153,218,166
1363_jpg.rf.30a87de9b3bbf29e34e4652b5d166584.jpg,416,416,31,178,152,197,165
1363_jpg.rf.30a87de9b3bbf29e34e4652b5d166584.jpg,416,416,30,241,170,255,181
1363_jpg.rf.30a87de9b3bbf29e34e4652b5d166584.jpg,416,416,29,222,169,238,181
1363_jpg.rf.30a87de9b3bbf29e34e4652b5d166584.jpg,416,416,28,201,169,218,181
1363_jpg.rf.30a87de9b3bbf29e34e4652b5d166584.jpg,416,416,27,178,168,197,181
1363_jpg.rf.30a87de9b3bbf29e34e4652b5d166584.jpg,416,416,26,221,185,237,196
1363_jpg.rf.30a87de9b3bbf29e34e4652b5d166584.jpg,416,416,25,200,185,217,196
1363_jpg.rf.30a87de9b3bbf29e34e4652b5d166584.jpg,416,416,24,178,185,196,197
1363_jpg.rf.30a87de9b3bbf29e34e4652b5d166584.jpg,416,416,23,239,199,254,210
1363_jpg.rf.30a87de9b3bbf29e34e4652b5d166584.jpg,416,416,22,221,200,237,211
1363_jpg.rf.30a87de9b3bbf29e34e4652b5d166584.jpg,416,416,21,199,200,217,212
1363_jpg.rf.30a87de9b3bbf29e34e4652b5d166584.jpg,416,416,20,177,201,196,213
1363_jpg.rf.30a87de9b3bbf29e34e4652b5d166584.jpg,416,416,19,239,213,253,224
1363_jpg.rf.30a87de9b3bbf29e34e4652b5d166584.jpg,416,416,18,220,214,236,225
1363_jpg.rf.30a87de9b3bbf29e34e4652b5d166584.jpg,416,416,17,177,216,195,229
1363_jpg.rf.30a87de9b3bbf29e34e4652b5d166584.jpg,416,416,16,238,227,253,238
1363_jpg.rf.30a87de9b3bbf29e34e4652b5d166584.jpg,416,416,15,219,228,235,240
1363_jpg.rf.30a87de9b3bbf29e34e4652b5d166584.jpg,416,416,14,198,230,216,243
1363_jpg.rf.30a87de9b3bbf29e34e4652b5d166584.jpg,416,416,13,176,233,195,246
1363_jpg.rf.30a87de9b3bbf29e34e4652b5d166584.jpg,416,416,12,238,240,253,252
1363_jpg.rf.30a87de9b3bbf29e34e4652b5d166584.jpg,416,416,11,219,243,235,255
1363_jpg.rf.30a87de9b3bbf29e34e4652b5d166584.jpg,416,416,10,198,245,215,258
1363_jpg.rf.30a87de9b3bbf29e34e4652b5d166584.jpg,416,416,9,176,248,194,261
1363_jpg.rf.30a87de9b3bbf29e34e4652b5d166584.jpg,416,416,7,198,260,215,273
1363_jpg.rf.30a87de9b3bbf29e34e4652b5d166584.jpg,416,416,6,176,264,194,277
1363_jpg.rf.30a87de9b3bbf29e34e4652b5d166584.jpg,416,416,5,237,269,252,281
1363_jpg.rf.30a87de9b3bbf29e34e4652b5d166584.jpg,416,416,4,218,272,234,285
1363_jpg.rf.30a87de9b3bbf29e34e4652b5d166584.jpg,416,416,3,197,275,214,289
1363_jpg.rf.30a87de9b3bbf29e34e4652b5d166584.jpg,416,416,2,175,280,193,294
1363_jpg.rf.30a87de9b3bbf29e34e4652b5d166584.jpg,416,416,1,236,282,252,294
1363_jpg.rf.30a87de9b3bbf29e34e4652b5d166584.jpg,416,416,0,217,286,233,299
1363_jpg.rf.30a87de9b3bbf29e34e4652b5d166584.jpg,416,416,27,375,341,386,352
1363_jpg.rf.30a87de9b3bbf29e34e4652b5d166584.jpg,416,416,4,398,308,410,318
74_jpg.rf.2f4a8010eda385f3a6af1464d72bd240.jpg,416,416,1,132,74,181,148
74_jpg.rf.2f4a8010eda385f3a6af1464d72bd240.jpg,416,416,2,187,63,228,129
74_jpg.rf.2f4a8010eda385f3a6af1464d72bd240.jpg,416,416,3,232,51,268,117
74_jpg.rf.2f4a8010eda385f3a6af1464d72bd240.jpg,416,416,4,135,153,183,225
74_jpg.rf.2f4a8010eda385f3a6af1464d72bd240.jpg,416,416,5,186,132,226,205
74_jpg.rf.2f4a8010eda385f3a6af1464d72bd240.jpg,416,416,6,231,120,265,192
74_jpg.rf.2f4a8010eda385f3a6af1464d72bd240.jpg,416,416,7,142,222,182,298
74_jpg.rf.2f4a8010eda385f3a6af1464d72bd240.jpg,416,416,8,191,202,228,270
74_jpg.rf.2f4a8010eda385f3a6af1464d72bd240.jpg,416,416,9,231,182,263,255
74_jpg.rf.2f4a8010eda385f3a6af1464d72bd240.jpg,416,416,0,193,260,228,321
74_jpg.rf.2f4a8010eda385f3a6af1464d72bd240.jpg,416,416,C,144,285,187,346
74_jpg.rf.2f4a8010eda385f3a6af1464d72bd240.jpg,416,416,-,231,242,264,295
311_jpg.rf.31372a89654d44a4a02a620e86389ede.jpg,416,416,S,313,237,335,275
311_jpg.rf.31372a89654d44a4a02a620e86389ede.jpg,416,416,P,264,244,286,285
311_jpg.rf.31372a89654d44a4a02a620e86389ede.jpg,416,416,M,238,248,262,290
311_jpg.rf.31372a89654d44a4a02a620e86389ede.jpg,416,416,1,213,253,236,293
311_jpg.rf.31372a89654d44a4a02a620e86389ede.jpg,416,416,2,188,256,211,298
311_jpg.rf.31372a89654d44a4a02a620e86389ede.jpg,416,416,3,162,260,186,301
1604_jpg.rf.2cff9410e8629b288ee1353be0415c75.jpg,416,416,R,232,157,257,193
1604_jpg.rf.2cff9410e8629b288ee1353be0415c75.jpg,416,416,5,208,191,234,230
1604_jpg.rf.2cff9410e8629b288ee1353be0415c75.jpg,416,416,8,233,191,258,228
1604_jpg.rf.2cff9410e8629b288ee1353be0415c75.jpg,416,416,4,209,227,235,265
1604_jpg.rf.2cff9410e8629b288ee1353be0415c75.jpg,416,416,7,234,226,259,263
1604_jpg.rf.2cff9410e8629b288ee1353be0415c75.jpg,416,416,3,210,264,236,302
1604_jpg.rf.2cff9410e8629b288ee1353be0415c75.jpg,416,416,6,236,261,261,297
1604_jpg.rf.2cff9410e8629b288ee1353be0415c75.jpg,416,416,2,211,300,238,336
1604_jpg.rf.2cff9410e8629b288ee1353be0415c75.jpg,416,416,1,212,335,239,375
1609_jpg.rf.2f0f7d922dd0d1ce16fd9031f2316ffe.jpg,416,416,12,178,152,209,169
1609_jpg.rf.2f0f7d922dd0d1ce16fd9031f2316ffe.jpg,416,416,14,218,152,251,169
1609_jpg.rf.2f0f7d922dd0d1ce16fd9031f2316ffe.jpg,416,416,15,259,152,291,169
1609_jpg.rf.2f0f7d922dd0d1ce16fd9031f2316ffe.jpg,416,416,9,179,179,208,195
1609_jpg.rf.2f0f7d922dd0d1ce16fd9031f2316ffe.jpg,416,416,10,219,179,247,195
1609_jpg.rf.2f0f7d922dd0d1ce16fd9031f2316ffe.jpg,416,416,11,259,178,286,195
1609_jpg.rf.2f0f7d922dd0d1ce16fd9031f2316ffe.jpg,416,416,6,180,204,207,220
1609_jpg.rf.2f0f7d922dd0d1ce16fd9031f2316ffe.jpg,416,416,3,181,228,207,243
1609_jpg.rf.2f0f7d922dd0d1ce16fd9031f2316ffe.jpg,416,416,G,179,252,208,266
1609_jpg.rf.2f0f7d922dd0d1ce16fd9031f2316ffe.jpg,416,416,7,219,203,247,220
1609_jpg.rf.2f0f7d922dd0d1ce16fd9031f2316ffe.jpg,416,416,4,219,228,246,243
1609_jpg.rf.2f0f7d922dd0d1ce16fd9031f2316ffe.jpg,416,416,1,218,251,244,267
1609_jpg.rf.2f0f7d922dd0d1ce16fd9031f2316ffe.jpg,416,416,8,257,204,286,219
1609_jpg.rf.2f0f7d922dd0d1ce16fd9031f2316ffe.jpg,416,416,5,256,228,282,242
1609_jpg.rf.2f0f7d922dd0d1ce16fd9031f2316ffe.jpg,416,416,2,254,251,283,265
17_jpg.rf.3175b221ebf0e945a1c1065b5b34d730.jpg,416,416,1,144,9,211,126
17_jpg.rf.3175b221ebf0e945a1c1065b5b34d730.jpg,416,416,0,150,149,216,269
1112_jpg.rf.3178c9772e27cf0e8d9d18212b83d564.jpg,416,416,1,229,290,248,324
1112_jpg.rf.3178c9772e27cf0e8d9d18212b83d564.jpg,416,416,8,252,283,271,318
1112_jpg.rf.3178c9772e27cf0e8d9d18212b83d564.jpg,416,416,9,275,277,294,311
1112_jpg.rf.3178c9772e27cf0e8d9d18212b83d564.jpg,416,416,10,175,253,197,294
1112_jpg.rf.3178c9772e27cf0e8d9d18212b83d564.jpg,416,416,11,201,248,223,288
1112_jpg.rf.3178c9772e27cf0e8d9d18212b83d564.jpg,416,416,12,227,242,248,281
1112_jpg.rf.3178c9772e27cf0e8d9d18212b83d564.jpg,416,416,13,252,238,271,275
1112_jpg.rf.3178c9772e27cf0e8d9d18212b83d564.jpg,416,416,14,276,232,294,268
1112_jpg.rf.3178c9772e27cf0e8d9d18212b83d564.jpg,416,416,15,173,204,196,244
1112_jpg.rf.3178c9772e27cf0e8d9d18212b83d564.jpg,416,416,16,201,201,222,240
1112_jpg.rf.3178c9772e27cf0e8d9d18212b83d564.jpg,416,416,17,228,196,247,235
1112_jpg.rf.3178c9772e27cf0e8d9d18212b83d564.jpg,416,416,18,252,191,271,230
1112_jpg.rf.3178c9772e27cf0e8d9d18212b83d564.jpg,416,416,19,276,187,295,224
1112_jpg.rf.3178c9772e27cf0e8d9d18212b83d564.jpg,416,416,20,171,153,195,195
1112_jpg.rf.3178c9772e27cf0e8d9d18212b83d564.jpg,416,416,21,200,150,221,191
1112_jpg.rf.3178c9772e27cf0e8d9d18212b83d564.jpg,416,416,22,227,147,248,188
1112_jpg.rf.3178c9772e27cf0e8d9d18212b83d564.jpg,416,416,23,252,144,272,183
1112_jpg.rf.3178c9772e27cf0e8d9d18212b83d564.jpg,416,416,24,277,140,296,178
1112_jpg.rf.3178c9772e27cf0e8d9d18212b83d564.jpg,416,416,25,171,97,194,142
1773_jpg.rf.3145442f1fa2fea6cec94c71cd5f0ed3.jpg,416,416,1,145,158,188,192
1773_jpg.rf.3145442f1fa2fea6cec94c71cd5f0ed3.jpg,416,416,2,187,158,228,193
1773_jpg.rf.3145442f1fa2fea6cec94c71cd5f0ed3.jpg,416,416,3,228,157,270,192
1773_jpg.rf.3145442f1fa2fea6cec94c71cd5f0ed3.jpg,416,416,4,147,201,188,236
1773_jpg.rf.3145442f1fa2fea6cec94c71cd5f0ed3.jpg,416,416,5,188,200,229,235
1773_jpg.rf.3145442f1fa2fea6cec94c71cd5f0ed3.jpg,416,416,6,228,200,270,235
1773_jpg.rf.3145442f1fa2fea6cec94c71cd5f0ed3.jpg,416,416,7,147,243,188,277
1773_jpg.rf.3145442f1fa2fea6cec94c71cd5f0ed3.jpg,416,416,8,188,242,229,276
1773_jpg.rf.3145442f1fa2fea6cec94c71cd5f0ed3.jpg,416,416,9,228,242,269,276
1773_jpg.rf.3145442f1fa2fea6cec94c71cd5f0ed3.jpg,416,416,s,147,284,189,318
1773_jpg.rf.3145442f1fa2fea6cec94c71cd5f0ed3.jpg,416,416,0,189,284,230,318
1773_jpg.rf.3145442f1fa2fea6cec94c71cd5f0ed3.jpg,416,416,-,230,283,270,317
1700_jpg.rf.30f3959ef6d78b7088dc4660a85c4b20.jpg,416,416,14,161,76,179,111
1700_jpg.rf.30f3959ef6d78b7088dc4660a85c4b20.jpg,416,416,12,161,118,180,153
1700_jpg.rf.30f3959ef6d78b7088dc4660a85c4b20.jpg,416,416,10,162,157,181,192
1700_jpg.rf.30f3959ef6d78b7088dc4660a85c4b20.jpg,416,416,8,162,194,180,230
1700_jpg.rf.30f3959ef6d78b7088dc4660a85c4b20.jpg,416,416,6,162,231,181,264
1700_jpg.rf.30f3959ef6d78b7088dc4660a85c4b20.jpg,416,416,4,163,265,181,297
1700_jpg.rf.30f3959ef6d78b7088dc4660a85c4b20.jpg,416,416,2,164,299,181,331
1515_jpg.rf.335e1df9fbdbd18a3ed382300d539f22.jpg,416,416,4,195,120,225,165
1515_jpg.rf.335e1df9fbdbd18a3ed382300d539f22.jpg,416,416,9,240,119,269,164
1515_jpg.rf.335e1df9fbdbd18a3ed382300d539f22.jpg,416,416,3,196,166,225,211
1515_jpg.rf.335e1df9fbdbd18a3ed382300d539f22.jpg,416,416,8,239,165,269,210
1515_jpg.rf.335e1df9fbdbd18a3ed382300d539f22.jpg,416,416,2,196,210,225,255
1515_jpg.rf.335e1df9fbdbd18a3ed382300d539f22.jpg,416,416,7,240,210,270,255
1515_jpg.rf.335e1df9fbdbd18a3ed382300d539f22.jpg,416,416,1,196,256,226,301
1515_jpg.rf.335e1df9fbdbd18a3ed382300d539f22.jpg,416,416,6,241,255,270,300
1515_jpg.rf.335e1df9fbdbd18a3ed382300d539f22.jpg,416,416,5,241,301,271,346
2045_jpg.rf.34725e487898498b28662699943e176e.jpg,416,416,4,160,159,198,190
2045_jpg.rf.34725e487898498b28662699943e176e.jpg,416,416,5,191,157,228,188
2045_jpg.rf.34725e487898498b28662699943e176e.jpg,416,416,2,161,187,199,218
2045_jpg.rf.34725e487898498b28662699943e176e.jpg,416,416,3,193,184,231,215
2045_jpg.rf.34725e487898498b28662699943e176e.jpg,416,416,1,194,212,232,243
2045_jpg.rf.34725e487898498b28662699943e176e.jpg,416,416,K,164,216,201,247
70_jpg.rf.3080509fb0cfa93f80f841f384ff2a2b.jpg,416,416,12,168,187,187,204
70_jpg.rf.3080509fb0cfa93f80f841f384ff2a2b.jpg,416,416,11,196,207,213,224
70_jpg.rf.3080509fb0cfa93f80f841f384ff2a2b.jpg,416,416,10,169,211,187,229
70_jpg.rf.3080509fb0cfa93f80f841f384ff2a2b.jpg,416,416,9,197,230,214,248
70_jpg.rf.3080509fb0cfa93f80f841f384ff2a2b.jpg,416,416,8,170,235,187,253
70_jpg.rf.3080509fb0cfa93f80f841f384ff2a2b.jpg,416,416,7,198,253,214,270
70_jpg.rf.3080509fb0cfa93f80f841f384ff2a2b.jpg,416,416,6,171,258,189,276
70_jpg.rf.3080509fb0cfa93f80f841f384ff2a2b.jpg,416,416,5,199,274,215,290
70_jpg.rf.3080509fb0cfa93f80f841f384ff2a2b.jpg,416,416,4,171,281,189,298
70_jpg.rf.3080509fb0cfa93f80f841f384ff2a2b.jpg,416,416,3,198,295,215,312
70_jpg.rf.3080509fb0cfa93f80f841f384ff2a2b.jpg,416,416,2,173,302,190,320
70_jpg.rf.3080509fb0cfa93f80f841f384ff2a2b.jpg,416,416,1,199,315,216,333
70_jpg.rf.3080509fb0cfa93f80f841f384ff2a2b.jpg,416,416,0,173,324,191,341
1144_jpg.rf.33c3af77c762b847bb99606b926476f0.jpg,416,416,1,165,268,181,295
1144_jpg.rf.33c3af77c762b847bb99606b926476f0.jpg,416,416,2,164,236,180,265
1144_jpg.rf.33c3af77c762b847bb99606b926476f0.jpg,416,416,3,163,205,179,235
1144_jpg.rf.33c3af77c762b847bb99606b926476f0.jpg,416,416,4,162,173,178,202
1144_jpg.rf.33c3af77c762b847bb99606b926476f0.jpg,416,416,5,161,139,178,170
1144_jpg.rf.33c3af77c762b847bb99606b926476f0.jpg,416,416,6,161,107,177,136
1144_jpg.rf.33c3af77c762b847bb99606b926476f0.jpg,416,416,7,160,71,176,102
1144_jpg.rf.33c3af77c762b847bb99606b926476f0.jpg,416,416,8,204,264,220,292
1144_jpg.rf.33c3af77c762b847bb99606b926476f0.jpg,416,416,9,204,235,220,262
1144_jpg.rf.33c3af77c762b847bb99606b926476f0.jpg,416,416,10,203,204,220,231
1144_jpg.rf.33c3af77c762b847bb99606b926476f0.jpg,416,416,11,204,172,220,201
1144_jpg.rf.33c3af77c762b847bb99606b926476f0.jpg,416,416,12,203,140,219,169
1144_jpg.rf.33c3af77c762b847bb99606b926476f0.jpg,416,416,14,203,106,219,135
1144_jpg.rf.33c3af77c762b847bb99606b926476f0.jpg,416,416,15,202,69,219,102
1775_jpg.rf.3178fa361fdc7f54d23357a0dca748fa.jpg,416,416,10,258,2,414,107
1775_jpg.rf.3178fa361fdc7f54d23357a0dca748fa.jpg,416,416,8,230,57,414,189
1775_jpg.rf.3178fa361fdc7f54d23357a0dca748fa.jpg,416,416,7,42,14,256,145
1775_jpg.rf.3178fa361fdc7f54d23357a0dca748fa.jpg,416,416,6,200,151,399,292
1775_jpg.rf.3178fa361fdc7f54d23357a0dca748fa.jpg,416,416,5,9,103,228,244
1775_jpg.rf.3178fa361fdc7f54d23357a0dca748fa.jpg,416,416,4,165,248,378,395
1775_jpg.rf.3178fa361fdc7f54d23357a0dca748fa.jpg,416,416,3,0,201,196,350
461_jpg.rf.32b3d37a3419a5d9dbe1cb210771d42a.jpg,416,416,5,157,135,181,156
461_jpg.rf.32b3d37a3419a5d9dbe1cb210771d42a.jpg,416,416,4,157,159,181,180
461_jpg.rf.32b3d37a3419a5d9dbe1cb210771d42a.jpg,416,416,3,157,183,181,204
461_jpg.rf.32b3d37a3419a5d9dbe1cb210771d42a.jpg,416,416,2,156,205,180,226
461_jpg.rf.32b3d37a3419a5d9dbe1cb210771d42a.jpg,416,416,1,156,228,182,249
461_jpg.rf.32b3d37a3419a5d9dbe1cb210771d42a.jpg,416,416,E,155,250,181,271
402_jpg.rf.31a64a0bece42d08be5b5445a6385ed5.jpg,416,416,1,265,197,290,246
402_jpg.rf.31a64a0bece42d08be5b5445a6385ed5.jpg,416,416,M,242,205,267,254
331_jpg.rf.3485aafd77a63a66474ad28abdf89e6b.jpg,416,416,4,222,146,242,180
331_jpg.rf.3485aafd77a63a66474ad28abdf89e6b.jpg,416,416,3,223,186,243,220
331_jpg.rf.3485aafd77a63a66474ad28abdf89e6b.jpg,416,416,2,224,226,243,260
331_jpg.rf.3485aafd77a63a66474ad28abdf89e6b.jpg,416,416,1,225,265,244,297
331_jpg.rf.3485aafd77a63a66474ad28abdf89e6b.jpg,416,416,5,259,299,278,330
331_jpg.rf.3485aafd77a63a66474ad28abdf89e6b.jpg,416,416,6,258,260,277,292
331_jpg.rf.3485aafd77a63a66474ad28abdf89e6b.jpg,416,416,8,257,182,276,215
331_jpg.rf.3485aafd77a63a66474ad28abdf89e6b.jpg,416,416,R,256,143,275,177
331_jpg.rf.3485aafd77a63a66474ad28abdf89e6b.jpg,416,416,B,258,222,276,254
992_jpg.rf.31ab82cba70aeed00a1e12fe80cc4d8f.jpg,416,416,3,175,181,215,230
992_jpg.rf.31ab82cba70aeed00a1e12fe80cc4d8f.jpg,416,416,2,179,235,213,274
992_jpg.rf.31ab82cba70aeed00a1e12fe80cc4d8f.jpg,416,416,1,180,280,212,314
482_jpg.rf.33687340b8ea7f73b729ef5b1cbb0687.jpg,416,416,28,253,275,264,286
482_jpg.rf.33687340b8ea7f73b729ef5b1cbb0687.jpg,416,416,27,252,292,263,303
482_jpg.rf.33687340b8ea7f73b729ef5b1cbb0687.jpg,416,416,26,251,308,262,319
482_jpg.rf.33687340b8ea7f73b729ef5b1cbb0687.jpg,416,416,25,251,323,262,334
482_jpg.rf.33687340b8ea7f73b729ef5b1cbb0687.jpg,416,416,24,250,338,261,349
482_jpg.rf.33687340b8ea7f73b729ef5b1cbb0687.jpg,416,416,23,233,226,245,238
482_jpg.rf.33687340b8ea7f73b729ef5b1cbb0687.jpg,416,416,22,233,244,245,256
482_jpg.rf.33687340b8ea7f73b729ef5b1cbb0687.jpg,416,416,21,232,262,244,274
482_jpg.rf.33687340b8ea7f73b729ef5b1cbb0687.jpg,416,416,20,232,280,244,292
482_jpg.rf.33687340b8ea7f73b729ef5b1cbb0687.jpg,416,416,19,231,296,243,308
482_jpg.rf.33687340b8ea7f73b729ef5b1cbb0687.jpg,416,416,18,231,313,242,324
482_jpg.rf.33687340b8ea7f73b729ef5b1cbb0687.jpg,416,416,17,230,329,241,340
482_jpg.rf.33687340b8ea7f73b729ef5b1cbb0687.jpg,416,416,16,229,344,240,355
482_jpg.rf.33687340b8ea7f73b729ef5b1cbb0687.jpg,416,416,15,209,229,222,241
482_jpg.rf.33687340b8ea7f73b729ef5b1cbb0687.jpg,416,416,14,210,248,223,260
482_jpg.rf.33687340b8ea7f73b729ef5b1cbb0687.jpg,416,416,13,209,267,222,279
482_jpg.rf.33687340b8ea7f73b729ef5b1cbb0687.jpg,416,416,12,209,284,221,296
482_jpg.rf.33687340b8ea7f73b729ef5b1cbb0687.jpg,416,416,11,209,302,222,314
482_jpg.rf.33687340b8ea7f73b729ef5b1cbb0687.jpg,416,416,10,209,319,221,330
482_jpg.rf.33687340b8ea7f73b729ef5b1cbb0687.jpg,416,416,9,208,334,220,346
482_jpg.rf.33687340b8ea7f73b729ef5b1cbb0687.jpg,416,416,8,208,350,220,361
482_jpg.rf.33687340b8ea7f73b729ef5b1cbb0687.jpg,416,416,7,184,232,198,245
482_jpg.rf.33687340b8ea7f73b729ef5b1cbb0687.jpg,416,416,6,184,252,198,265
482_jpg.rf.33687340b8ea7f73b729ef5b1cbb0687.jpg,416,416,5,184,271,198,283
482_jpg.rf.33687340b8ea7f73b729ef5b1cbb0687.jpg,416,416,4,185,290,198,302
482_jpg.rf.33687340b8ea7f73b729ef5b1cbb0687.jpg,416,416,3,185,308,198,320
482_jpg.rf.33687340b8ea7f73b729ef5b1cbb0687.jpg,416,416,2,185,324,198,336
482_jpg.rf.33687340b8ea7f73b729ef5b1cbb0687.jpg,416,416,1,186,341,199,353
482_jpg.rf.33687340b8ea7f73b729ef5b1cbb0687.jpg,416,416,G,185,357,198,368
1654_jpg.rf.3271b9a154863770290424e31fc77719.jpg,416,416,6,101,48,148,105
1654_jpg.rf.3271b9a154863770290424e31fc77719.jpg,416,416,5,101,110,146,164
1654_jpg.rf.3271b9a154863770290424e31fc77719.jpg,416,416,4,101,166,144,213
1654_jpg.rf.3271b9a154863770290424e31fc77719.jpg,416,416,3,103,218,141,261
1654_jpg.rf.3271b9a154863770290424e31fc77719.jpg,416,416,2,106,264,141,304
1654_jpg.rf.3271b9a154863770290424e31fc77719.jpg,416,416,1,104,307,141,344
1654_jpg.rf.3271b9a154863770290424e31fc77719.jpg,416,416,11,195,51,243,108
1654_jpg.rf.3271b9a154863770290424e31fc77719.jpg,416,416,10,193,114,236,165
1654_jpg.rf.3271b9a154863770290424e31fc77719.jpg,416,416,9,188,170,228,217
1654_jpg.rf.3271b9a154863770290424e31fc77719.jpg,416,416,8,186,220,223,261
1654_jpg.rf.3271b9a154863770290424e31fc77719.jpg,416,416,7,181,265,218,304
1654_jpg.rf.3271b9a154863770290424e31fc77719.jpg,416,416,16,292,56,335,112
1654_jpg.rf.3271b9a154863770290424e31fc77719.jpg,416,416,15,281,118,322,167
1654_jpg.rf.3271b9a154863770290424e31fc77719.jpg,416,416,14,274,171,313,217
1654_jpg.rf.3271b9a154863770290424e31fc77719.jpg,416,416,13,265,221,305,265
1654_jpg.rf.3271b9a154863770290424e31fc77719.jpg,416,416,12,261,268,293,305
691_jpg.rf.3582d7f52dfc900a7f7ffce75a574748.jpg,416,416,7,234,304,285,336
691_jpg.rf.3582d7f52dfc900a7f7ffce75a574748.jpg,416,416,6,232,340,285,374
691_jpg.rf.3582d7f52dfc900a7f7ffce75a574748.jpg,416,416,5,230,377,284,414
691_jpg.rf.3582d7f52dfc900a7f7ffce75a574748.jpg,416,416,2,158,338,208,371
691_jpg.rf.3582d7f52dfc900a7f7ffce75a574748.jpg,416,416,1,155,372,207,408
1469_jpg.rf.32dbd8391425571b93d4998bbcc2f983.jpg,416,416,8,160,27,186,73
1469_jpg.rf.32dbd8391425571b93d4998bbcc2f983.jpg,416,416,7,159,79,185,125
1469_jpg.rf.32dbd8391425571b93d4998bbcc2f983.jpg,416,416,6,160,131,185,175
1469_jpg.rf.32dbd8391425571b93d4998bbcc2f983.jpg,416,416,5,160,181,185,225
1469_jpg.rf.32dbd8391425571b93d4998bbcc2f983.jpg,416,416,4,159,231,184,275
1469_jpg.rf.32dbd8391425571b93d4998bbcc2f983.jpg,416,416,3,159,280,184,324
1469_jpg.rf.32dbd8391425571b93d4998bbcc2f983.jpg,416,416,2,159,330,184,374
1469_jpg.rf.32dbd8391425571b93d4998bbcc2f983.jpg,416,416,19,204,29,229,76
1469_jpg.rf.32dbd8391425571b93d4998bbcc2f983.jpg,416,416,18,204,81,229,126
1469_jpg.rf.32dbd8391425571b93d4998bbcc2f983.jpg,416,416,17,203,131,228,177
1469_jpg.rf.32dbd8391425571b93d4998bbcc2f983.jpg,416,416,16,203,183,227,227
1469_jpg.rf.32dbd8391425571b93d4998bbcc2f983.jpg,416,416,15,203,232,228,275
1469_jpg.rf.32dbd8391425571b93d4998bbcc2f983.jpg,416,416,14,202,280,226,324
1469_jpg.rf.32dbd8391425571b93d4998bbcc2f983.jpg,416,416,12,201,329,226,374
1469_jpg.rf.32dbd8391425571b93d4998bbcc2f983.jpg,416,416,11,201,378,226,416
1469_jpg.rf.32dbd8391425571b93d4998bbcc2f983.jpg,416,416,M,158,378,183,416
1956_jpg.rf.325afe466575ae98a24e3e85f23e755e.jpg,416,416,1,149,245,196,292
1956_jpg.rf.325afe466575ae98a24e3e85f23e755e.jpg,416,416,2,152,201,197,244
1956_jpg.rf.325afe466575ae98a24e3e85f23e755e.jpg,416,416,6,225,142,275,191
1956_jpg.rf.325afe466575ae98a24e3e85f23e755e.jpg,416,416,5,225,190,277,238
1956_jpg.rf.325afe466575ae98a24e3e85f23e755e.jpg,416,416,4,225,239,276,290
1956_jpg.rf.325afe466575ae98a24e3e85f23e755e.jpg,416,416,3,224,290,278,342
1782_jpg.rf.3412368ac763bda28d3a8259ca552d77.jpg,416,416,6,155,261,175,276
1782_jpg.rf.3412368ac763bda28d3a8259ca552d77.jpg,416,416,0,155,315,176,331
1782_jpg.rf.3412368ac763bda28d3a8259ca552d77.jpg,416,416,2,155,297,175,313
1782_jpg.rf.3412368ac763bda28d3a8259ca552d77.jpg,416,416,4,155,279,175,294
2002_jpg.rf.3542884a906bc846d8055af2b534f5f1.jpg,416,416,5,222,249,298,333
2002_jpg.rf.3542884a906bc846d8055af2b534f5f1.jpg,416,416,4,141,257,215,340
2002_jpg.rf.3542884a906bc846d8055af2b534f5f1.jpg,416,416,3,224,334,296,408
2002_jpg.rf.3542884a906bc846d8055af2b534f5f1.jpg,416,416,2,146,342,217,411
1024_jpg.rf.33090c49947f1f39569142a5c7883e36.jpg,416,416,1,219,180,236,209
1024_jpg.rf.33090c49947f1f39569142a5c7883e36.jpg,416,416,4,219,142,234,174
1024_jpg.rf.33090c49947f1f39569142a5c7883e36.jpg,416,416,9,217,102,234,136
1024_jpg.rf.33090c49947f1f39569142a5c7883e36.jpg,416,416,14,216,60,234,95
1154_jpg.rf.36b9f79fd950f205616a3ed1ab190d9c.jpg,416,416,1,191,66,238,131
96_jpg.rf.3449d8124c72dbfa697ef2e8638351f8.jpg,416,416,21,190,131,213,163
96_jpg.rf.3449d8124c72dbfa697ef2e8638351f8.jpg,416,416,20,150,157,178,196
96_jpg.rf.3449d8124c72dbfa697ef2e8638351f8.jpg,416,416,19,191,178,214,208
96_jpg.rf.3449d8124c72dbfa697ef2e8638351f8.jpg,416,416,18,154,208,179,246
96_jpg.rf.3449d8124c72dbfa697ef2e8638351f8.jpg,416,416,17,190,223,213,254
96_jpg.rf.3449d8124c72dbfa697ef2e8638351f8.jpg,416,416,16,153,257,180,293
96_jpg.rf.3449d8124c72dbfa697ef2e8638351f8.jpg,416,416,15,189,262,213,299
96_jpg.rf.3449d8124c72dbfa697ef2e8638351f8.jpg,416,416,14,153,306,179,343
96_jpg.rf.3449d8124c72dbfa697ef2e8638351f8.jpg,416,416,13,190,305,214,339
96_jpg.rf.3449d8124c72dbfa697ef2e8638351f8.jpg,416,416,12,153,353,178,390
96_jpg.rf.3449d8124c72dbfa697ef2e8638351f8.jpg,416,416,11,190,349,214,378
1732_jpg.rf.33351ece96f0aa4072186b8de8ef4029.jpg,416,416,M,0,360,75,410
1172_jpg.rf.358f7abb3a6c4d70014332d11dc12aee.jpg,416,416,0,223,95,257,150
1172_jpg.rf.358f7abb3a6c4d70014332d11dc12aee.jpg,416,416,1,234,39,260,88
184_jpg.rf.3312be31c1b20d59cbd7377e5e5e82d2.jpg,416,416,4,130,100,179,140
234_jpg.rf.35ffb7d384b322579c4cc5e19c111e44.jpg,416,416,R,217,143,231,169
234_jpg.rf.35ffb7d384b322579c4cc5e19c111e44.jpg,416,416,4,217,174,231,199
234_jpg.rf.35ffb7d384b322579c4cc5e19c111e44.jpg,416,416,3,217,204,231,230
234_jpg.rf.35ffb7d384b322579c4cc5e19c111e44.jpg,416,416,2,217,235,231,259
234_jpg.rf.35ffb7d384b322579c4cc5e19c111e44.jpg,416,416,1,217,264,231,288
2037_jpg.rf.364a19984d9d92bc09b59bace16d3b05.jpg,416,416,7,90,35,240,129
2037_jpg.rf.364a19984d9d92bc09b59bace16d3b05.jpg,416,416,8,272,99,407,189
2037_jpg.rf.364a19984d9d92bc09b59bace16d3b05.jpg,416,416,10,312,0,415,81
2037_jpg.rf.364a19984d9d92bc09b59bace16d3b05.jpg,416,416,5,42,145,195,241
2037_jpg.rf.364a19984d9d92bc09b59bace16d3b05.jpg,416,416,6,228,209,369,300
2037_jpg.rf.364a19984d9d92bc09b59bace16d3b05.jpg,416,416,5,0,263,148,360
2037_jpg.rf.364a19984d9d92bc09b59bace16d3b05.jpg,416,416,5,181,322,330,412
221_jpg.rf.2e450b1f1b848ce583dcfed4bbd5db6e.jpg,416,416,12,96,0,167,49
221_jpg.rf.2e450b1f1b848ce583dcfed4bbd5db6e.jpg,416,416,13,216,0,284,55
221_jpg.rf.2e450b1f1b848ce583dcfed4bbd5db6e.jpg,416,416,10,95,49,168,128
221_jpg.rf.2e450b1f1b848ce583dcfed4bbd5db6e.jpg,416,416,8,96,131,168,206
221_jpg.rf.2e450b1f1b848ce583dcfed4bbd5db6e.jpg,416,416,6,97,208,166,284
221_jpg.rf.2e450b1f1b848ce583dcfed4bbd5db6e.jpg,416,416,4,95,285,164,360
221_jpg.rf.2e450b1f1b848ce583dcfed4bbd5db6e.jpg,416,416,5,218,285,282,359
221_jpg.rf.2e450b1f1b848ce583dcfed4bbd5db6e.jpg,416,416,2,95,363,163,415
221_jpg.rf.2e450b1f1b848ce583dcfed4bbd5db6e.jpg,416,416,3,218,362,284,415
207_jpg.rf.369236c883722fde1a6489db543364bf.jpg,416,416,2,191,115,229,150
207_jpg.rf.369236c883722fde1a6489db543364bf.jpg,416,416,1,192,148,230,183
207_jpg.rf.369236c883722fde1a6489db543364bf.jpg,416,416,E,193,180,232,215
207_jpg.rf.369236c883722fde1a6489db543364bf.jpg,416,416,K,195,213,233,251
1320_jpg.rf.36a5ad0cb29d3a84c662931c31ddd3cc.jpg,416,416,18,180,180,210,219
1320_jpg.rf.36a5ad0cb29d3a84c662931c31ddd3cc.jpg,416,416,17,240,214,267,250
1320_jpg.rf.36a5ad0cb29d3a84c662931c31ddd3cc.jpg,416,416,16,183,223,212,261
1320_jpg.rf.36a5ad0cb29d3a84c662931c31ddd3cc.jpg,416,416,15,240,252,266,289
1320_jpg.rf.36a5ad0cb29d3a84c662931c31ddd3cc.jpg,416,416,14,184,263,213,300
1320_jpg.rf.36a5ad0cb29d3a84c662931c31ddd3cc.jpg,416,416,13,240,288,266,323
1320_jpg.rf.36a5ad0cb29d3a84c662931c31ddd3cc.jpg,416,416,12,186,299,215,335
1320_jpg.rf.36a5ad0cb29d3a84c662931c31ddd3cc.jpg,416,416,11,240,321,265,355
1320_jpg.rf.36a5ad0cb29d3a84c662931c31ddd3cc.jpg,416,416,G,188,334,216,367
998_jpg.rf.64cc21655baa9c1e3fb60b3d8d614819.jpg,416,416,1,190,162,207,199
998_jpg.rf.64cc21655baa9c1e3fb60b3d8d614819.jpg,416,416,2,207,162,224,198
998_jpg.rf.64cc21655baa9c1e3fb60b3d8d614819.jpg,416,416,3,224,162,241,198
998_jpg.rf.64cc21655baa9c1e3fb60b3d8d614819.jpg,416,416,4,191,204,208,240
998_jpg.rf.64cc21655baa9c1e3fb60b3d8d614819.jpg,416,416,5,207,204,224,240
998_jpg.rf.64cc21655baa9c1e3fb60b3d8d614819.jpg,416,416,6,224,203,241,239
998_jpg.rf.64cc21655baa9c1e3fb60b3d8d614819.jpg,416,416,7,191,245,208,281
998_jpg.rf.64cc21655baa9c1e3fb60b3d8d614819.jpg,416,416,8,207,244,224,280
998_jpg.rf.64cc21655baa9c1e3fb60b3d8d614819.jpg,416,416,9,224,243,241,279
998_jpg.rf.64cc21655baa9c1e3fb60b3d8d614819.jpg,416,416,s,191,287,208,323
998_jpg.rf.64cc21655baa9c1e3fb60b3d8d614819.jpg,416,416,0,207,285,225,322
998_jpg.rf.64cc21655baa9c1e3fb60b3d8d614819.jpg,416,416,-,224,285,241,321
57_jpg.rf.65a87bf507d07daf372f8c279ad27b6d.jpg,416,416,7,165,1,229,75
1075_jpg.rf.65ec29969e134d100bd30d91f18910bd.jpg,416,416,11,48,73,94,107
1075_jpg.rf.65ec29969e134d100bd30d91f18910bd.jpg,416,416,12,133,72,176,106
1075_jpg.rf.65ec29969e134d100bd30d91f18910bd.jpg,416,416,13,220,69,265,104
1075_jpg.rf.65ec29969e134d100bd30d91f18910bd.jpg,416,416,8,61,131,102,161
1075_jpg.rf.65ec29969e134d100bd30d91f18910bd.jpg,416,416,9,139,131,183,162
1075_jpg.rf.65ec29969e134d100bd30d91f18910bd.jpg,416,416,10,220,130,264,163
1075_jpg.rf.65ec29969e134d100bd30d91f18910bd.jpg,416,416,5,70,184,110,211
1075_jpg.rf.65ec29969e134d100bd30d91f18910bd.jpg,416,416,6,146,183,186,212
1075_jpg.rf.65ec29969e134d100bd30d91f18910bd.jpg,416,416,7,223,183,264,213
1075_jpg.rf.65ec29969e134d100bd30d91f18910bd.jpg,416,416,2,78,232,118,257
1075_jpg.rf.65ec29969e134d100bd30d91f18910bd.jpg,416,416,3,152,233,187,258
1075_jpg.rf.65ec29969e134d100bd30d91f18910bd.jpg,416,416,4,224,232,262,259
1075_jpg.rf.65ec29969e134d100bd30d91f18910bd.jpg,416,416,M,156,275,192,298
1075_jpg.rf.65ec29969e134d100bd30d91f18910bd.jpg,416,416,B,162,315,194,336
1075_jpg.rf.65ec29969e134d100bd30d91f18910bd.jpg,416,416,B,228,317,262,339
200_jpg.rf.6627fed42259557612bdb3ee97389b1f.jpg,416,416,18,156,24,192,88
200_jpg.rf.6627fed42259557612bdb3ee97389b1f.jpg,416,416,17,157,89,193,150
200_jpg.rf.6627fed42259557612bdb3ee97389b1f.jpg,416,416,16,157,151,193,210
200_jpg.rf.6627fed42259557612bdb3ee97389b1f.jpg,416,416,15,159,213,194,272
200_jpg.rf.6627fed42259557612bdb3ee97389b1f.jpg,416,416,14,162,274,193,327
200_jpg.rf.6627fed42259557612bdb3ee97389b1f.jpg,416,416,12,163,334,194,386
200_jpg.rf.6627fed42259557612bdb3ee97389b1f.jpg,416,416,4,110,279,149,340
200_jpg.rf.6627fed42259557612bdb3ee97389b1f.jpg,416,416,5,108,216,148,279
200_jpg.rf.6627fed42259557612bdb3ee97389b1f.jpg,416,416,6,107,153,147,215
200_jpg.rf.6627fed42259557612bdb3ee97389b1f.jpg,416,416,8,105,88,146,150
1233_jpg.rf.650da6218b5f41301a137047ab8c9a8b.jpg,416,416,5,272,75,307,137
1233_jpg.rf.650da6218b5f41301a137047ab8c9a8b.jpg,416,416,6,329,71,365,134
1233_jpg.rf.650da6218b5f41301a137047ab8c9a8b.jpg,416,416,3,270,157,303,214
1233_jpg.rf.650da6218b5f41301a137047ab8c9a8b.jpg,416,416,4,324,152,358,211
1233_jpg.rf.650da6218b5f41301a137047ab8c9a8b.jpg,416,416,1,269,228,300,283
1233_jpg.rf.650da6218b5f41301a137047ab8c9a8b.jpg,416,416,2,319,228,353,281
1848_jpg.rf.658b56c1a1b7d2067ea5baa7d836a155.jpg,416,416,2,180,39,256,114
657_jpg.rf.655f4c9ebd6c36cc00592ced3894e1fe.jpg,416,416,10,177,162,190,173
657_jpg.rf.655f4c9ebd6c36cc00592ced3894e1fe.jpg,416,416,9,178,175,190,186
657_jpg.rf.655f4c9ebd6c36cc00592ced3894e1fe.jpg,416,416,8,178,188,190,199
657_jpg.rf.655f4c9ebd6c36cc00592ced3894e1fe.jpg,416,416,7,178,201,190,211
657_jpg.rf.655f4c9ebd6c36cc00592ced3894e1fe.jpg,416,416,6,179,213,191,223
657_jpg.rf.655f4c9ebd6c36cc00592ced3894e1fe.jpg,416,416,5,179,225,191,235
657_jpg.rf.655f4c9ebd6c36cc00592ced3894e1fe.jpg,416,416,4,180,237,191,247
657_jpg.rf.655f4c9ebd6c36cc00592ced3894e1fe.jpg,416,416,3,180,249,191,259
657_jpg.rf.655f4c9ebd6c36cc00592ced3894e1fe.jpg,416,416,2,180,261,192,271
657_jpg.rf.655f4c9ebd6c36cc00592ced3894e1fe.jpg,416,416,1,181,273,192,283
657_jpg.rf.655f4c9ebd6c36cc00592ced3894e1fe.jpg,416,416,G,181,285,192,294
657_jpg.rf.655f4c9ebd6c36cc00592ced3894e1fe.jpg,416,416,B,181,296,193,306
657_jpg.rf.655f4c9ebd6c36cc00592ced3894e1fe.jpg,416,416,22,198,162,210,173
657_jpg.rf.655f4c9ebd6c36cc00592ced3894e1fe.jpg,416,416,21,199,174,210,184
657_jpg.rf.655f4c9ebd6c36cc00592ced3894e1fe.jpg,416,416,20,199,187,210,197
657_jpg.rf.655f4c9ebd6c36cc00592ced3894e1fe.jpg,416,416,19,199,199,211,209
657_jpg.rf.655f4c9ebd6c36cc00592ced3894e1fe.jpg,416,416,18,200,211,211,221
657_jpg.rf.655f4c9ebd6c36cc00592ced3894e1fe.jpg,416,416,17,200,223,211,232
657_jpg.rf.655f4c9ebd6c36cc00592ced3894e1fe.jpg,416,416,16,200,235,211,244
657_jpg.rf.655f4c9ebd6c36cc00592ced3894e1fe.jpg,416,416,15,201,246,212,256
657_jpg.rf.655f4c9ebd6c36cc00592ced3894e1fe.jpg,416,416,14,201,257,212,267
657_jpg.rf.655f4c9ebd6c36cc00592ced3894e1fe.jpg,416,416,13,201,270,212,279
657_jpg.rf.655f4c9ebd6c36cc00592ced3894e1fe.jpg,416,416,12,202,280,213,290
657_jpg.rf.655f4c9ebd6c36cc00592ced3894e1fe.jpg,416,416,11,201,291,213,301
1834_jpg.rf.6627ba7bc52a365c9f6c1499ac4753ba.jpg,416,416,2,122,88,175,135
1834_jpg.rf.6627ba7bc52a365c9f6c1499ac4753ba.jpg,416,416,B,133,225,179,260
1834_jpg.rf.6627ba7bc52a365c9f6c1499ac4753ba.jpg,416,416,1,179,148,231,211
1834_jpg.rf.6627ba7bc52a365c9f6c1499ac4753ba.jpg,416,416,B,182,213,230,266
1546_jpg.rf.67367e05249274692b416ed60cc598b7.jpg,416,416,20,194,52,222,107
1546_jpg.rf.67367e05249274692b416ed60cc598b7.jpg,416,416,21,237,52,266,107
1546_jpg.rf.67367e05249274692b416ed60cc598b7.jpg,416,416,17,143,141,172,197
1546_jpg.rf.67367e05249274692b416ed60cc598b7.jpg,416,416,18,191,138,220,193
1546_jpg.rf.67367e05249274692b416ed60cc598b7.jpg,416,416,19,236,136,261,186
1546_jpg.rf.67367e05249274692b416ed60cc598b7.jpg,416,416,14,143,228,171,280
1546_jpg.rf.67367e05249274692b416ed60cc598b7.jpg,416,416,15,189,220,217,272
1546_jpg.rf.67367e05249274692b416ed60cc598b7.jpg,416,416,16,231,215,257,262
1546_jpg.rf.67367e05249274692b416ed60cc598b7.jpg,416,416,10,142,307,170,359
1546_jpg.rf.67367e05249274692b416ed60cc598b7.jpg,416,416,11,186,296,214,348
1546_jpg.rf.67367e05249274692b416ed60cc598b7.jpg,416,416,12,227,285,252,334
1546_jpg.rf.67367e05249274692b416ed60cc598b7.jpg,416,416,9,226,353,250,398
1546_jpg.rf.67367e05249274692b416ed60cc598b7.jpg,416,416,8,186,369,210,414
1546_jpg.rf.67367e05249274692b416ed60cc598b7.jpg,416,416,7,143,382,168,415
1546_jpg.rf.67367e05249274692b416ed60cc598b7.jpg,416,416,8,307,388,326,415
717_jpg.rf.67628f7f2878e19a93db80d71639e197.jpg,416,416,L,185,99,244,136
717_jpg.rf.67628f7f2878e19a93db80d71639e197.jpg,416,416,G,186,156,247,194
230_jpg.rf.67650b86c89122e2c4a1cb0a8dfdbfc6.jpg,416,416,1,185,118,232,174
230_jpg.rf.67650b86c89122e2c4a1cb0a8dfdbfc6.jpg,416,416,D,185,177,230,228
352_jpg.rf.677a92cccb9b9d578a18c9a492acf6f2.jpg,416,416,5,161,69,205,101
352_jpg.rf.677a92cccb9b9d578a18c9a492acf6f2.jpg,416,416,4,160,110,205,142
352_jpg.rf.677a92cccb9b9d578a18c9a492acf6f2.jpg,416,416,3,161,152,205,183
352_jpg.rf.677a92cccb9b9d578a18c9a492acf6f2.jpg,416,416,2,161,192,206,225
827_jpg.rf.6778bc35dc187d2481fb248966cfac64.jpg,416,416,2,19,0,68,60
827_jpg.rf.6778bc35dc187d2481fb248966cfac64.jpg,416,416,G,39,65,81,119
827_jpg.rf.6778bc35dc187d2481fb248966cfac64.jpg,416,416,B,56,122,90,169
109_jpg.rf.6785b34850e474cc6b938dae37419291.jpg,416,416,5,213,175,224,196
109_jpg.rf.6785b34850e474cc6b938dae37419291.jpg,416,416,3,214,222,226,244
109_jpg.rf.6785b34850e474cc6b938dae37419291.jpg,416,416,1,214,272,227,293
1291_jpg.rf.668c5ec86df1e68f113c1aa69407ed11.jpg,416,416,12,222,32,269,71
1291_jpg.rf.668c5ec86df1e68f113c1aa69407ed11.jpg,416,416,11,220,75,267,113
1291_jpg.rf.668c5ec86df1e68f113c1aa69407ed11.jpg,416,416,10,220,116,265,154
1291_jpg.rf.668c5ec86df1e68f113c1aa69407ed11.jpg,416,416,9,222,160,264,194
1291_jpg.rf.668c5ec86df1e68f113c1aa69407ed11.jpg,416,416,8,219,195,262,230
1291_jpg.rf.668c5ec86df1e68f113c1aa69407ed11.jpg,416,416,7,219,230,260,262
1291_jpg.rf.668c5ec86df1e68f113c1aa69407ed11.jpg,416,416,6,148,77,194,115
1291_jpg.rf.668c5ec86df1e68f113c1aa69407ed11.jpg,416,416,5,149,120,195,151
1291_jpg.rf.668c5ec86df1e68f113c1aa69407ed11.jpg,416,416,4,150,159,194,193
1291_jpg.rf.668c5ec86df1e68f113c1aa69407ed11.jpg,416,416,3,151,194,194,231
1291_jpg.rf.668c5ec86df1e68f113c1aa69407ed11.jpg,416,416,2,154,232,195,265
1291_jpg.rf.668c5ec86df1e68f113c1aa69407ed11.jpg,416,416,1,155,265,194,297
1291_jpg.rf.668c5ec86df1e68f113c1aa69407ed11.jpg,416,416,G,155,298,196,327
2033_jpg.rf.678edfd14cfc2f546f49032f6b92920a.jpg,416,416,2,166,123,204,228
854_jpg.rf.675f810f365dde78ef3f06b52bf9d6d1.jpg,416,416,7,215,231,239,249
854_jpg.rf.675f810f365dde78ef3f06b52bf9d6d1.jpg,416,416,6,215,250,238,264
854_jpg.rf.675f810f365dde78ef3f06b52bf9d6d1.jpg,416,416,5,214,266,237,282
854_jpg.rf.675f810f365dde78ef3f06b52bf9d6d1.jpg,416,416,4,213,283,237,300
854_jpg.rf.675f810f365dde78ef3f06b52bf9d6d1.jpg,416,416,3,175,232,199,249
854_jpg.rf.675f810f365dde78ef3f06b52bf9d6d1.jpg,416,416,2,175,251,199,266
854_jpg.rf.675f810f365dde78ef3f06b52bf9d6d1.jpg,416,416,1,174,268,199,284
854_jpg.rf.675f810f365dde78ef3f06b52bf9d6d1.jpg,416,416,G,174,285,199,302
2040_jpg.rf.67d20724ac89b8fa958ae9595415c51b.jpg,416,416,7,216,115,234,137
2040_jpg.rf.67d20724ac89b8fa958ae9595415c51b.jpg,416,416,6,216,140,234,162
2040_jpg.rf.67d20724ac89b8fa958ae9595415c51b.jpg,416,416,5,217,164,235,186
2040_jpg.rf.67d20724ac89b8fa958ae9595415c51b.jpg,416,416,4,217,188,235,210
2040_jpg.rf.67d20724ac89b8fa958ae9595415c51b.jpg,416,416,3,217,212,235,234
2040_jpg.rf.67d20724ac89b8fa958ae9595415c51b.jpg,416,416,2,218,235,236,257
2040_jpg.rf.67d20724ac89b8fa958ae9595415c51b.jpg,416,416,1,218,259,236,281
1499_jpg.rf.679c62a95c3a1e29d4d193669eb6758c.jpg,416,416,9,186,106,196,124
1499_jpg.rf.679c62a95c3a1e29d4d193669eb6758c.jpg,416,416,8,186,127,196,147
1499_jpg.rf.679c62a95c3a1e29d4d193669eb6758c.jpg,416,416,7,186,148,197,167
1499_jpg.rf.679c62a95c3a1e29d4d193669eb6758c.jpg,416,416,6,186,170,197,188
1499_jpg.rf.679c62a95c3a1e29d4d193669eb6758c.jpg,416,416,5,187,192,197,210
1499_jpg.rf.679c62a95c3a1e29d4d193669eb6758c.jpg,416,416,4,186,212,197,231
1499_jpg.rf.679c62a95c3a1e29d4d193669eb6758c.jpg,416,416,3,187,233,197,252
1499_jpg.rf.679c62a95c3a1e29d4d193669eb6758c.jpg,416,416,2,187,256,197,274
1499_jpg.rf.679c62a95c3a1e29d4d193669eb6758c.jpg,416,416,1,187,276,198,294
1499_jpg.rf.679c62a95c3a1e29d4d193669eb6758c.jpg,416,416,10,202,253,212,271
1499_jpg.rf.679c62a95c3a1e29d4d193669eb6758c.jpg,416,416,11,201,232,212,251
1499_jpg.rf.679c62a95c3a1e29d4d193669eb6758c.jpg,416,416,12,201,211,211,230
1499_jpg.rf.679c62a95c3a1e29d4d193669eb6758c.jpg,416,416,14,201,191,211,209
1499_jpg.rf.679c62a95c3a1e29d4d193669eb6758c.jpg,416,416,15,201,170,211,188
1499_jpg.rf.679c62a95c3a1e29d4d193669eb6758c.jpg,416,416,16,200,148,211,168
1499_jpg.rf.679c62a95c3a1e29d4d193669eb6758c.jpg,416,416,17,200,127,211,145
1499_jpg.rf.679c62a95c3a1e29d4d193669eb6758c.jpg,416,416,18,200,106,211,124
1499_jpg.rf.679c62a95c3a1e29d4d193669eb6758c.jpg,416,416,8,331,127,341,143
1651_jpg.rf.664a2017673949d9e1b5334c2ad012d9.jpg,416,416,3,192,160,208,189
1651_jpg.rf.664a2017673949d9e1b5334c2ad012d9.jpg,416,416,2,193,193,208,220
1651_jpg.rf.664a2017673949d9e1b5334c2ad012d9.jpg,416,416,1,193,223,209,253
1651_jpg.rf.664a2017673949d9e1b5334c2ad012d9.jpg,416,416,B,194,255,210,281
790_jpg.rf.67dc4c46f7075cabdc4417133c641b1d.jpg,416,416,2,130,23,154,65
790_jpg.rf.67dc4c46f7075cabdc4417133c641b1d.jpg,416,416,1,131,71,155,112
605_jpg.rf.67aad5446569b1833c3f1924b6af1690.jpg,416,416,26,139,195,159,211
605_jpg.rf.67aad5446569b1833c3f1924b6af1690.jpg,416,416,22,138,213,158,229
605_jpg.rf.67aad5446569b1833c3f1924b6af1690.jpg,416,416,18,139,230,159,246
605_jpg.rf.67aad5446569b1833c3f1924b6af1690.jpg,416,416,14,139,247,158,264
605_jpg.rf.67aad5446569b1833c3f1924b6af1690.jpg,416,416,10,139,265,157,281
605_jpg.rf.67aad5446569b1833c3f1924b6af1690.jpg,416,416,8,139,282,158,298
605_jpg.rf.67aad5446569b1833c3f1924b6af1690.jpg,416,416,4,139,299,158,316
605_jpg.rf.67aad5446569b1833c3f1924b6af1690.jpg,416,416,2,139,316,158,332
605_jpg.rf.67aad5446569b1833c3f1924b6af1690.jpg,416,416,24,178,214,199,231
605_jpg.rf.67aad5446569b1833c3f1924b6af1690.jpg,416,416,20,179,232,198,248
605_jpg.rf.67aad5446569b1833c3f1924b6af1690.jpg,416,416,16,178,250,199,266
605_jpg.rf.67aad5446569b1833c3f1924b6af1690.jpg,416,416,12,178,268,199,285
605_jpg.rf.67aad5446569b1833c3f1924b6af1690.jpg,416,416,8,179,286,199,301
605_jpg.rf.67aad5446569b1833c3f1924b6af1690.jpg,416,416,5,179,304,198,319
605_jpg.rf.67aad5446569b1833c3f1924b6af1690.jpg,416,416,3,178,321,198,337
605_jpg.rf.67aad5446569b1833c3f1924b6af1690.jpg,416,416,1,178,337,197,354
605_jpg.rf.67aad5446569b1833c3f1924b6af1690.jpg,416,416,G,178,355,197,371
1554_jpg.rf.684bb930f702028b17ae24d63af6bac9.jpg,416,416,16,193,62,211,94
1554_jpg.rf.684bb930f702028b17ae24d63af6bac9.jpg,416,416,17,233,62,251,94
1554_jpg.rf.684bb930f702028b17ae24d63af6bac9.jpg,416,416,18,274,61,292,93
1554_jpg.rf.684bb930f702028b17ae24d63af6bac9.jpg,416,416,13,193,98,211,130
1554_jpg.rf.684bb930f702028b17ae24d63af6bac9.jpg,416,416,10,193,137,211,169
1554_jpg.rf.684bb930f702028b17ae24d63af6bac9.jpg,416,416,7,192,172,210,204
1554_jpg.rf.684bb930f702028b17ae24d63af6bac9.jpg,416,416,4,192,209,210,241
1554_jpg.rf.684bb930f702028b17ae24d63af6bac9.jpg,416,416,14,234,99,252,130
1554_jpg.rf.684bb930f702028b17ae24d63af6bac9.jpg,416,416,11,234,136,252,167
1554_jpg.rf.684bb930f702028b17ae24d63af6bac9.jpg,416,416,8,234,174,252,205
1554_jpg.rf.684bb930f702028b17ae24d63af6bac9.jpg,416,416,5,233,211,251,242
1554_jpg.rf.684bb930f702028b17ae24d63af6bac9.jpg,416,416,2,233,248,251,279
1554_jpg.rf.684bb930f702028b17ae24d63af6bac9.jpg,416,416,15,274,99,292,130
1554_jpg.rf.684bb930f702028b17ae24d63af6bac9.jpg,416,416,12,274,136,292,167
1554_jpg.rf.684bb930f702028b17ae24d63af6bac9.jpg,416,416,9,274,174,292,205
1554_jpg.rf.684bb930f702028b17ae24d63af6bac9.jpg,416,416,6,274,211,292,242
1554_jpg.rf.684bb930f702028b17ae24d63af6bac9.jpg,416,416,3,274,247,292,278
1888_jpg.rf.68151e1079e0bd94cd104a51de64e9e9.jpg,416,416,5,222,139,243,157
1888_jpg.rf.68151e1079e0bd94cd104a51de64e9e9.jpg,416,416,4,220,160,241,178
1888_jpg.rf.68151e1079e0bd94cd104a51de64e9e9.jpg,416,416,3,218,180,239,198
1888_jpg.rf.68151e1079e0bd94cd104a51de64e9e9.jpg,416,416,2,217,200,237,218
1888_jpg.rf.68151e1079e0bd94cd104a51de64e9e9.jpg,416,416,1,215,220,236,238
1485_jpg.rf.6a667595c5d8a46dc4d34203e25ca3f7.jpg,416,416,34,103,89,125,109
1485_jpg.rf.6a667595c5d8a46dc4d34203e25ca3f7.jpg,416,416,35,137,87,159,107
1485_jpg.rf.6a667595c5d8a46dc4d34203e25ca3f7.jpg,416,416,36,174,84,200,105
1485_jpg.rf.6a667595c5d8a46dc4d34203e25ca3f7.jpg,416,416,33,174,111,200,134
1485_jpg.rf.6a667595c5d8a46dc4d34203e25ca3f7.jpg,416,416,30,176,137,202,160
1485_jpg.rf.6a667595c5d8a46dc4d34203e25ca3f7.jpg,416,416,27,176,164,201,186
1485_jpg.rf.6a667595c5d8a46dc4d34203e25ca3f7.jpg,416,416,24,176,190,201,211
1485_jpg.rf.6a667595c5d8a46dc4d34203e25ca3f7.jpg,416,416,21,176,214,202,235
1485_jpg.rf.6a667595c5d8a46dc4d34203e25ca3f7.jpg,416,416,18,177,238,202,260
1485_jpg.rf.6a667595c5d8a46dc4d34203e25ca3f7.jpg,416,416,15,177,262,202,282
1485_jpg.rf.6a667595c5d8a46dc4d34203e25ca3f7.jpg,416,416,12,177,284,203,305
1485_jpg.rf.6a667595c5d8a46dc4d34203e25ca3f7.jpg,416,416,9,178,305,202,324
1485_jpg.rf.6a667595c5d8a46dc4d34203e25ca3f7.jpg,416,416,6,179,326,203,345
1485_jpg.rf.6a667595c5d8a46dc4d34203e25ca3f7.jpg,416,416,3,180,346,204,365
1485_jpg.rf.6a667595c5d8a46dc4d34203e25ca3f7.jpg,416,416,32,138,112,161,134
1485_jpg.rf.6a667595c5d8a46dc4d34203e25ca3f7.jpg,416,416,29,138,137,162,159
1485_jpg.rf.6a667595c5d8a46dc4d34203e25ca3f7.jpg,416,416,26,138,162,163,183
1485_jpg.rf.6a667595c5d8a46dc4d34203e25ca3f7.jpg,416,416,23,140,186,163,208
1485_jpg.rf.6a667595c5d8a46dc4d34203e25ca3f7.jpg,416,416,20,141,210,164,230
1485_jpg.rf.6a667595c5d8a46dc4d34203e25ca3f7.jpg,416,416,17,141,233,165,254
1485_jpg.rf.6a667595c5d8a46dc4d34203e25ca3f7.jpg,416,416,14,141,254,166,276
1485_jpg.rf.6a667595c5d8a46dc4d34203e25ca3f7.jpg,416,416,11,143,277,166,296
1485_jpg.rf.6a667595c5d8a46dc4d34203e25ca3f7.jpg,416,416,8,145,297,168,316
1485_jpg.rf.6a667595c5d8a46dc4d34203e25ca3f7.jpg,416,416,5,147,317,168,336
1485_jpg.rf.6a667595c5d8a46dc4d34203e25ca3f7.jpg,416,416,31,103,113,126,133
1485_jpg.rf.6a667595c5d8a46dc4d34203e25ca3f7.jpg,416,416,28,105,138,127,157
1485_jpg.rf.6a667595c5d8a46dc4d34203e25ca3f7.jpg,416,416,25,107,161,128,181
1485_jpg.rf.6a667595c5d8a46dc4d34203e25ca3f7.jpg,416,416,22,107,184,129,204
1485_jpg.rf.6a667595c5d8a46dc4d34203e25ca3f7.jpg,416,416,19,109,206,131,226
1485_jpg.rf.6a667595c5d8a46dc4d34203e25ca3f7.jpg,416,416,16,111,228,132,247
1485_jpg.rf.6a667595c5d8a46dc4d34203e25ca3f7.jpg,416,416,13,112,249,133,269
1485_jpg.rf.6a667595c5d8a46dc4d34203e25ca3f7.jpg,416,416,10,113,269,134,288
1485_jpg.rf.6a667595c5d8a46dc4d34203e25ca3f7.jpg,416,416,7,114,289,135,307
1485_jpg.rf.6a667595c5d8a46dc4d34203e25ca3f7.jpg,416,416,4,117,309,138,327
1244_jpg.rf.682a02cd64cad7dcd7a19ad768a75342.jpg,416,416,23,234,209,245,219
1244_jpg.rf.682a02cd64cad7dcd7a19ad768a75342.jpg,416,416,22,233,220,245,230
1244_jpg.rf.682a02cd64cad7dcd7a19ad768a75342.jpg,416,416,21,233,232,245,242
1244_jpg.rf.682a02cd64cad7dcd7a19ad768a75342.jpg,416,416,20,233,244,245,254
1244_jpg.rf.682a02cd64cad7dcd7a19ad768a75342.jpg,416,416,19,233,256,244,266
1244_jpg.rf.682a02cd64cad7dcd7a19ad768a75342.jpg,416,416,18,233,267,245,278
1244_jpg.rf.682a02cd64cad7dcd7a19ad768a75342.jpg,416,416,17,233,279,245,290
1244_jpg.rf.682a02cd64cad7dcd7a19ad768a75342.jpg,416,416,16,233,291,244,302
1244_jpg.rf.682a02cd64cad7dcd7a19ad768a75342.jpg,416,416,15,233,303,245,314
1244_jpg.rf.682a02cd64cad7dcd7a19ad768a75342.jpg,416,416,14,233,315,245,326
1244_jpg.rf.682a02cd64cad7dcd7a19ad768a75342.jpg,416,416,13,233,326,244,337
1244_jpg.rf.682a02cd64cad7dcd7a19ad768a75342.jpg,416,416,12,232,338,244,349
1244_jpg.rf.682a02cd64cad7dcd7a19ad768a75342.jpg,416,416,11,206,210,218,221
1244_jpg.rf.682a02cd64cad7dcd7a19ad768a75342.jpg,416,416,10,206,222,219,232
1244_jpg.rf.682a02cd64cad7dcd7a19ad768a75342.jpg,416,416,9,206,234,218,245
1244_jpg.rf.682a02cd64cad7dcd7a19ad768a75342.jpg,416,416,8,206,246,219,257
1244_jpg.rf.682a02cd64cad7dcd7a19ad768a75342.jpg,416,416,7,206,258,218,269
1244_jpg.rf.682a02cd64cad7dcd7a19ad768a75342.jpg,416,416,6,205,271,218,282
1244_jpg.rf.682a02cd64cad7dcd7a19ad768a75342.jpg,416,416,5,206,283,218,294
1244_jpg.rf.682a02cd64cad7dcd7a19ad768a75342.jpg,416,416,4,206,295,218,306
1244_jpg.rf.682a02cd64cad7dcd7a19ad768a75342.jpg,416,416,3,206,307,219,319
1244_jpg.rf.682a02cd64cad7dcd7a19ad768a75342.jpg,416,416,2,205,320,218,331
1244_jpg.rf.682a02cd64cad7dcd7a19ad768a75342.jpg,416,416,1,205,332,218,343
404_jpg.rf.68a0131f2ccea3dbb668ffcaede2dc90.jpg,416,416,9,218,0,304,98
404_jpg.rf.68a0131f2ccea3dbb668ffcaede2dc90.jpg,416,416,8,148,0,220,83
404_jpg.rf.68a0131f2ccea3dbb668ffcaede2dc90.jpg,416,416,7,82,0,147,74
404_jpg.rf.68a0131f2ccea3dbb668ffcaede2dc90.jpg,416,416,6,214,83,299,176
404_jpg.rf.68a0131f2ccea3dbb668ffcaede2dc90.jpg,416,416,5,144,77,220,164
404_jpg.rf.68a0131f2ccea3dbb668ffcaede2dc90.jpg,416,416,4,78,68,145,157
404_jpg.rf.68a0131f2ccea3dbb668ffcaede2dc90.jpg,416,416,3,211,164,290,257
404_jpg.rf.68a0131f2ccea3dbb668ffcaede2dc90.jpg,416,416,2,145,147,214,242
404_jpg.rf.68a0131f2ccea3dbb668ffcaede2dc90.jpg,416,416,1,81,138,145,227
404_jpg.rf.68a0131f2ccea3dbb668ffcaede2dc90.jpg,416,416,P,210,233,288,325
1471_jpg.rf.6b78e90e85f2044fb30b300499b48491.jpg,416,416,23,214,68,236,85
1471_jpg.rf.6b78e90e85f2044fb30b300499b48491.jpg,416,416,17,200,111,222,129
1471_jpg.rf.6b78e90e85f2044fb30b300499b48491.jpg,416,416,16,171,110,194,129
1471_jpg.rf.6b78e90e85f2044fb30b300499b48491.jpg,416,416,22,242,89,265,107
1471_jpg.rf.6b78e90e85f2044fb30b300499b48491.jpg,416,416,21,214,90,237,108
1471_jpg.rf.6b78e90e85f2044fb30b300499b48491.jpg,416,416,20,186,89,209,107
1471_jpg.rf.6b78e90e85f2044fb30b300499b48491.jpg,416,416,15,256,133,279,150
1471_jpg.rf.6b78e90e85f2044fb30b300499b48491.jpg,416,416,14,228,132,251,150
1471_jpg.rf.6b78e90e85f2044fb30b300499b48491.jpg,416,416,12,200,132,223,150
1471_jpg.rf.6b78e90e85f2044fb30b300499b48491.jpg,416,416,11,171,132,194,150
1471_jpg.rf.6b78e90e85f2044fb30b300499b48491.jpg,416,416,19,256,111,279,129
1471_jpg.rf.6b78e90e85f2044fb30b300499b48491.jpg,416,416,18,228,111,251,128
1471_jpg.rf.6b78e90e85f2044fb30b300499b48491.jpg,416,416,5,228,175,251,194
1471_jpg.rf.6b78e90e85f2044fb30b300499b48491.jpg,416,416,6,256,176,279,193
1471_jpg.rf.6b78e90e85f2044fb30b300499b48491.jpg,416,416,7,171,154,194,172
1471_jpg.rf.6b78e90e85f2044fb30b300499b48491.jpg,416,416,8,199,154,222,172
1471_jpg.rf.6b78e90e85f2044fb30b300499b48491.jpg,416,416,9,228,154,250,172
1471_jpg.rf.6b78e90e85f2044fb30b300499b48491.jpg,416,416,10,256,155,279,173
1471_jpg.rf.6b78e90e85f2044fb30b300499b48491.jpg,416,416,R,242,219,265,237
1471_jpg.rf.6b78e90e85f2044fb30b300499b48491.jpg,416,416,2,228,197,250,215
1471_jpg.rf.6b78e90e85f2044fb30b300499b48491.jpg,416,416,3,171,175,194,193
1471_jpg.rf.6b78e90e85f2044fb30b300499b48491.jpg,416,416,4,199,175,222,193
1008_jpg.rf.67e88ab373ba285a950bf4150bab9b00.jpg,416,416,5,197,108,269,144
1008_jpg.rf.67e88ab373ba285a950bf4150bab9b00.jpg,416,416,3,197,152,267,189
1008_jpg.rf.67e88ab373ba285a950bf4150bab9b00.jpg,416,416,2,196,197,263,233
1008_jpg.rf.67e88ab373ba285a950bf4150bab9b00.jpg,416,416,1,195,241,263,277
1126_jpg.rf.6956ccb26b1e581e65bc4ccd35159b5f.jpg,416,416,K,158,341,196,394
1126_jpg.rf.6956ccb26b1e581e65bc4ccd35159b5f.jpg,416,416,1,193,316,229,369
1126_jpg.rf.6956ccb26b1e581e65bc4ccd35159b5f.jpg,416,416,2,226,294,258,343
1126_jpg.rf.6956ccb26b1e581e65bc4ccd35159b5f.jpg,416,416,3,254,273,285,321
1126_jpg.rf.6956ccb26b1e581e65bc4ccd35159b5f.jpg,416,416,4,259,163,290,209
1126_jpg.rf.6956ccb26b1e581e65bc4ccd35159b5f.jpg,416,416,5,229,179,262,227
1126_jpg.rf.6956ccb26b1e581e65bc4ccd35159b5f.jpg,416,416,5,159,155,187,205
1126_jpg.rf.6956ccb26b1e581e65bc4ccd35159b5f.jpg,416,416,2,158,195,187,239
29_jpg.rf.6ad514724f7a995d5392958876272314.jpg,416,416,22,217,208,225,217
29_jpg.rf.6ad514724f7a995d5392958876272314.jpg,416,416,21,216,218,225,226
29_jpg.rf.6ad514724f7a995d5392958876272314.jpg,416,416,20,217,227,225,235
29_jpg.rf.6ad514724f7a995d5392958876272314.jpg,416,416,19,217,237,225,245
29_jpg.rf.6ad514724f7a995d5392958876272314.jpg,416,416,18,217,246,225,254
29_jpg.rf.6ad514724f7a995d5392958876272314.jpg,416,416,17,217,255,225,263
29_jpg.rf.6ad514724f7a995d5392958876272314.jpg,416,416,16,217,265,224,272
29_jpg.rf.6ad514724f7a995d5392958876272314.jpg,416,416,15,216,273,224,281
29_jpg.rf.6ad514724f7a995d5392958876272314.jpg,416,416,14,216,282,224,290
29_jpg.rf.6ad514724f7a995d5392958876272314.jpg,416,416,13,217,291,225,299
29_jpg.rf.6ad514724f7a995d5392958876272314.jpg,416,416,12,216,300,224,308
29_jpg.rf.6ad514724f7a995d5392958876272314.jpg,416,416,11,196,211,204,219
29_jpg.rf.6ad514724f7a995d5392958876272314.jpg,416,416,10,195,221,204,229
29_jpg.rf.6ad514724f7a995d5392958876272314.jpg,416,416,9,196,231,204,239
29_jpg.rf.6ad514724f7a995d5392958876272314.jpg,416,416,8,196,241,204,249
29_jpg.rf.6ad514724f7a995d5392958876272314.jpg,416,416,7,196,250,204,259
29_jpg.rf.6ad514724f7a995d5392958876272314.jpg,416,416,6,196,260,205,268
29_jpg.rf.6ad514724f7a995d5392958876272314.jpg,416,416,5,196,270,205,278
29_jpg.rf.6ad514724f7a995d5392958876272314.jpg,416,416,4,196,279,204,287
29_jpg.rf.6ad514724f7a995d5392958876272314.jpg,416,416,3,196,288,204,297
29_jpg.rf.6ad514724f7a995d5392958876272314.jpg,416,416,2,196,298,204,306
29_jpg.rf.6ad514724f7a995d5392958876272314.jpg,416,416,1,196,307,204,315
1819_jpg.rf.6baa34881e0338c7693d1b5af433a704.jpg,416,416,43,202,103,212,118
1819_jpg.rf.6baa34881e0338c7693d1b5af433a704.jpg,416,416,45,212,103,222,118
1819_jpg.rf.6baa34881e0338c7693d1b5af433a704.jpg,416,416,46,223,103,232,118
1819_jpg.rf.6baa34881e0338c7693d1b5af433a704.jpg,416,416,39,202,126,212,140
1819_jpg.rf.6baa34881e0338c7693d1b5af433a704.jpg,416,416,40,212,126,222,140
1819_jpg.rf.6baa34881e0338c7693d1b5af433a704.jpg,416,416,41,222,126,232,140
1819_jpg.rf.6baa34881e0338c7693d1b5af433a704.jpg,416,416,42,233,126,242,140
1819_jpg.rf.6baa34881e0338c7693d1b5af433a704.jpg,416,416,35,202,148,212,162
1819_jpg.rf.6baa34881e0338c7693d1b5af433a704.jpg,416,416,36,212,148,222,162
1819_jpg.rf.6baa34881e0338c7693d1b5af433a704.jpg,416,416,37,222,148,232,162
1819_jpg.rf.6baa34881e0338c7693d1b5af433a704.jpg,416,416,38,232,148,242,162
1819_jpg.rf.6baa34881e0338c7693d1b5af433a704.jpg,416,416,34,232,170,242,185
1819_jpg.rf.6baa34881e0338c7693d1b5af433a704.jpg,416,416,33,222,170,231,185
1819_jpg.rf.6baa34881e0338c7693d1b5af433a704.jpg,416,416,32,212,170,222,184
1819_jpg.rf.6baa34881e0338c7693d1b5af433a704.jpg,416,416,31,202,170,212,184
1819_jpg.rf.6baa34881e0338c7693d1b5af433a704.jpg,416,416,27,203,192,212,206
1819_jpg.rf.6baa34881e0338c7693d1b5af433a704.jpg,416,416,28,213,192,222,206
1819_jpg.rf.6baa34881e0338c7693d1b5af433a704.jpg,416,416,29,222,192,231,206
1819_jpg.rf.6baa34881e0338c7693d1b5af433a704.jpg,416,416,30,232,192,241,206
1819_jpg.rf.6baa34881e0338c7693d1b5af433a704.jpg,416,416,23,203,214,212,227
1819_jpg.rf.6baa34881e0338c7693d1b5af433a704.jpg,416,416,24,213,214,222,227
1819_jpg.rf.6baa34881e0338c7693d1b5af433a704.jpg,416,416,25,222,214,231,227
1819_jpg.rf.6baa34881e0338c7693d1b5af433a704.jpg,416,416,26,232,214,241,227
1819_jpg.rf.6baa34881e0338c7693d1b5af433a704.jpg,416,416,22,233,235,241,248
1819_jpg.rf.6baa34881e0338c7693d1b5af433a704.jpg,416,416,21,223,235,231,248
1819_jpg.rf.6baa34881e0338c7693d1b5af433a704.jpg,416,416,20,213,235,221,248
1819_jpg.rf.6baa34881e0338c7693d1b5af433a704.jpg,416,416,19,203,235,211,248
1819_jpg.rf.6baa34881e0338c7693d1b5af433a704.jpg,416,416,15,204,256,212,269
1819_jpg.rf.6baa34881e0338c7693d1b5af433a704.jpg,416,416,16,213,256,221,269
1819_jpg.rf.6baa34881e0338c7693d1b5af433a704.jpg,416,416,17,223,256,231,269
1819_jpg.rf.6baa34881e0338c7693d1b5af433a704.jpg,416,416,18,233,256,241,269
1819_jpg.rf.6baa34881e0338c7693d1b5af433a704.jpg,416,416,10,203,277,211,289
1819_jpg.rf.6baa34881e0338c7693d1b5af433a704.jpg,416,416,11,213,276,221,289
1819_jpg.rf.6baa34881e0338c7693d1b5af433a704.jpg,416,416,12,223,276,231,289
1819_jpg.rf.6baa34881e0338c7693d1b5af433a704.jpg,416,416,14,232,276,240,289
1819_jpg.rf.6baa34881e0338c7693d1b5af433a704.jpg,416,416,6,204,297,212,309
1819_jpg.rf.6baa34881e0338c7693d1b5af433a704.jpg,416,416,7,213,297,221,309
1819_jpg.rf.6baa34881e0338c7693d1b5af433a704.jpg,416,416,8,222,297,230,309
1819_jpg.rf.6baa34881e0338c7693d1b5af433a704.jpg,416,416,9,232,297,240,309
1819_jpg.rf.6baa34881e0338c7693d1b5af433a704.jpg,416,416,G,204,317,212,330
1819_jpg.rf.6baa34881e0338c7693d1b5af433a704.jpg,416,416,L,213,317,221,330
1819_jpg.rf.6baa34881e0338c7693d1b5af433a704.jpg,416,416,M,223,317,231,330
97_jpg.rf.6c19f5db5625a5bdbc05df22096a4321.jpg,416,416,G,217,102,262,166
97_jpg.rf.6c19f5db5625a5bdbc05df22096a4321.jpg,416,416,1,99,219,151,276
97_jpg.rf.6c19f5db5625a5bdbc05df22096a4321.jpg,416,416,2,165,195,209,252
97_jpg.rf.6c19f5db5625a5bdbc05df22096a4321.jpg,416,416,3,222,172,263,226
97_jpg.rf.6c19f5db5625a5bdbc05df22096a4321.jpg,416,416,5,117,275,166,325
97_jpg.rf.6c19f5db5625a5bdbc05df22096a4321.jpg,416,416,6,174,255,215,302
97_jpg.rf.6c19f5db5625a5bdbc05df22096a4321.jpg,416,416,7,226,231,263,281
97_jpg.rf.6c19f5db5625a5bdbc05df22096a4321.jpg,416,416,8,275,212,310,257
327_jpg.rf.6c2fda9917187a9c65c49c96d9f7869c.jpg,416,416,7,135,75,186,124
327_jpg.rf.6c2fda9917187a9c65c49c96d9f7869c.jpg,416,416,6,251,116,300,160
327_jpg.rf.6c2fda9917187a9c65c49c96d9f7869c.jpg,416,416,5,193,116,244,163
327_jpg.rf.6c2fda9917187a9c65c49c96d9f7869c.jpg,416,416,4,138,118,188,165
327_jpg.rf.6c2fda9917187a9c65c49c96d9f7869c.jpg,416,416,3,251,159,301,200
327_jpg.rf.6c2fda9917187a9c65c49c96d9f7869c.jpg,416,416,2,193,156,244,202
537_jpg.rf.6be9971112ac3e84445dc4256e65fda9.jpg,416,416,1,171,152,206,216
537_jpg.rf.6be9971112ac3e84445dc4256e65fda9.jpg,416,416,0,239,291,280,356
324_jpg.rf.69cc56016d1d24cd949ea34536bc3a24.jpg,416,416,19,195,99,219,114
324_jpg.rf.69cc56016d1d24cd949ea34536bc3a24.jpg,416,416,18,226,120,250,135
324_jpg.rf.69cc56016d1d24cd949ea34536bc3a24.jpg,416,416,17,194,118,220,133
324_jpg.rf.69cc56016d1d24cd949ea34536bc3a24.jpg,416,416,16,226,139,250,154
324_jpg.rf.69cc56016d1d24cd949ea34536bc3a24.jpg,416,416,15,195,138,220,153
324_jpg.rf.69cc56016d1d24cd949ea34536bc3a24.jpg,416,416,14,227,158,251,172
324_jpg.rf.69cc56016d1d24cd949ea34536bc3a24.jpg,416,416,13,194,156,221,171
324_jpg.rf.69cc56016d1d24cd949ea34536bc3a24.jpg,416,416,12,226,177,251,191
324_jpg.rf.69cc56016d1d24cd949ea34536bc3a24.jpg,416,416,11,194,176,221,191
324_jpg.rf.69cc56016d1d24cd949ea34536bc3a24.jpg,416,416,10,227,195,252,209
324_jpg.rf.69cc56016d1d24cd949ea34536bc3a24.jpg,416,416,9,195,195,221,209
324_jpg.rf.69cc56016d1d24cd949ea34536bc3a24.jpg,416,416,8,228,214,252,227
324_jpg.rf.69cc56016d1d24cd949ea34536bc3a24.jpg,416,416,7,196,214,221,228
324_jpg.rf.69cc56016d1d24cd949ea34536bc3a24.jpg,416,416,6,227,232,253,246
324_jpg.rf.69cc56016d1d24cd949ea34536bc3a24.jpg,416,416,5,196,233,221,247
324_jpg.rf.69cc56016d1d24cd949ea34536bc3a24.jpg,416,416,3,196,252,222,267
324_jpg.rf.69cc56016d1d24cd949ea34536bc3a24.jpg,416,416,S,199,340,222,354
651_jpg.rf.6aa256426be33a285d8f02b6f57f3341.jpg,416,416,1,179,49,201,84
651_jpg.rf.6aa256426be33a285d8f02b6f57f3341.jpg,416,416,2,207,52,228,87
651_jpg.rf.6aa256426be33a285d8f02b6f57f3341.jpg,416,416,3,235,53,255,88
651_jpg.rf.6aa256426be33a285d8f02b6f57f3341.jpg,416,416,4,262,54,283,90
651_jpg.rf.6aa256426be33a285d8f02b6f57f3341.jpg,416,416,5,289,55,310,91
60_jpg.rf.6bf1e92f686313d805d86d57cc3d94fb.jpg,416,416,R,304,329,314,346
60_jpg.rf.6bf1e92f686313d805d86d57cc3d94fb.jpg,416,416,8,288,329,298,347
60_jpg.rf.6bf1e92f686313d805d86d57cc3d94fb.jpg,416,416,7,304,350,315,368
60_jpg.rf.6bf1e92f686313d805d86d57cc3d94fb.jpg,416,416,6,288,350,299,368
60_jpg.rf.6bf1e92f686313d805d86d57cc3d94fb.jpg,416,416,5,306,370,316,388
60_jpg.rf.6bf1e92f686313d805d86d57cc3d94fb.jpg,416,416,4,290,372,300,388
60_jpg.rf.6bf1e92f686313d805d86d57cc3d94fb.jpg,416,416,3,307,392,317,409
60_jpg.rf.6bf1e92f686313d805d86d57cc3d94fb.jpg,416,416,2,291,393,301,411
60_jpg.rf.6bf1e92f686313d805d86d57cc3d94fb.jpg,416,416,R,275,13,285,27
60_jpg.rf.6bf1e92f686313d805d86d57cc3d94fb.jpg,416,416,8,244,15,253,29
60_jpg.rf.6bf1e92f686313d805d86d57cc3d94fb.jpg,416,416,7,214,21,221,30
60_jpg.rf.6bf1e92f686313d805d86d57cc3d94fb.jpg,416,416,6,183,22,190,33
60_jpg.rf.6bf1e92f686313d805d86d57cc3d94fb.jpg,416,416,5,152,24,160,36
60_jpg.rf.6bf1e92f686313d805d86d57cc3d94fb.jpg,416,416,4,122,26,130,38
60_jpg.rf.6bf1e92f686313d805d86d57cc3d94fb.jpg,416,416,3,91,28,99,40
60_jpg.rf.6bf1e92f686313d805d86d57cc3d94fb.jpg,416,416,2,61,31,69,43
60_jpg.rf.6bf1e92f686313d805d86d57cc3d94fb.jpg,416,416,1,31,32,39,44
1538_jpg.rf.68fb7cc950cc6af1c031f3d9ec80a4a1.jpg,416,416,20,159,0,181,37
1538_jpg.rf.68fb7cc950cc6af1c031f3d9ec80a4a1.jpg,416,416,21,186,0,208,37
1538_jpg.rf.68fb7cc950cc6af1c031f3d9ec80a4a1.jpg,416,416,22,210,0,231,36
1538_jpg.rf.68fb7cc950cc6af1c031f3d9ec80a4a1.jpg,416,416,19,211,46,232,86
1538_jpg.rf.68fb7cc950cc6af1c031f3d9ec80a4a1.jpg,416,416,18,187,47,208,87
1538_jpg.rf.68fb7cc950cc6af1c031f3d9ec80a4a1.jpg,416,416,17,161,47,182,87
1538_jpg.rf.68fb7cc950cc6af1c031f3d9ec80a4a1.jpg,416,416,15,188,94,209,134
1538_jpg.rf.68fb7cc950cc6af1c031f3d9ec80a4a1.jpg,416,416,16,211,93,232,132
1538_jpg.rf.68fb7cc950cc6af1c031f3d9ec80a4a1.jpg,416,416,12,212,138,231,175
1538_jpg.rf.68fb7cc950cc6af1c031f3d9ec80a4a1.jpg,416,416,11,189,141,209,179
1538_jpg.rf.68fb7cc950cc6af1c031f3d9ec80a4a1.jpg,416,416,8,189,186,208,222
1538_jpg.rf.68fb7cc950cc6af1c031f3d9ec80a4a1.jpg,416,416,9,212,182,231,218
1538_jpg.rf.68fb7cc950cc6af1c031f3d9ec80a4a1.jpg,416,416,6,212,224,230,257
1538_jpg.rf.68fb7cc950cc6af1c031f3d9ec80a4a1.jpg,416,416,G,167,275,186,309
1538_jpg.rf.68fb7cc950cc6af1c031f3d9ec80a4a1.jpg,416,416,5,189,229,208,265
706_jpg.rf.69521376f4d3a3aae9b334d108b447d5.jpg,416,416,1,162,186,192,227
706_jpg.rf.69521376f4d3a3aae9b334d108b447d5.jpg,416,416,2,201,186,231,226
706_jpg.rf.69521376f4d3a3aae9b334d108b447d5.jpg,416,416,3,239,185,269,226
706_jpg.rf.69521376f4d3a3aae9b334d108b447d5.jpg,416,416,4,162,237,191,276
706_jpg.rf.69521376f4d3a3aae9b334d108b447d5.jpg,416,416,5,200,236,228,274
706_jpg.rf.69521376f4d3a3aae9b334d108b447d5.jpg,416,416,6,237,235,265,272
706_jpg.rf.69521376f4d3a3aae9b334d108b447d5.jpg,416,416,7,161,284,190,322
706_jpg.rf.69521376f4d3a3aae9b334d108b447d5.jpg,416,416,8,198,283,226,318
706_jpg.rf.69521376f4d3a3aae9b334d108b447d5.jpg,416,416,9,234,280,262,317
706_jpg.rf.69521376f4d3a3aae9b334d108b447d5.jpg,416,416,s,160,329,188,367
706_jpg.rf.69521376f4d3a3aae9b334d108b447d5.jpg,416,416,0,197,327,224,363
706_jpg.rf.69521376f4d3a3aae9b334d108b447d5.jpg,416,416,B,232,325,258,361
1952_jpg.rf.6c887ec3d62a4aac4d2714d2471050e5.jpg,416,416,45,71,139,112,186
1952_jpg.rf.6c887ec3d62a4aac4d2714d2471050e5.jpg,416,416,42,76,187,116,232
1952_jpg.rf.6c887ec3d62a4aac4d2714d2471050e5.jpg,416,416,40,82,234,118,273
1952_jpg.rf.6c887ec3d62a4aac4d2714d2471050e5.jpg,416,416,46,191,147,228,192
1952_jpg.rf.6c887ec3d62a4aac4d2714d2471050e5.jpg,416,416,43,186,196,225,237
1952_jpg.rf.6c887ec3d62a4aac4d2714d2471050e5.jpg,416,416,41,185,239,221,278
1952_jpg.rf.6c887ec3d62a4aac4d2714d2471050e5.jpg,416,416,39,183,276,217,313
224_jpg.rf.6d1042f09db5b69cff39a12e969f8245.jpg,416,416,4,241,135,280,165
224_jpg.rf.6d1042f09db5b69cff39a12e969f8245.jpg,416,416,2,217,171,257,200
224_jpg.rf.6d1042f09db5b69cff39a12e969f8245.jpg,416,416,3,262,171,301,200
224_jpg.rf.6d1042f09db5b69cff39a12e969f8245.jpg,416,416,M,216,207,255,236
224_jpg.rf.6d1042f09db5b69cff39a12e969f8245.jpg,416,416,M,261,207,300,235
224_jpg.rf.6d1042f09db5b69cff39a12e969f8245.jpg,416,416,L,238,244,277,271
224_jpg.rf.6d1042f09db5b69cff39a12e969f8245.jpg,416,416,B,215,277,252,305
224_jpg.rf.6d1042f09db5b69cff39a12e969f8245.jpg,416,416,B,258,277,296,304
1464_jpg.rf.6d968b7725b775c29a438ee8202bbb4c.jpg,416,416,G,236,284,250,312
1464_jpg.rf.6d968b7725b775c29a438ee8202bbb4c.jpg,416,416,M,236,255,251,281
1464_jpg.rf.6d968b7725b775c29a438ee8202bbb4c.jpg,416,416,7,235,162,250,190
1464_jpg.rf.6d968b7725b775c29a438ee8202bbb4c.jpg,416,416,8,235,132,250,159
1464_jpg.rf.6d968b7725b775c29a438ee8202bbb4c.jpg,416,416,9,235,102,249,128
1464_jpg.rf.6d968b7725b775c29a438ee8202bbb4c.jpg,416,416,10,234,70,249,97
1464_jpg.rf.6d968b7725b775c29a438ee8202bbb4c.jpg,416,416,11,235,39,249,66
1464_jpg.rf.6d968b7725b775c29a438ee8202bbb4c.jpg,416,416,12,257,253,271,279
1464_jpg.rf.6d968b7725b775c29a438ee8202bbb4c.jpg,416,416,14,256,223,271,249
1464_jpg.rf.6d968b7725b775c29a438ee8202bbb4c.jpg,416,416,15,256,194,271,220
1464_jpg.rf.6d968b7725b775c29a438ee8202bbb4c.jpg,416,416,16,256,163,271,190
1464_jpg.rf.6d968b7725b775c29a438ee8202bbb4c.jpg,416,416,17,256,133,270,159
1464_jpg.rf.6d968b7725b775c29a438ee8202bbb4c.jpg,416,416,18,256,102,270,128
1464_jpg.rf.6d968b7725b775c29a438ee8202bbb4c.jpg,416,416,19,255,71,270,98
1464_jpg.rf.6d968b7725b775c29a438ee8202bbb4c.jpg,416,416,20,255,39,270,67
446_jpg.rf.6d2e6f336152308ed6917dbb8edb5748.jpg,416,416,13,233,172,248,183
446_jpg.rf.6d2e6f336152308ed6917dbb8edb5748.jpg,416,416,12,233,184,248,195
446_jpg.rf.6d2e6f336152308ed6917dbb8edb5748.jpg,416,416,11,232,196,247,206
446_jpg.rf.6d2e6f336152308ed6917dbb8edb5748.jpg,416,416,10,233,208,248,219
446_jpg.rf.6d2e6f336152308ed6917dbb8edb5748.jpg,416,416,9,233,219,247,230
446_jpg.rf.6d2e6f336152308ed6917dbb8edb5748.jpg,416,416,8,233,231,247,242
446_jpg.rf.6d2e6f336152308ed6917dbb8edb5748.jpg,416,416,7,233,242,247,253
446_jpg.rf.6d2e6f336152308ed6917dbb8edb5748.jpg,416,416,6,209,186,223,197
446_jpg.rf.6d2e6f336152308ed6917dbb8edb5748.jpg,416,416,5,209,199,223,210
446_jpg.rf.6d2e6f336152308ed6917dbb8edb5748.jpg,416,416,4,209,211,223,222
446_jpg.rf.6d2e6f336152308ed6917dbb8edb5748.jpg,416,416,3,209,223,223,234
446_jpg.rf.6d2e6f336152308ed6917dbb8edb5748.jpg,416,416,2,208,235,223,246
446_jpg.rf.6d2e6f336152308ed6917dbb8edb5748.jpg,416,416,1,209,246,223,257
576_jpg.rf.6c65cedaf253dbc2170cbdf4d954e2bc.jpg,416,416,3,108,12,192,94
576_jpg.rf.6c65cedaf253dbc2170cbdf4d954e2bc.jpg,416,416,2,125,152,201,222
576_jpg.rf.6c65cedaf253dbc2170cbdf4d954e2bc.jpg,416,416,1,136,268,201,328
576_jpg.rf.6c65cedaf253dbc2170cbdf4d954e2bc.jpg,416,416,G,147,363,206,410
576_jpg.rf.6c65cedaf253dbc2170cbdf4d954e2bc.jpg,416,416,3,207,8,298,94
576_jpg.rf.6c65cedaf253dbc2170cbdf4d954e2bc.jpg,416,416,3,208,140,290,223
576_jpg.rf.6c65cedaf253dbc2170cbdf4d954e2bc.jpg,416,416,1,211,257,286,325
649_jpg.rf.6cc3a298976e194dd62db5031c3bee7c.jpg,416,416,4,152,167,171,198
649_jpg.rf.6cc3a298976e194dd62db5031c3bee7c.jpg,416,416,3,151,216,170,249
649_jpg.rf.6cc3a298976e194dd62db5031c3bee7c.jpg,416,416,6,191,218,209,249
649_jpg.rf.6cc3a298976e194dd62db5031c3bee7c.jpg,416,416,2,152,267,169,300
649_jpg.rf.6cc3a298976e194dd62db5031c3bee7c.jpg,416,416,1,151,321,169,352
1623_jpg.rf.6c2f0577a0a8a4a05cf0dbfe68e5dd2d.jpg,416,416,8,169,69,202,110
1623_jpg.rf.6c2f0577a0a8a4a05cf0dbfe68e5dd2d.jpg,416,416,6,172,120,202,162
1623_jpg.rf.6c2f0577a0a8a4a05cf0dbfe68e5dd2d.jpg,416,416,7,216,125,247,166
1623_jpg.rf.6c2f0577a0a8a4a05cf0dbfe68e5dd2d.jpg,416,416,3,175,168,202,206
1623_jpg.rf.6c2f0577a0a8a4a05cf0dbfe68e5dd2d.jpg,416,416,5,216,172,244,211
1623_jpg.rf.6c2f0577a0a8a4a05cf0dbfe68e5dd2d.jpg,416,416,1,176,212,204,247
1623_jpg.rf.6c2f0577a0a8a4a05cf0dbfe68e5dd2d.jpg,416,416,2,216,215,241,252
1505_jpg.rf.6e91c85c86bfa7a9b5a7b981a1e8788b.jpg,416,416,1,133,86,175,165
1505_jpg.rf.6e91c85c86bfa7a9b5a7b981a1e8788b.jpg,416,416,G,134,233,176,308
936_jpg.rf.6e83a2b4e4103ac4759a915cc7ed6915.jpg,416,416,1,183,63,242,141
936_jpg.rf.6e83a2b4e4103ac4759a915cc7ed6915.jpg,416,416,G,188,145,243,213
1982_jpg.rf.6e4e357abc63aac0bc0e0fa997a60672.jpg,416,416,1,208,350,218,371
1982_jpg.rf.6e4e357abc63aac0bc0e0fa997a60672.jpg,416,416,15,226,354,238,374
1982_jpg.rf.6e4e357abc63aac0bc0e0fa997a60672.jpg,416,416,16,226,331,237,351
1982_jpg.rf.6e4e357abc63aac0bc0e0fa997a60672.jpg,416,416,M,208,328,218,348
1982_jpg.rf.6e4e357abc63aac0bc0e0fa997a60672.jpg,416,416,2,207,306,218,325
1982_jpg.rf.6e4e357abc63aac0bc0e0fa997a60672.jpg,416,416,17,225,307,237,328
1982_jpg.rf.6e4e357abc63aac0bc0e0fa997a60672.jpg,416,416,18,225,284,236,305
1982_jpg.rf.6e4e357abc63aac0bc0e0fa997a60672.jpg,416,416,3,206,283,218,303
1982_jpg.rf.6e4e357abc63aac0bc0e0fa997a60672.jpg,416,416,4,206,258,217,280
1982_jpg.rf.6e4e357abc63aac0bc0e0fa997a60672.jpg,416,416,19,225,260,237,281
1982_jpg.rf.6e4e357abc63aac0bc0e0fa997a60672.jpg,416,416,20,225,236,236,257
1982_jpg.rf.6e4e357abc63aac0bc0e0fa997a60672.jpg,416,416,5,205,236,217,255
1982_jpg.rf.6e4e357abc63aac0bc0e0fa997a60672.jpg,416,416,6,205,211,216,231
1982_jpg.rf.6e4e357abc63aac0bc0e0fa997a60672.jpg,416,416,21,224,211,236,233
1982_jpg.rf.6e4e357abc63aac0bc0e0fa997a60672.jpg,416,416,22,224,186,236,208
1982_jpg.rf.6e4e357abc63aac0bc0e0fa997a60672.jpg,416,416,7,204,186,216,206
1982_jpg.rf.6e4e357abc63aac0bc0e0fa997a60672.jpg,416,416,8,204,162,216,183
1982_jpg.rf.6e4e357abc63aac0bc0e0fa997a60672.jpg,416,416,23,224,160,235,183
1982_jpg.rf.6e4e357abc63aac0bc0e0fa997a60672.jpg,416,416,24,224,136,235,157
1982_jpg.rf.6e4e357abc63aac0bc0e0fa997a60672.jpg,416,416,9,203,137,215,158
1982_jpg.rf.6e4e357abc63aac0bc0e0fa997a60672.jpg,416,416,10,203,110,215,133
1982_jpg.rf.6e4e357abc63aac0bc0e0fa997a60672.jpg,416,416,25,224,109,235,132
1982_jpg.rf.6e4e357abc63aac0bc0e0fa997a60672.jpg,416,416,26,223,82,235,106
1982_jpg.rf.6e4e357abc63aac0bc0e0fa997a60672.jpg,416,416,11,203,84,215,106
1982_jpg.rf.6e4e357abc63aac0bc0e0fa997a60672.jpg,416,416,12,202,57,214,79
1982_jpg.rf.6e4e357abc63aac0bc0e0fa997a60672.jpg,416,416,27,223,55,234,78
1982_jpg.rf.6e4e357abc63aac0bc0e0fa997a60672.jpg,416,416,28,222,26,235,50
1982_jpg.rf.6e4e357abc63aac0bc0e0fa997a60672.jpg,416,416,13,202,29,214,50
1982_jpg.rf.6e4e357abc63aac0bc0e0fa997a60672.jpg,416,416,14,201,0,213,23
1982_jpg.rf.6e4e357abc63aac0bc0e0fa997a60672.jpg,416,416,29,222,0,234,21
1935_jpg.rf.6d164a2da67d30097038d51ca3b748eb.jpg,416,416,1,211,148,307,206
1935_jpg.rf.6d164a2da67d30097038d51ca3b748eb.jpg,416,416,3,211,93,312,155
1935_jpg.rf.6d164a2da67d30097038d51ca3b748eb.jpg,416,416,5,211,32,317,101
1935_jpg.rf.6d164a2da67d30097038d51ca3b748eb.jpg,416,416,4,107,31,215,98
1935_jpg.rf.6d164a2da67d30097038d51ca3b748eb.jpg,416,416,2,108,91,214,154
1935_jpg.rf.6d164a2da67d30097038d51ca3b748eb.jpg,416,416,B,113,146,214,208
1935_jpg.rf.6d164a2da67d30097038d51ca3b748eb.jpg,416,416,B,326,78,382,133
1935_jpg.rf.6d164a2da67d30097038d51ca3b748eb.jpg,416,416,2,334,0,394,45
1072_jpg.rf.6edb13044c1b873c6f4675af0e7eb917.jpg,416,416,1,99,153,145,210
1072_jpg.rf.6edb13044c1b873c6f4675af0e7eb917.jpg,416,416,1,148,161,191,218
1072_jpg.rf.6edb13044c1b873c6f4675af0e7eb917.jpg,416,416,G,197,163,239,227
1072_jpg.rf.6edb13044c1b873c6f4675af0e7eb917.jpg,416,416,G,237,175,281,226
629_jpg.rf.6e15e85205cf024f0b0f0ea768175861.jpg,416,416,2,190,294,218,333
629_jpg.rf.6e15e85205cf024f0b0f0ea768175861.jpg,416,416,M,190,346,216,383
819_jpg.rf.6e8b36de2f6939cbe69b3179d52e48fc.jpg,416,416,4,133,74,171,140
819_jpg.rf.6e8b36de2f6939cbe69b3179d52e48fc.jpg,416,416,3,135,145,172,208
819_jpg.rf.6e8b36de2f6939cbe69b3179d52e48fc.jpg,416,416,2,136,210,173,273
819_jpg.rf.6e8b36de2f6939cbe69b3179d52e48fc.jpg,416,416,1,136,273,174,334
819_jpg.rf.6e8b36de2f6939cbe69b3179d52e48fc.jpg,416,416,G,138,332,173,394
010_jpg.rf.6e1ce0c4a144f1bcbbc963c466f51177.jpg,416,416,45,22,53,71,90
010_jpg.rf.6e1ce0c4a144f1bcbbc963c466f51177.jpg,416,416,46,73,53,125,94
010_jpg.rf.6e1ce0c4a144f1bcbbc963c466f51177.jpg,416,416,47,126,53,178,94
010_jpg.rf.6e1ce0c4a144f1bcbbc963c466f51177.jpg,416,416,48,178,54,235,97
010_jpg.rf.6e1ce0c4a144f1bcbbc963c466f51177.jpg,416,416,38,25,92,76,132
010_jpg.rf.6e1ce0c4a144f1bcbbc963c466f51177.jpg,416,416,39,77,93,127,133
010_jpg.rf.6e1ce0c4a144f1bcbbc963c466f51177.jpg,416,416,40,126,94,180,136
010_jpg.rf.6e1ce0c4a144f1bcbbc963c466f51177.jpg,416,416,41,179,96,234,139
010_jpg.rf.6e1ce0c4a144f1bcbbc963c466f51177.jpg,416,416,42,234,97,289,140
010_jpg.rf.6e1ce0c4a144f1bcbbc963c466f51177.jpg,416,416,43,291,98,349,141
010_jpg.rf.6e1ce0c4a144f1bcbbc963c466f51177.jpg,416,416,44,350,100,408,143
010_jpg.rf.6e1ce0c4a144f1bcbbc963c466f51177.jpg,416,416,31,29,132,80,170
010_jpg.rf.6e1ce0c4a144f1bcbbc963c466f51177.jpg,416,416,32,80,133,131,172
010_jpg.rf.6e1ce0c4a144f1bcbbc963c466f51177.jpg,416,416,33,129,136,180,175
010_jpg.rf.6e1ce0c4a144f1bcbbc963c466f51177.jpg,416,416,34,179,139,232,176
010_jpg.rf.6e1ce0c4a144f1bcbbc963c466f51177.jpg,416,416,35,233,141,287,179
010_jpg.rf.6e1ce0c4a144f1bcbbc963c466f51177.jpg,416,416,36,289,141,347,182
010_jpg.rf.6e1ce0c4a144f1bcbbc963c466f51177.jpg,416,416,37,345,142,404,185
010_jpg.rf.6e1ce0c4a144f1bcbbc963c466f51177.jpg,416,416,24,33,171,83,208
010_jpg.rf.6e1ce0c4a144f1bcbbc963c466f51177.jpg,416,416,25,80,172,130,209
010_jpg.rf.6e1ce0c4a144f1bcbbc963c466f51177.jpg,416,416,26,131,175,180,212
010_jpg.rf.6e1ce0c4a144f1bcbbc963c466f51177.jpg,416,416,27,181,178,230,215
010_jpg.rf.6e1ce0c4a144f1bcbbc963c466f51177.jpg,416,416,28,232,180,284,218
010_jpg.rf.6e1ce0c4a144f1bcbbc963c466f51177.jpg,416,416,29,286,181,342,220
010_jpg.rf.6e1ce0c4a144f1bcbbc963c466f51177.jpg,416,416,30,343,185,401,225
010_jpg.rf.6e1ce0c4a144f1bcbbc963c466f51177.jpg,416,416,17,37,209,85,243
010_jpg.rf.6e1ce0c4a144f1bcbbc963c466f51177.jpg,416,416,18,86,210,134,244
010_jpg.rf.6e1ce0c4a144f1bcbbc963c466f51177.jpg,416,416,19,134,214,182,248
010_jpg.rf.6e1ce0c4a144f1bcbbc963c466f51177.jpg,416,416,20,182,216,230,250
010_jpg.rf.6e1ce0c4a144f1bcbbc963c466f51177.jpg,416,416,21,232,218,284,256
010_jpg.rf.6e1ce0c4a144f1bcbbc963c466f51177.jpg,416,416,22,284,218,338,259
010_jpg.rf.6e1ce0c4a144f1bcbbc963c466f51177.jpg,416,416,23,337,223,395,262
010_jpg.rf.6e1ce0c4a144f1bcbbc963c466f51177.jpg,416,416,9,40,241,88,275
010_jpg.rf.6e1ce0c4a144f1bcbbc963c466f51177.jpg,416,416,10,88,242,135,281
010_jpg.rf.6e1ce0c4a144f1bcbbc963c466f51177.jpg,416,416,11,135,246,182,283
010_jpg.rf.6e1ce0c4a144f1bcbbc963c466f51177.jpg,416,416,12,182,249,231,287
010_jpg.rf.6e1ce0c4a144f1bcbbc963c466f51177.jpg,416,416,14,232,253,282,290
010_jpg.rf.6e1ce0c4a144f1bcbbc963c466f51177.jpg,416,416,15,282,257,335,293
010_jpg.rf.6e1ce0c4a144f1bcbbc963c466f51177.jpg,416,416,16,335,260,391,300
010_jpg.rf.6e1ce0c4a144f1bcbbc963c466f51177.jpg,416,416,4,183,285,230,318
010_jpg.rf.6e1ce0c4a144f1bcbbc963c466f51177.jpg,416,416,6,230,289,279,323
010_jpg.rf.6e1ce0c4a144f1bcbbc963c466f51177.jpg,416,416,7,281,291,336,330
209_jpg.rf.6a37fa8b1515bf0cfe442b91aebb192b.jpg,416,416,10,207,55,223,85
209_jpg.rf.6a37fa8b1515bf0cfe442b91aebb192b.jpg,416,416,8,182,110,198,139
209_jpg.rf.6a37fa8b1515bf0cfe442b91aebb192b.jpg,416,416,9,230,110,246,138
209_jpg.rf.6a37fa8b1515bf0cfe442b91aebb192b.jpg,416,416,6,182,147,199,176
209_jpg.rf.6a37fa8b1515bf0cfe442b91aebb192b.jpg,416,416,7,229,146,246,176
209_jpg.rf.6a37fa8b1515bf0cfe442b91aebb192b.jpg,416,416,4,182,185,199,214
209_jpg.rf.6a37fa8b1515bf0cfe442b91aebb192b.jpg,416,416,5,229,183,246,211
209_jpg.rf.6a37fa8b1515bf0cfe442b91aebb192b.jpg,416,416,2,182,221,199,252
209_jpg.rf.6a37fa8b1515bf0cfe442b91aebb192b.jpg,416,416,3,229,217,245,247
209_jpg.rf.6a37fa8b1515bf0cfe442b91aebb192b.jpg,416,416,G,182,258,199,287
209_jpg.rf.6a37fa8b1515bf0cfe442b91aebb192b.jpg,416,416,M,228,255,245,282
1797_jpg.rf.6e0427b5e2417c56731a93e9f2cac262.jpg,416,416,13,231,75,257,122
1797_jpg.rf.6e0427b5e2417c56731a93e9f2cac262.jpg,416,416,11,232,126,257,169
1797_jpg.rf.6e0427b5e2417c56731a93e9f2cac262.jpg,416,416,12,269,123,295,167
1797_jpg.rf.6e0427b5e2417c56731a93e9f2cac262.jpg,416,416,9,233,174,258,218
1797_jpg.rf.6e0427b5e2417c56731a93e9f2cac262.jpg,416,416,10,270,172,295,215
1797_jpg.rf.6e0427b5e2417c56731a93e9f2cac262.jpg,416,416,7,233,220,259,264
1797_jpg.rf.6e0427b5e2417c56731a93e9f2cac262.jpg,416,416,8,271,219,296,263
1797_jpg.rf.6e0427b5e2417c56731a93e9f2cac262.jpg,416,416,5,235,267,259,312
1797_jpg.rf.6e0427b5e2417c56731a93e9f2cac262.jpg,416,416,6,271,264,295,308
1797_jpg.rf.6e0427b5e2417c56731a93e9f2cac262.jpg,416,416,4,272,311,296,355
1797_jpg.rf.6e0427b5e2417c56731a93e9f2cac262.jpg,416,416,1,236,361,260,405
1797_jpg.rf.6e0427b5e2417c56731a93e9f2cac262.jpg,416,416,2,272,357,297,401
835_jpg.rf.6f67ccb6d1dbe15ea5554dab641f9e37.jpg,416,416,13,233,129,253,142
835_jpg.rf.6f67ccb6d1dbe15ea5554dab641f9e37.jpg,416,416,12,233,151,252,164
835_jpg.rf.6f67ccb6d1dbe15ea5554dab641f9e37.jpg,416,416,11,232,173,251,185
835_jpg.rf.6f67ccb6d1dbe15ea5554dab641f9e37.jpg,416,416,10,232,193,251,206
835_jpg.rf.6f67ccb6d1dbe15ea5554dab641f9e37.jpg,416,416,9,232,213,251,225
835_jpg.rf.6f67ccb6d1dbe15ea5554dab641f9e37.jpg,416,416,8,232,232,251,245
835_jpg.rf.6f67ccb6d1dbe15ea5554dab641f9e37.jpg,416,416,7,232,251,250,264
835_jpg.rf.6f67ccb6d1dbe15ea5554dab641f9e37.jpg,416,416,6,206,151,227,165
835_jpg.rf.6f67ccb6d1dbe15ea5554dab641f9e37.jpg,416,416,5,207,173,227,186
835_jpg.rf.6f67ccb6d1dbe15ea5554dab641f9e37.jpg,416,416,4,207,194,227,207
835_jpg.rf.6f67ccb6d1dbe15ea5554dab641f9e37.jpg,416,416,3,207,214,226,227
835_jpg.rf.6f67ccb6d1dbe15ea5554dab641f9e37.jpg,416,416,2,207,234,227,248
835_jpg.rf.6f67ccb6d1dbe15ea5554dab641f9e37.jpg,416,416,1,207,253,226,267
835_jpg.rf.6f67ccb6d1dbe15ea5554dab641f9e37.jpg,416,416,G,208,272,227,287
1127_jpg.rf.67a4437755ea57f9e961e9058f155a9d.jpg,416,416,G,187,20,218,66
1127_jpg.rf.67a4437755ea57f9e961e9058f155a9d.jpg,416,416,5,186,83,215,124
1127_jpg.rf.67a4437755ea57f9e961e9058f155a9d.jpg,416,416,4,186,137,213,177
1127_jpg.rf.67a4437755ea57f9e961e9058f155a9d.jpg,416,416,3,185,185,211,224
1127_jpg.rf.67a4437755ea57f9e961e9058f155a9d.jpg,416,416,2,184,231,208,265
1127_jpg.rf.67a4437755ea57f9e961e9058f155a9d.jpg,416,416,1,184,271,207,303
1127_jpg.rf.67a4437755ea57f9e961e9058f155a9d.jpg,416,416,B,183,308,206,338
689_jpg.rf.6e8fb756d6edc359e993976e3c1f1747.jpg,416,416,3,146,39,236,96
689_jpg.rf.6e8fb756d6edc359e993976e3c1f1747.jpg,416,416,2,154,109,238,159
1558_jpg.rf.706d05d821aad3d1fc1f94bea7c38e95.jpg,416,416,C,158,209,198,227
1558_jpg.rf.706d05d821aad3d1fc1f94bea7c38e95.jpg,416,416,A,220,241,256,258
1558_jpg.rf.706d05d821aad3d1fc1f94bea7c38e95.jpg,416,416,B,271,239,309,256
433_jpg.rf.730f516365db31269e61d991f3832c89.jpg,416,416,23,178,149,208,173
433_jpg.rf.730f516365db31269e61d991f3832c89.jpg,416,416,24,209,148,239,175
433_jpg.rf.730f516365db31269e61d991f3832c89.jpg,416,416,22,209,173,238,196
433_jpg.rf.730f516365db31269e61d991f3832c89.jpg,416,416,21,178,173,208,195
433_jpg.rf.730f516365db31269e61d991f3832c89.jpg,416,416,20,208,196,237,216
433_jpg.rf.730f516365db31269e61d991f3832c89.jpg,416,416,19,178,193,208,218
433_jpg.rf.730f516365db31269e61d991f3832c89.jpg,416,416,18,209,220,239,240
433_jpg.rf.730f516365db31269e61d991f3832c89.jpg,416,416,17,179,218,212,237
1950_jpg.rf.71dc1a70dc27598b19857106a05cecd8.jpg,416,416,1,195,181,256,265
1950_jpg.rf.71dc1a70dc27598b19857106a05cecd8.jpg,416,416,G,198,321,254,398
396_jpg.rf.6e76da136581b92447b503919c9e4754.jpg,416,416,6,252,204,277,241
396_jpg.rf.6e76da136581b92447b503919c9e4754.jpg,416,416,5,212,209,241,246
396_jpg.rf.6e76da136581b92447b503919c9e4754.jpg,416,416,4,174,214,201,256
396_jpg.rf.6e76da136581b92447b503919c9e4754.jpg,416,416,3,130,223,161,259
396_jpg.rf.6e76da136581b92447b503919c9e4754.jpg,416,416,2,87,228,117,266
396_jpg.rf.6e76da136581b92447b503919c9e4754.jpg,416,416,1,42,234,74,274
392_jpg.rf.6f88e8c179bd63e4612efdec6f7aca6a.jpg,416,416,1,241,96,257,123
1206_jpg.rf.7117f02b3e0d9efaf52dfac46fae8220.jpg,416,416,8,249,259,266,284
1206_jpg.rf.7117f02b3e0d9efaf52dfac46fae8220.jpg,416,416,9,248,234,266,259
1206_jpg.rf.7117f02b3e0d9efaf52dfac46fae8220.jpg,416,416,10,248,210,266,234
1206_jpg.rf.7117f02b3e0d9efaf52dfac46fae8220.jpg,416,416,11,248,186,266,210
1206_jpg.rf.7117f02b3e0d9efaf52dfac46fae8220.jpg,416,416,12,249,161,266,187
1206_jpg.rf.7117f02b3e0d9efaf52dfac46fae8220.jpg,416,416,13,249,137,266,164
1206_jpg.rf.7117f02b3e0d9efaf52dfac46fae8220.jpg,416,416,14,249,112,266,138
1206_jpg.rf.7117f02b3e0d9efaf52dfac46fae8220.jpg,416,416,7,230,137,248,163
1206_jpg.rf.7117f02b3e0d9efaf52dfac46fae8220.jpg,416,416,6,231,162,248,188
1206_jpg.rf.7117f02b3e0d9efaf52dfac46fae8220.jpg,416,416,5,231,185,248,211
1206_jpg.rf.7117f02b3e0d9efaf52dfac46fae8220.jpg,416,416,4,231,210,248,236
1206_jpg.rf.7117f02b3e0d9efaf52dfac46fae8220.jpg,416,416,3,231,233,248,260
1206_jpg.rf.7117f02b3e0d9efaf52dfac46fae8220.jpg,416,416,2,231,257,248,284
1206_jpg.rf.7117f02b3e0d9efaf52dfac46fae8220.jpg,416,416,1,230,281,248,308
252_jpg.rf.71fa7ba6574be874cdc8a4bfb4522160.jpg,416,416,6,186,197,213,211
252_jpg.rf.71fa7ba6574be874cdc8a4bfb4522160.jpg,416,416,5,186,221,213,236
252_jpg.rf.71fa7ba6574be874cdc8a4bfb4522160.jpg,416,416,4,186,244,213,258
252_jpg.rf.71fa7ba6574be874cdc8a4bfb4522160.jpg,416,416,3,186,267,212,281
252_jpg.rf.71fa7ba6574be874cdc8a4bfb4522160.jpg,416,416,2,186,289,211,304
252_jpg.rf.71fa7ba6574be874cdc8a4bfb4522160.jpg,416,416,1,185,310,211,325
252_jpg.rf.71fa7ba6574be874cdc8a4bfb4522160.jpg,416,416,G,186,347,210,361
1251_jpg.rf.72808f55de2f5d00414a86fc21c360f5.jpg,416,416,31,49,10,130,61
1251_jpg.rf.72808f55de2f5d00414a86fc21c360f5.jpg,416,416,32,125,10,206,61
1251_jpg.rf.72808f55de2f5d00414a86fc21c360f5.jpg,416,416,33,202,9,283,60
1251_jpg.rf.72808f55de2f5d00414a86fc21c360f5.jpg,416,416,27,48,66,130,116
1251_jpg.rf.72808f55de2f5d00414a86fc21c360f5.jpg,416,416,28,125,66,207,116
1251_jpg.rf.72808f55de2f5d00414a86fc21c360f5.jpg,416,416,29,202,66,284,116
1251_jpg.rf.72808f55de2f5d00414a86fc21c360f5.jpg,416,416,30,279,66,361,116
1251_jpg.rf.72808f55de2f5d00414a86fc21c360f5.jpg,416,416,23,48,122,131,172
1251_jpg.rf.72808f55de2f5d00414a86fc21c360f5.jpg,416,416,24,125,122,207,172
1251_jpg.rf.72808f55de2f5d00414a86fc21c360f5.jpg,416,416,25,202,122,284,172
1251_jpg.rf.72808f55de2f5d00414a86fc21c360f5.jpg,416,416,26,277,122,360,172
1251_jpg.rf.72808f55de2f5d00414a86fc21c360f5.jpg,416,416,19,48,178,131,227
1251_jpg.rf.72808f55de2f5d00414a86fc21c360f5.jpg,416,416,20,126,178,209,227
1251_jpg.rf.72808f55de2f5d00414a86fc21c360f5.jpg,416,416,21,199,178,282,227
1251_jpg.rf.72808f55de2f5d00414a86fc21c360f5.jpg,416,416,22,276,178,359,227
1251_jpg.rf.72808f55de2f5d00414a86fc21c360f5.jpg,416,416,15,49,232,132,281
1251_jpg.rf.72808f55de2f5d00414a86fc21c360f5.jpg,416,416,16,125,233,207,282
1251_jpg.rf.72808f55de2f5d00414a86fc21c360f5.jpg,416,416,17,200,233,283,282
1251_jpg.rf.72808f55de2f5d00414a86fc21c360f5.jpg,416,416,11,48,287,131,336
944_jpg.rf.729884ba2347437de24d7504bfdc9f45.jpg,416,416,16,191,312,199,321
944_jpg.rf.729884ba2347437de24d7504bfdc9f45.jpg,416,416,20,206,309,214,317
944_jpg.rf.729884ba2347437de24d7504bfdc9f45.jpg,416,416,14,191,324,199,332
944_jpg.rf.729884ba2347437de24d7504bfdc9f45.jpg,416,416,18,206,320,214,328
944_jpg.rf.729884ba2347437de24d7504bfdc9f45.jpg,416,416,G,191,335,200,344
1602_jpg.rf.72ce9cb22f7e3c9d2a57169638d1ce5e.jpg,416,416,M,237,162,262,205
1602_jpg.rf.72ce9cb22f7e3c9d2a57169638d1ce5e.jpg,416,416,3,235,213,259,251
1602_jpg.rf.72ce9cb22f7e3c9d2a57169638d1ce5e.jpg,416,416,2,233,257,258,297
1602_jpg.rf.72ce9cb22f7e3c9d2a57169638d1ce5e.jpg,416,416,G,231,299,256,341
1082_jpg.rf.723feb89a10de2bddc5eef5f548b0e3e.jpg,416,416,1,133,169,168,205
1082_jpg.rf.723feb89a10de2bddc5eef5f548b0e3e.jpg,416,416,2,176,154,205,188
1082_jpg.rf.723feb89a10de2bddc5eef5f548b0e3e.jpg,416,416,3,211,144,237,171
1082_jpg.rf.723feb89a10de2bddc5eef5f548b0e3e.jpg,416,416,4,245,134,263,159
1082_jpg.rf.723feb89a10de2bddc5eef5f548b0e3e.jpg,416,416,G,140,246,171,282
607_jpg.rf.7246213ac5d5224c18859c4db88418f8.jpg,416,416,3,176,205,211,225
607_jpg.rf.7246213ac5d5224c18859c4db88418f8.jpg,416,416,2,176,234,211,253
607_jpg.rf.7246213ac5d5224c18859c4db88418f8.jpg,416,416,1,175,263,211,283
607_jpg.rf.7246213ac5d5224c18859c4db88418f8.jpg,416,416,G,176,292,212,314
438_jpg.rf.7140031f3ae7bd31b5d8c10a15960c95.jpg,416,416,6,271,91,288,127
438_jpg.rf.7140031f3ae7bd31b5d8c10a15960c95.jpg,416,416,5,272,128,288,161
438_jpg.rf.7140031f3ae7bd31b5d8c10a15960c95.jpg,416,416,2,240,127,256,159
438_jpg.rf.7140031f3ae7bd31b5d8c10a15960c95.jpg,416,416,1,241,164,257,196
438_jpg.rf.7140031f3ae7bd31b5d8c10a15960c95.jpg,416,416,G,240,195,256,230
1434_jpg.rf.738b42ca5a96fe2df9f4f06189a782e9.jpg,416,416,6,165,119,209,181
1434_jpg.rf.738b42ca5a96fe2df9f4f06189a782e9.jpg,416,416,2,166,189,210,250
1434_jpg.rf.738b42ca5a96fe2df9f4f06189a782e9.jpg,416,416,3,256,186,291,238
1434_jpg.rf.738b42ca5a96fe2df9f4f06189a782e9.jpg,416,416,4,330,183,357,233
1434_jpg.rf.738b42ca5a96fe2df9f4f06189a782e9.jpg,416,416,5,52,118,108,184
1438_jpg.rf.73eb265cbe19d5abf3a5697374051093.jpg,416,416,1,242,172,251,190
1438_jpg.rf.73eb265cbe19d5abf3a5697374051093.jpg,416,416,3,242,148,252,166
1438_jpg.rf.73eb265cbe19d5abf3a5697374051093.jpg,416,416,4,261,147,271,166
1438_jpg.rf.73eb265cbe19d5abf3a5697374051093.jpg,416,416,5,242,124,253,142
1438_jpg.rf.73eb265cbe19d5abf3a5697374051093.jpg,416,416,6,262,123,272,142
1438_jpg.rf.73eb265cbe19d5abf3a5697374051093.jpg,416,416,7,242,99,253,117
1438_jpg.rf.73eb265cbe19d5abf3a5697374051093.jpg,416,416,8,262,98,272,117
1438_jpg.rf.73eb265cbe19d5abf3a5697374051093.jpg,416,416,9,243,74,253,93
465_jpg.rf.74fceb24b8a44b081230e5c10a9a896b.jpg,416,416,21,213,48,235,77
465_jpg.rf.74fceb24b8a44b081230e5c10a9a896b.jpg,416,416,20,177,50,201,83
465_jpg.rf.74fceb24b8a44b081230e5c10a9a896b.jpg,416,416,19,213,97,235,126
465_jpg.rf.74fceb24b8a44b081230e5c10a9a896b.jpg,416,416,18,180,101,205,134
465_jpg.rf.74fceb24b8a44b081230e5c10a9a896b.jpg,416,416,17,136,107,165,142
465_jpg.rf.74fceb24b8a44b081230e5c10a9a896b.jpg,416,416,16,213,139,235,167
465_jpg.rf.74fceb24b8a44b081230e5c10a9a896b.jpg,416,416,15,181,149,203,177
465_jpg.rf.74fceb24b8a44b081230e5c10a9a896b.jpg,416,416,14,141,160,168,189
465_jpg.rf.74fceb24b8a44b081230e5c10a9a896b.jpg,416,416,12,213,180,231,206
465_jpg.rf.74fceb24b8a44b081230e5c10a9a896b.jpg,416,416,11,183,193,205,221
465_jpg.rf.74fceb24b8a44b081230e5c10a9a896b.jpg,416,416,10,144,207,172,236
465_jpg.rf.74fceb24b8a44b081230e5c10a9a896b.jpg,416,416,9,212,217,231,243
465_jpg.rf.74fceb24b8a44b081230e5c10a9a896b.jpg,416,416,8,184,233,206,261
465_jpg.rf.74fceb24b8a44b081230e5c10a9a896b.jpg,416,416,7,148,250,172,281
465_jpg.rf.74fceb24b8a44b081230e5c10a9a896b.jpg,416,416,6,213,252,231,278
465_jpg.rf.74fceb24b8a44b081230e5c10a9a896b.jpg,416,416,5,185,271,206,296
465_jpg.rf.74fceb24b8a44b081230e5c10a9a896b.jpg,416,416,4,152,290,174,319
465_jpg.rf.74fceb24b8a44b081230e5c10a9a896b.jpg,416,416,1,154,328,178,355
1085_jpg.rf.712a4391fbd945e78267cbebd599613e.jpg,416,416,1,190,20,212,67
1805_jpg.rf.743149177578fe2069b12e2c4c0bec1b.jpg,416,416,10,155,204,172,219
1805_jpg.rf.743149177578fe2069b12e2c4c0bec1b.jpg,416,416,11,177,202,193,216
1805_jpg.rf.743149177578fe2069b12e2c4c0bec1b.jpg,416,416,8,156,224,173,239
1805_jpg.rf.743149177578fe2069b12e2c4c0bec1b.jpg,416,416,9,178,220,194,235
1805_jpg.rf.743149177578fe2069b12e2c4c0bec1b.jpg,416,416,6,157,243,173,258
1805_jpg.rf.743149177578fe2069b12e2c4c0bec1b.jpg,416,416,7,178,239,194,253
1805_jpg.rf.743149177578fe2069b12e2c4c0bec1b.jpg,416,416,4,157,262,174,276
1805_jpg.rf.743149177578fe2069b12e2c4c0bec1b.jpg,416,416,5,179,256,195,271
1805_jpg.rf.743149177578fe2069b12e2c4c0bec1b.jpg,416,416,2,158,280,175,294
1805_jpg.rf.743149177578fe2069b12e2c4c0bec1b.jpg,416,416,3,180,275,194,288
1805_jpg.rf.743149177578fe2069b12e2c4c0bec1b.jpg,416,416,0,160,298,176,312
1805_jpg.rf.743149177578fe2069b12e2c4c0bec1b.jpg,416,416,1,181,292,196,306
1198_jpg.rf.75b3b43b1c1b19ac24ef8efa638c986a.jpg,416,416,2,193,285,215,303
1198_jpg.rf.75b3b43b1c1b19ac24ef8efa638c986a.jpg,416,416,B,193,325,214,343
1855_jpg.rf.761d54695e711c67da1ff285cff04c42.jpg,416,416,11,182,149,198,179
1855_jpg.rf.761d54695e711c67da1ff285cff04c42.jpg,416,416,12,211,147,227,177
1855_jpg.rf.761d54695e711c67da1ff285cff04c42.jpg,416,416,9,182,179,198,207
1855_jpg.rf.761d54695e711c67da1ff285cff04c42.jpg,416,416,10,212,179,227,207
1855_jpg.rf.761d54695e711c67da1ff285cff04c42.jpg,416,416,7,183,208,199,236
1855_jpg.rf.761d54695e711c67da1ff285cff04c42.jpg,416,416,8,212,207,228,235
1855_jpg.rf.761d54695e711c67da1ff285cff04c42.jpg,416,416,5,185,237,200,264
1855_jpg.rf.761d54695e711c67da1ff285cff04c42.jpg,416,416,6,213,236,228,263
1855_jpg.rf.761d54695e711c67da1ff285cff04c42.jpg,416,416,3,186,265,201,292
1855_jpg.rf.761d54695e711c67da1ff285cff04c42.jpg,416,416,4,214,266,229,293
1855_jpg.rf.761d54695e711c67da1ff285cff04c42.jpg,416,416,1,186,293,201,320
1855_jpg.rf.761d54695e711c67da1ff285cff04c42.jpg,416,416,2,214,293,229,320
632_jpg.rf.7398f4be0e68d79892e5f04ee91bdb10.jpg,416,416,4,181,180,248,272
632_jpg.rf.7398f4be0e68d79892e5f04ee91bdb10.jpg,416,416,3,182,292,252,386
1735_jpg.rf.7097b7b917cb570d0da065261eecf185.jpg,416,416,5,134,145,240,191
1735_jpg.rf.7097b7b917cb570d0da065261eecf185.jpg,416,416,3,136,188,237,231
1735_jpg.rf.7097b7b917cb570d0da065261eecf185.jpg,416,416,2,137,225,237,267
1735_jpg.rf.7097b7b917cb570d0da065261eecf185.jpg,416,416,L,138,260,233,300
62_jpg.rf.760f27e6140d8d0e9fdf03869b5f029f.jpg,416,416,3,194,237,217,284
62_jpg.rf.760f27e6140d8d0e9fdf03869b5f029f.jpg,416,416,2,170,239,192,285
62_jpg.rf.760f27e6140d8d0e9fdf03869b5f029f.jpg,416,416,1,145,238,169,286
62_jpg.rf.760f27e6140d8d0e9fdf03869b5f029f.jpg,416,416,6,195,296,218,344
62_jpg.rf.760f27e6140d8d0e9fdf03869b5f029f.jpg,416,416,5,170,298,192,346
62_jpg.rf.760f27e6140d8d0e9fdf03869b5f029f.jpg,416,416,4,145,298,169,348
62_jpg.rf.760f27e6140d8d0e9fdf03869b5f029f.jpg,416,416,9,194,356,217,405
62_jpg.rf.760f27e6140d8d0e9fdf03869b5f029f.jpg,416,416,8,169,358,193,407
62_jpg.rf.760f27e6140d8d0e9fdf03869b5f029f.jpg,416,416,7,145,360,168,409
1996_jpg.rf.72af71514fc56cb2961ca069562ecabe.jpg,416,416,1,186,318,208,355
1996_jpg.rf.72af71514fc56cb2961ca069562ecabe.jpg,416,416,2,218,295,240,331
1996_jpg.rf.72af71514fc56cb2961ca069562ecabe.jpg,416,416,3,185,277,207,314
1996_jpg.rf.72af71514fc56cb2961ca069562ecabe.jpg,416,416,4,218,254,240,290
1996_jpg.rf.72af71514fc56cb2961ca069562ecabe.jpg,416,416,5,184,237,206,273
1996_jpg.rf.72af71514fc56cb2961ca069562ecabe.jpg,416,416,6,218,212,240,249
1996_jpg.rf.72af71514fc56cb2961ca069562ecabe.jpg,416,416,7,184,192,206,229
1996_jpg.rf.72af71514fc56cb2961ca069562ecabe.jpg,416,416,8,218,170,240,206
1996_jpg.rf.72af71514fc56cb2961ca069562ecabe.jpg,416,416,9,185,150,207,186
1996_jpg.rf.72af71514fc56cb2961ca069562ecabe.jpg,416,416,10,218,126,240,163
1996_jpg.rf.72af71514fc56cb2961ca069562ecabe.jpg,416,416,11,184,104,203,142
987_jpg.rf.7675e3b6a5b25f8616c4e3931911017a.jpg,416,416,1,202,96,280,154
987_jpg.rf.7675e3b6a5b25f8616c4e3931911017a.jpg,416,416,G,207,162,287,225
987_jpg.rf.7675e3b6a5b25f8616c4e3931911017a.jpg,416,416,B,99,165,172,221
797_jpg.rf.75ee9538faeee5cb268cebfdef4a8f58.jpg,416,416,10,205,284,221,314
797_jpg.rf.75ee9538faeee5cb268cebfdef4a8f58.jpg,416,416,8,177,344,195,376
797_jpg.rf.75ee9538faeee5cb268cebfdef4a8f58.jpg,416,416,9,231,344,249,378
797_jpg.rf.75ee9538faeee5cb268cebfdef4a8f58.jpg,416,416,6,177,385,195,416
797_jpg.rf.75ee9538faeee5cb268cebfdef4a8f58.jpg,416,416,7,231,387,250,415
1684_jpg.rf.7332279ba8b6adb9a04abf28953e816f.jpg,416,416,2,196,70,230,133
1684_jpg.rf.7332279ba8b6adb9a04abf28953e816f.jpg,416,416,1,199,149,233,206
1711_jpg.rf.76eb900eae9ece1cd4e5f00ce4ff6fa0.jpg,416,416,31,211,132,266,185
1711_jpg.rf.76eb900eae9ece1cd4e5f00ce4ff6fa0.jpg,416,416,30,329,202,384,249
1711_jpg.rf.76eb900eae9ece1cd4e5f00ce4ff6fa0.jpg,416,416,29,267,196,322,244
1711_jpg.rf.76eb900eae9ece1cd4e5f00ce4ff6fa0.jpg,416,416,28,211,191,264,240
1711_jpg.rf.76eb900eae9ece1cd4e5f00ce4ff6fa0.jpg,416,416,27,153,186,206,233
1711_jpg.rf.76eb900eae9ece1cd4e5f00ce4ff6fa0.jpg,416,416,26,101,180,149,228
1711_jpg.rf.76eb900eae9ece1cd4e5f00ce4ff6fa0.jpg,416,416,25,322,255,377,300
1711_jpg.rf.76eb900eae9ece1cd4e5f00ce4ff6fa0.jpg,416,416,24,266,250,318,297
1711_jpg.rf.76eb900eae9ece1cd4e5f00ce4ff6fa0.jpg,416,416,23,211,245,260,287
1711_jpg.rf.76eb900eae9ece1cd4e5f00ce4ff6fa0.jpg,416,416,22,156,240,205,284
1711_jpg.rf.76eb900eae9ece1cd4e5f00ce4ff6fa0.jpg,416,416,21,104,234,151,277
1711_jpg.rf.76eb900eae9ece1cd4e5f00ce4ff6fa0.jpg,416,416,20,318,306,369,350
1711_jpg.rf.76eb900eae9ece1cd4e5f00ce4ff6fa0.jpg,416,416,19,263,300,313,342
1711_jpg.rf.76eb900eae9ece1cd4e5f00ce4ff6fa0.jpg,416,416,18,210,295,258,336
1711_jpg.rf.76eb900eae9ece1cd4e5f00ce4ff6fa0.jpg,416,416,17,158,290,205,330
1711_jpg.rf.76eb900eae9ece1cd4e5f00ce4ff6fa0.jpg,416,416,16,107,283,155,324
1711_jpg.rf.76eb900eae9ece1cd4e5f00ce4ff6fa0.jpg,416,416,15,313,354,362,393
1711_jpg.rf.76eb900eae9ece1cd4e5f00ce4ff6fa0.jpg,416,416,14,260,348,308,389
1711_jpg.rf.76eb900eae9ece1cd4e5f00ce4ff6fa0.jpg,416,416,13,211,342,256,382
1711_jpg.rf.76eb900eae9ece1cd4e5f00ce4ff6fa0.jpg,416,416,12,159,336,205,376
1711_jpg.rf.76eb900eae9ece1cd4e5f00ce4ff6fa0.jpg,416,416,11,111,329,155,369
1711_jpg.rf.76eb900eae9ece1cd4e5f00ce4ff6fa0.jpg,416,416,10,259,391,306,415
1711_jpg.rf.76eb900eae9ece1cd4e5f00ce4ff6fa0.jpg,416,416,9,114,370,157,407
1642_jpg.rf.73929a27e8c83e689dd1631463acba64.jpg,416,416,5,156,123,195,165
1642_jpg.rf.73929a27e8c83e689dd1631463acba64.jpg,416,416,10,214,116,250,156
1642_jpg.rf.73929a27e8c83e689dd1631463acba64.jpg,416,416,4,160,172,198,213
1642_jpg.rf.73929a27e8c83e689dd1631463acba64.jpg,416,416,9,216,163,249,201
1642_jpg.rf.73929a27e8c83e689dd1631463acba64.jpg,416,416,3,163,218,199,258
1642_jpg.rf.73929a27e8c83e689dd1631463acba64.jpg,416,416,8,216,207,248,244
1642_jpg.rf.73929a27e8c83e689dd1631463acba64.jpg,416,416,2,166,262,200,299
1642_jpg.rf.73929a27e8c83e689dd1631463acba64.jpg,416,416,7,217,248,248,285
1642_jpg.rf.73929a27e8c83e689dd1631463acba64.jpg,416,416,1,169,302,202,338
1642_jpg.rf.73929a27e8c83e689dd1631463acba64.jpg,416,416,6,217,286,249,320
1642_jpg.rf.73929a27e8c83e689dd1631463acba64.jpg,416,416,B,171,341,204,374
620_jpg.rf.74ac16d47c72e783b8fc3e37e834e25e.jpg,416,416,3,62,184,98,231
620_jpg.rf.74ac16d47c72e783b8fc3e37e834e25e.jpg,416,416,2,116,186,153,234
620_jpg.rf.74ac16d47c72e783b8fc3e37e834e25e.jpg,416,416,1,172,188,210,237
451_jpg.rf.74d41f32011b4c8334dc3bd9056f3b2e.jpg,416,416,10,185,121,211,168
451_jpg.rf.74d41f32011b4c8334dc3bd9056f3b2e.jpg,416,416,10,120,114,145,160
451_jpg.rf.74d41f32011b4c8334dc3bd9056f3b2e.jpg,416,416,10,182,173,208,220
451_jpg.rf.74d41f32011b4c8334dc3bd9056f3b2e.jpg,416,416,10,119,165,144,211
451_jpg.rf.74d41f32011b4c8334dc3bd9056f3b2e.jpg,416,416,10,181,224,205,264
451_jpg.rf.74d41f32011b4c8334dc3bd9056f3b2e.jpg,416,416,10,119,216,143,256
451_jpg.rf.74d41f32011b4c8334dc3bd9056f3b2e.jpg,416,416,10,179,270,203,310
451_jpg.rf.74d41f32011b4c8334dc3bd9056f3b2e.jpg,416,416,10,118,262,143,302
451_jpg.rf.74d41f32011b4c8334dc3bd9056f3b2e.jpg,416,416,10,177,314,202,354
451_jpg.rf.74d41f32011b4c8334dc3bd9056f3b2e.jpg,416,416,10,119,306,142,344
451_jpg.rf.74d41f32011b4c8334dc3bd9056f3b2e.jpg,416,416,10,175,357,198,391
451_jpg.rf.74d41f32011b4c8334dc3bd9056f3b2e.jpg,416,416,10,120,349,143,383
451_jpg.rf.74d41f32011b4c8334dc3bd9056f3b2e.jpg,416,416,10,148,352,170,386
451_jpg.rf.74d41f32011b4c8334dc3bd9056f3b2e.jpg,416,416,10,205,360,227,394
883_jpg.rf.77ea9eefb29ae144a4f46e760db49774.jpg,416,416,9,189,23,229,86
883_jpg.rf.77ea9eefb29ae144a4f46e760db49774.jpg,416,416,8,186,90,228,151
883_jpg.rf.77ea9eefb29ae144a4f46e760db49774.jpg,416,416,7,184,152,223,210
883_jpg.rf.77ea9eefb29ae144a4f46e760db49774.jpg,416,416,5,183,208,221,261
883_jpg.rf.77ea9eefb29ae144a4f46e760db49774.jpg,416,416,3,181,257,219,313
55_jpg.rf.748cf9fca574408b3c4aa737d150dbd5.jpg,416,416,12,154,142,168,160
55_jpg.rf.748cf9fca574408b3c4aa737d150dbd5.jpg,416,416,12,172,140,187,159
55_jpg.rf.748cf9fca574408b3c4aa737d150dbd5.jpg,416,416,13,192,140,206,159
55_jpg.rf.748cf9fca574408b3c4aa737d150dbd5.jpg,416,416,13,210,139,225,159
55_jpg.rf.748cf9fca574408b3c4aa737d150dbd5.jpg,416,416,11,230,165,244,183
55_jpg.rf.748cf9fca574408b3c4aa737d150dbd5.jpg,416,416,11,247,164,261,182
55_jpg.rf.748cf9fca574408b3c4aa737d150dbd5.jpg,416,416,10,193,165,206,184
55_jpg.rf.748cf9fca574408b3c4aa737d150dbd5.jpg,416,416,10,211,165,225,184
55_jpg.rf.748cf9fca574408b3c4aa737d150dbd5.jpg,416,416,9,155,167,169,187
55_jpg.rf.748cf9fca574408b3c4aa737d150dbd5.jpg,416,416,9,173,167,187,185
55_jpg.rf.748cf9fca574408b3c4aa737d150dbd5.jpg,416,416,8,230,189,243,207
55_jpg.rf.748cf9fca574408b3c4aa737d150dbd5.jpg,416,416,8,247,189,262,207
55_jpg.rf.748cf9fca574408b3c4aa737d150dbd5.jpg,416,416,7,192,192,207,209
55_jpg.rf.748cf9fca574408b3c4aa737d150dbd5.jpg,416,416,7,211,191,225,209
55_jpg.rf.748cf9fca574408b3c4aa737d150dbd5.jpg,416,416,6,155,193,170,211
55_jpg.rf.748cf9fca574408b3c4aa737d150dbd5.jpg,416,416,6,173,192,188,211
55_jpg.rf.748cf9fca574408b3c4aa737d150dbd5.jpg,416,416,5,229,214,244,232
55_jpg.rf.748cf9fca574408b3c4aa737d150dbd5.jpg,416,416,5,247,213,261,231
55_jpg.rf.748cf9fca574408b3c4aa737d150dbd5.jpg,416,416,4,194,217,208,234
55_jpg.rf.748cf9fca574408b3c4aa737d150dbd5.jpg,416,416,4,211,215,225,233
55_jpg.rf.748cf9fca574408b3c4aa737d150dbd5.jpg,416,416,3,157,219,171,236
55_jpg.rf.748cf9fca574408b3c4aa737d150dbd5.jpg,416,416,3,174,217,189,236
55_jpg.rf.748cf9fca574408b3c4aa737d150dbd5.jpg,416,416,2,230,238,244,255
55_jpg.rf.748cf9fca574408b3c4aa737d150dbd5.jpg,416,416,2,247,236,261,255
55_jpg.rf.748cf9fca574408b3c4aa737d150dbd5.jpg,416,416,1,212,240,226,256
55_jpg.rf.748cf9fca574408b3c4aa737d150dbd5.jpg,416,416,B,158,242,172,260
55_jpg.rf.748cf9fca574408b3c4aa737d150dbd5.jpg,416,416,B,175,240,189,259
736_jpg.rf.76dc3340933b62d0af04f095bce44a75.jpg,416,416,22,83,30,129,73
736_jpg.rf.76dc3340933b62d0af04f095bce44a75.jpg,416,416,25,190,25,233,68
736_jpg.rf.76dc3340933b62d0af04f095bce44a75.jpg,416,416,21,282,70,326,110
736_jpg.rf.76dc3340933b62d0af04f095bce44a75.jpg,416,416,20,188,74,233,116
736_jpg.rf.76dc3340933b62d0af04f095bce44a75.jpg,416,416,19,86,80,132,121
736_jpg.rf.76dc3340933b62d0af04f095bce44a75.jpg,416,416,18,281,116,320,153
736_jpg.rf.76dc3340933b62d0af04f095bce44a75.jpg,416,416,17,186,123,229,159
736_jpg.rf.76dc3340933b62d0af04f095bce44a75.jpg,416,416,16,88,127,133,167
736_jpg.rf.76dc3340933b62d0af04f095bce44a75.jpg,416,416,15,277,156,316,192
736_jpg.rf.76dc3340933b62d0af04f095bce44a75.jpg,416,416,12,187,164,226,199
736_jpg.rf.76dc3340933b62d0af04f095bce44a75.jpg,416,416,11,94,173,136,207
736_jpg.rf.76dc3340933b62d0af04f095bce44a75.jpg,416,416,10,272,196,310,229
736_jpg.rf.76dc3340933b62d0af04f095bce44a75.jpg,416,416,9,187,204,226,236
736_jpg.rf.76dc3340933b62d0af04f095bce44a75.jpg,416,416,8,96,212,138,246
736_jpg.rf.76dc3340933b62d0af04f095bce44a75.jpg,416,416,7,270,233,305,263
736_jpg.rf.76dc3340933b62d0af04f095bce44a75.jpg,416,416,6,186,240,225,271
736_jpg.rf.76dc3340933b62d0af04f095bce44a75.jpg,416,416,5,99,249,139,281
736_jpg.rf.76dc3340933b62d0af04f095bce44a75.jpg,416,416,3,267,265,301,297
736_jpg.rf.76dc3340933b62d0af04f095bce44a75.jpg,416,416,2,188,276,222,303
736_jpg.rf.76dc3340933b62d0af04f095bce44a75.jpg,416,416,1,100,283,140,314
261_jpg.rf.76450f7bd5bfc3545b38cede9eca3870.jpg,416,416,C,107,252,141,297
1200_jpg.rf.7a13425224aae7b1d2eebb978be109c8.jpg,416,416,5,190,73,239,137
1200_jpg.rf.7a13425224aae7b1d2eebb978be109c8.jpg,416,416,4,193,145,240,206
1200_jpg.rf.7a13425224aae7b1d2eebb978be109c8.jpg,416,416,3,196,214,241,272
1200_jpg.rf.7a13425224aae7b1d2eebb978be109c8.jpg,416,416,2,198,278,243,336
1200_jpg.rf.7a13425224aae7b1d2eebb978be109c8.jpg,416,416,1,199,341,245,400
1029_jpg.rf.7680eb64e212708f7f374c4ee6902c98.jpg,416,416,27,163,100,191,129
1029_jpg.rf.7680eb64e212708f7f374c4ee6902c98.jpg,416,416,28,201,99,229,128
1029_jpg.rf.7680eb64e212708f7f374c4ee6902c98.jpg,416,416,29,236,99,264,128
1029_jpg.rf.7680eb64e212708f7f374c4ee6902c98.jpg,416,416,24,163,134,190,162
1029_jpg.rf.7680eb64e212708f7f374c4ee6902c98.jpg,416,416,25,200,135,226,161
1029_jpg.rf.7680eb64e212708f7f374c4ee6902c98.jpg,416,416,26,235,135,263,160
1029_jpg.rf.7680eb64e212708f7f374c4ee6902c98.jpg,416,416,21,163,167,190,195
1029_jpg.rf.7680eb64e212708f7f374c4ee6902c98.jpg,416,416,18,163,199,190,227
1029_jpg.rf.7680eb64e212708f7f374c4ee6902c98.jpg,416,416,15,163,232,190,259
1029_jpg.rf.7680eb64e212708f7f374c4ee6902c98.jpg,416,416,11,163,263,190,289
1029_jpg.rf.7680eb64e212708f7f374c4ee6902c98.jpg,416,416,2,164,323,191,350
1029_jpg.rf.7680eb64e212708f7f374c4ee6902c98.jpg,416,416,22,199,166,226,192
1029_jpg.rf.7680eb64e212708f7f374c4ee6902c98.jpg,416,416,19,199,199,226,226
1029_jpg.rf.7680eb64e212708f7f374c4ee6902c98.jpg,416,416,16,199,230,226,257
1029_jpg.rf.7680eb64e212708f7f374c4ee6902c98.jpg,416,416,12,199,261,225,288
1029_jpg.rf.7680eb64e212708f7f374c4ee6902c98.jpg,416,416,9,199,291,224,318
1029_jpg.rf.7680eb64e212708f7f374c4ee6902c98.jpg,416,416,6,199,320,224,347
1029_jpg.rf.7680eb64e212708f7f374c4ee6902c98.jpg,416,416,G,199,349,224,376
1029_jpg.rf.7680eb64e212708f7f374c4ee6902c98.jpg,416,416,23,235,166,261,192
1029_jpg.rf.7680eb64e212708f7f374c4ee6902c98.jpg,416,416,20,235,198,261,224
1029_jpg.rf.7680eb64e212708f7f374c4ee6902c98.jpg,416,416,17,234,229,260,255
1029_jpg.rf.7680eb64e212708f7f374c4ee6902c98.jpg,416,416,14,233,258,259,285
1029_jpg.rf.7680eb64e212708f7f374c4ee6902c98.jpg,416,416,10,233,288,258,314
1029_jpg.rf.7680eb64e212708f7f374c4ee6902c98.jpg,416,416,8,233,317,259,344
117_jpg.rf.771ae775482c7d10e7184a4455b047ef.jpg,416,416,9,216,127,234,141
117_jpg.rf.771ae775482c7d10e7184a4455b047ef.jpg,416,416,10,173,128,190,141
117_jpg.rf.771ae775482c7d10e7184a4455b047ef.jpg,416,416,8,173,151,190,165
117_jpg.rf.771ae775482c7d10e7184a4455b047ef.jpg,416,416,7,216,151,234,165
117_jpg.rf.771ae775482c7d10e7184a4455b047ef.jpg,416,416,6,172,174,190,188
117_jpg.rf.771ae775482c7d10e7184a4455b047ef.jpg,416,416,5,217,175,233,188
117_jpg.rf.771ae775482c7d10e7184a4455b047ef.jpg,416,416,4,173,196,191,211
117_jpg.rf.771ae775482c7d10e7184a4455b047ef.jpg,416,416,2,171,220,190,234
117_jpg.rf.771ae775482c7d10e7184a4455b047ef.jpg,416,416,G,215,197,233,212
1186_jpg.rf.7711c30a60a35d3a54fa097f7d81888c.jpg,416,416,16,182,34,200,68
1186_jpg.rf.7711c30a60a35d3a54fa097f7d81888c.jpg,416,416,15,182,75,200,109
1186_jpg.rf.7711c30a60a35d3a54fa097f7d81888c.jpg,416,416,14,182,117,199,150
1186_jpg.rf.7711c30a60a35d3a54fa097f7d81888c.jpg,416,416,12,181,157,199,190
1186_jpg.rf.7711c30a60a35d3a54fa097f7d81888c.jpg,416,416,11,182,197,199,230
1824_jpg.rf.7706fb940b5729472a47521313dff1a6.jpg,416,416,9,169,175,187,207
1824_jpg.rf.7706fb940b5729472a47521313dff1a6.jpg,416,416,10,189,176,207,209
1824_jpg.rf.7706fb940b5729472a47521313dff1a6.jpg,416,416,11,209,176,227,209
1824_jpg.rf.7706fb940b5729472a47521313dff1a6.jpg,416,416,12,228,176,246,208
1824_jpg.rf.7706fb940b5729472a47521313dff1a6.jpg,416,416,R,168,212,186,244
02_jpg.rf.797bab1dab070e927efb63f6a1c8f8bd.jpg,416,416,10,136,124,166,147
02_jpg.rf.797bab1dab070e927efb63f6a1c8f8bd.jpg,416,416,8,137,163,167,186
02_jpg.rf.797bab1dab070e927efb63f6a1c8f8bd.jpg,416,416,9,197,161,222,183
02_jpg.rf.797bab1dab070e927efb63f6a1c8f8bd.jpg,416,416,6,138,199,167,221
02_jpg.rf.797bab1dab070e927efb63f6a1c8f8bd.jpg,416,416,7,195,196,221,217
02_jpg.rf.797bab1dab070e927efb63f6a1c8f8bd.jpg,416,416,4,141,233,169,254
02_jpg.rf.797bab1dab070e927efb63f6a1c8f8bd.jpg,416,416,5,195,229,220,249
02_jpg.rf.797bab1dab070e927efb63f6a1c8f8bd.jpg,416,416,2,141,266,168,286
02_jpg.rf.797bab1dab070e927efb63f6a1c8f8bd.jpg,416,416,3,195,260,219,279
02_jpg.rf.797bab1dab070e927efb63f6a1c8f8bd.jpg,416,416,0,142,296,168,316
02_jpg.rf.797bab1dab070e927efb63f6a1c8f8bd.jpg,416,416,1,195,289,219,308
1494_jpg.rf.77b14ed8692f2e845044ab1d97e6c3c4.jpg,416,416,10,175,183,214,213
1494_jpg.rf.77b14ed8692f2e845044ab1d97e6c3c4.jpg,416,416,11,244,179,280,209
1494_jpg.rf.77b14ed8692f2e845044ab1d97e6c3c4.jpg,416,416,8,176,216,215,245
1494_jpg.rf.77b14ed8692f2e845044ab1d97e6c3c4.jpg,416,416,9,244,210,279,240
1494_jpg.rf.77b14ed8692f2e845044ab1d97e6c3c4.jpg,416,416,6,177,247,214,276
1494_jpg.rf.77b14ed8692f2e845044ab1d97e6c3c4.jpg,416,416,5,242,270,276,297
1494_jpg.rf.77b14ed8692f2e845044ab1d97e6c3c4.jpg,416,416,3,242,296,275,323
1494_jpg.rf.77b14ed8692f2e845044ab1d97e6c3c4.jpg,416,416,1,242,323,275,351
784_jpg.rf.77c373de377d3fe0a1d174fc70c8828a.jpg,416,416,6,132,124,182,152
784_jpg.rf.77c373de377d3fe0a1d174fc70c8828a.jpg,416,416,6,179,122,234,153
784_jpg.rf.77c373de377d3fe0a1d174fc70c8828a.jpg,416,416,5,133,152,182,182
784_jpg.rf.77c373de377d3fe0a1d174fc70c8828a.jpg,416,416,5,181,152,235,183
784_jpg.rf.77c373de377d3fe0a1d174fc70c8828a.jpg,416,416,4,134,182,185,211
784_jpg.rf.77c373de377d3fe0a1d174fc70c8828a.jpg,416,416,4,181,181,233,212
784_jpg.rf.77c373de377d3fe0a1d174fc70c8828a.jpg,416,416,3,134,209,186,238
784_jpg.rf.77c373de377d3fe0a1d174fc70c8828a.jpg,416,416,3,181,210,234,239
784_jpg.rf.77c373de377d3fe0a1d174fc70c8828a.jpg,416,416,2,135,238,186,266
784_jpg.rf.77c373de377d3fe0a1d174fc70c8828a.jpg,416,416,2,183,238,236,267
784_jpg.rf.77c373de377d3fe0a1d174fc70c8828a.jpg,416,416,1,135,266,186,293
784_jpg.rf.77c373de377d3fe0a1d174fc70c8828a.jpg,416,416,1,183,266,235,295
784_jpg.rf.77c373de377d3fe0a1d174fc70c8828a.jpg,416,416,L,136,292,186,320
784_jpg.rf.77c373de377d3fe0a1d174fc70c8828a.jpg,416,416,L,186,293,238,321
1597_jpg.rf.799f90bd500a48336feb92d617a29b7f.jpg,416,416,4,257,190,272,217
1597_jpg.rf.799f90bd500a48336feb92d617a29b7f.jpg,416,416,3,258,223,273,250
1597_jpg.rf.799f90bd500a48336feb92d617a29b7f.jpg,416,416,2,258,256,273,282
1597_jpg.rf.799f90bd500a48336feb92d617a29b7f.jpg,416,416,1,259,288,273,316
1465_jpg.rf.78b67b4ce382b1f7864e28fae17952a2.jpg,416,416,2,147,276,208,388
1465_jpg.rf.78b67b4ce382b1f7864e28fae17952a2.jpg,416,416,16,145,148,208,262
1465_jpg.rf.78b67b4ce382b1f7864e28fae17952a2.jpg,416,416,18,148,23,209,138
1465_jpg.rf.78b67b4ce382b1f7864e28fae17952a2.jpg,416,416,19,292,32,352,146
1465_jpg.rf.78b67b4ce382b1f7864e28fae17952a2.jpg,416,416,17,287,153,348,272
1526_jpg.rf.77fe8bc41197dd1dc6701b83c24bf498.jpg,416,416,4,181,101,205,132
1526_jpg.rf.77fe8bc41197dd1dc6701b83c24bf498.jpg,416,416,3,182,149,206,180
1526_jpg.rf.77fe8bc41197dd1dc6701b83c24bf498.jpg,416,416,2,183,198,207,229
1526_jpg.rf.77fe8bc41197dd1dc6701b83c24bf498.jpg,416,416,1,184,246,208,277
464_jpg.rf.799451d9946bff38096b3fd4f28abbfc.jpg,416,416,1,239,50,284,121
464_jpg.rf.799451d9946bff38096b3fd4f28abbfc.jpg,416,416,0,229,127,276,189
125_jpg.rf.78798741958f35c49400fab0a097866b.jpg,416,416,2,37,159,142,270
1835_jpg.rf.7804895719c2e8e7a7fe99ab9cfeffce.jpg,416,416,63,155,109,193,145
1835_jpg.rf.7804895719c2e8e7a7fe99ab9cfeffce.jpg,416,416,60,155,154,193,193
1835_jpg.rf.7804895719c2e8e7a7fe99ab9cfeffce.jpg,416,416,65,216,53,257,94
1835_jpg.rf.7804895719c2e8e7a7fe99ab9cfeffce.jpg,416,416,61,214,105,257,142
1835_jpg.rf.7804895719c2e8e7a7fe99ab9cfeffce.jpg,416,416,59,213,148,257,185
1835_jpg.rf.7804895719c2e8e7a7fe99ab9cfeffce.jpg,416,416,36,212,191,256,227
1835_jpg.rf.7804895719c2e8e7a7fe99ab9cfeffce.jpg,416,416,38,155,194,193,232
1835_jpg.rf.7804895719c2e8e7a7fe99ab9cfeffce.jpg,416,416,35,153,233,195,267
1422_jpg.rf.7acc0733b09ba70bb97129113e5a2b83.jpg,416,416,3,221,244,239,257
1422_jpg.rf.7acc0733b09ba70bb97129113e5a2b83.jpg,416,416,G,172,259,191,274
1422_jpg.rf.7acc0733b09ba70bb97129113e5a2b83.jpg,416,416,15,172,231,191,245
1422_jpg.rf.7acc0733b09ba70bb97129113e5a2b83.jpg,416,416,17,172,217,191,230
1422_jpg.rf.7acc0733b09ba70bb97129113e5a2b83.jpg,416,416,19,172,202,191,217
1422_jpg.rf.7acc0733b09ba70bb97129113e5a2b83.jpg,416,416,21,172,188,191,202
1422_jpg.rf.7acc0733b09ba70bb97129113e5a2b83.jpg,416,416,23,172,174,191,188
1422_jpg.rf.7acc0733b09ba70bb97129113e5a2b83.jpg,416,416,16,221,230,240,244
1422_jpg.rf.7acc0733b09ba70bb97129113e5a2b83.jpg,416,416,18,221,217,240,231
1422_jpg.rf.7acc0733b09ba70bb97129113e5a2b83.jpg,416,416,20,221,203,240,217
1422_jpg.rf.7acc0733b09ba70bb97129113e5a2b83.jpg,416,416,22,221,189,240,203
1361_jpg.rf.7aaa9e48be50523fc745416fa17f4785.jpg,416,416,3,198,153,215,184
1361_jpg.rf.7aaa9e48be50523fc745416fa17f4785.jpg,416,416,2,201,203,216,231
1361_jpg.rf.7aaa9e48be50523fc745416fa17f4785.jpg,416,416,1,203,250,218,278
1327_jpg.rf.77ca691306bbf02d512fcb55b162337b.jpg,416,416,1,176,181,196,222
1327_jpg.rf.77ca691306bbf02d512fcb55b162337b.jpg,416,416,2,198,180,218,219
1327_jpg.rf.77ca691306bbf02d512fcb55b162337b.jpg,416,416,3,219,176,238,214
1327_jpg.rf.77ca691306bbf02d512fcb55b162337b.jpg,416,416,4,177,227,196,264
1327_jpg.rf.77ca691306bbf02d512fcb55b162337b.jpg,416,416,5,199,222,216,258
1327_jpg.rf.77ca691306bbf02d512fcb55b162337b.jpg,416,416,6,219,218,238,256
1327_jpg.rf.77ca691306bbf02d512fcb55b162337b.jpg,416,416,7,178,266,196,305
1327_jpg.rf.77ca691306bbf02d512fcb55b162337b.jpg,416,416,8,199,262,217,299
1327_jpg.rf.77ca691306bbf02d512fcb55b162337b.jpg,416,416,9,219,257,237,295
1327_jpg.rf.77ca691306bbf02d512fcb55b162337b.jpg,416,416,-,178,306,196,343
1327_jpg.rf.77ca691306bbf02d512fcb55b162337b.jpg,416,416,0,199,301,216,337
1560_jpg.rf.7a338489f51b6ddaad75b274c975bf41.jpg,416,416,0,130,196,203,275
1560_jpg.rf.7a338489f51b6ddaad75b274c975bf41.jpg,416,416,0,223,202,286,272
1560_jpg.rf.7a338489f51b6ddaad75b274c975bf41.jpg,416,416,P,148,302,219,370
1560_jpg.rf.7a338489f51b6ddaad75b274c975bf41.jpg,416,416,P,237,305,295,374
803_jpg.rf.7b00e8e54f461d311a46108fc9ac6fe7.jpg,416,416,1,209,209,224,241
803_jpg.rf.7b00e8e54f461d311a46108fc9ac6fe7.jpg,416,416,2,227,201,241,234
803_jpg.rf.7b00e8e54f461d311a46108fc9ac6fe7.jpg,416,416,3,244,194,257,226
803_jpg.rf.7b00e8e54f461d311a46108fc9ac6fe7.jpg,416,416,4,209,241,224,271
803_jpg.rf.7b00e8e54f461d311a46108fc9ac6fe7.jpg,416,416,5,227,234,240,263
803_jpg.rf.7b00e8e54f461d311a46108fc9ac6fe7.jpg,416,416,6,243,224,255,254
803_jpg.rf.7b00e8e54f461d311a46108fc9ac6fe7.jpg,416,416,7,210,271,223,300
803_jpg.rf.7b00e8e54f461d311a46108fc9ac6fe7.jpg,416,416,8,226,263,239,290
803_jpg.rf.7b00e8e54f461d311a46108fc9ac6fe7.jpg,416,416,9,242,253,254,281
803_jpg.rf.7b00e8e54f461d311a46108fc9ac6fe7.jpg,416,416,s,209,300,223,324
803_jpg.rf.7b00e8e54f461d311a46108fc9ac6fe7.jpg,416,416,0,226,290,238,316
803_jpg.rf.7b00e8e54f461d311a46108fc9ac6fe7.jpg,416,416,-,241,280,252,306
1336_jpg.rf.7b50efbc24146c6ece0efb6151d879e1.jpg,416,416,L,135,78,155,117
1336_jpg.rf.7b50efbc24146c6ece0efb6151d879e1.jpg,416,416,9,136,133,158,171
1336_jpg.rf.7b50efbc24146c6ece0efb6151d879e1.jpg,416,416,6,138,186,160,225
1336_jpg.rf.7b50efbc24146c6ece0efb6151d879e1.jpg,416,416,G,141,237,161,274
589_jpg.rf.7b1411e395a9e216e7d6b2da4c60ab6b.jpg,416,416,1,202,9,263,109
589_jpg.rf.7b1411e395a9e216e7d6b2da4c60ab6b.jpg,416,416,0,210,110,263,196
490_jpg.rf.7e489ba6fd9dcd4cf39a94165b7c25cf.jpg,416,416,9,155,232,173,249
490_jpg.rf.7e489ba6fd9dcd4cf39a94165b7c25cf.jpg,416,416,8,202,235,221,249
490_jpg.rf.7e489ba6fd9dcd4cf39a94165b7c25cf.jpg,416,416,7,153,257,172,272
490_jpg.rf.7e489ba6fd9dcd4cf39a94165b7c25cf.jpg,416,416,6,201,260,220,274
490_jpg.rf.7e489ba6fd9dcd4cf39a94165b7c25cf.jpg,416,416,5,152,282,171,296
490_jpg.rf.7e489ba6fd9dcd4cf39a94165b7c25cf.jpg,416,416,4,201,285,219,301
490_jpg.rf.7e489ba6fd9dcd4cf39a94165b7c25cf.jpg,416,416,3,150,306,169,321
490_jpg.rf.7e489ba6fd9dcd4cf39a94165b7c25cf.jpg,416,416,2,200,312,219,327
490_jpg.rf.7e489ba6fd9dcd4cf39a94165b7c25cf.jpg,416,416,1,150,330,169,347
490_jpg.rf.7e489ba6fd9dcd4cf39a94165b7c25cf.jpg,416,416,G,199,337,218,353
1413_jpg.rf.7d3864d27e551e865e5d10715be4627a.jpg,416,416,1,233,249,249,280
1413_jpg.rf.7d3864d27e551e865e5d10715be4627a.jpg,416,416,2,232,213,249,244
1413_jpg.rf.7d3864d27e551e865e5d10715be4627a.jpg,416,416,3,231,177,248,207
1413_jpg.rf.7d3864d27e551e865e5d10715be4627a.jpg,416,416,4,230,140,248,170
1413_jpg.rf.7d3864d27e551e865e5d10715be4627a.jpg,416,416,5,231,102,247,133
1258_jpg.rf.798c2e621f09cfcff082e14e8649a9cb.jpg,416,416,6,53,89,105,130
1258_jpg.rf.798c2e621f09cfcff082e14e8649a9cb.jpg,416,416,5,287,137,338,174
1258_jpg.rf.798c2e621f09cfcff082e14e8649a9cb.jpg,416,416,4,61,143,112,181
1258_jpg.rf.798c2e621f09cfcff082e14e8649a9cb.jpg,416,416,3,287,186,336,222
1258_jpg.rf.798c2e621f09cfcff082e14e8649a9cb.jpg,416,416,2,68,189,117,226
1258_jpg.rf.798c2e621f09cfcff082e14e8649a9cb.jpg,416,416,1,286,232,335,267
1258_jpg.rf.798c2e621f09cfcff082e14e8649a9cb.jpg,416,416,B,75,236,121,270
1258_jpg.rf.798c2e621f09cfcff082e14e8649a9cb.jpg,416,416,U,94,380,129,406
1258_jpg.rf.798c2e621f09cfcff082e14e8649a9cb.jpg,416,416,D,290,375,326,405
1012_jpg.rf.79f7f6f5faa8a0a8aa69afb6bd647f68.jpg,416,416,3,216,13,266,81
1012_jpg.rf.79f7f6f5faa8a0a8aa69afb6bd647f68.jpg,416,416,2,211,120,259,181
1012_jpg.rf.79f7f6f5faa8a0a8aa69afb6bd647f68.jpg,416,416,1,210,212,251,266
838_jpg.rf.7ea661363eaa27cbeddd9a8f8e3dfb8f.jpg,416,416,2,177,0,311,169
838_jpg.rf.7ea661363eaa27cbeddd9a8f8e3dfb8f.jpg,416,416,1,176,219,295,367
272_jpg.rf.7f73b0bf841389a568098e91a08b4845.jpg,416,416,8,38,265,82,275
272_jpg.rf.7f73b0bf841389a568098e91a08b4845.jpg,416,416,9,155,265,199,274
272_jpg.rf.7f73b0bf841389a568098e91a08b4845.jpg,416,416,10,273,266,316,275
272_jpg.rf.7f73b0bf841389a568098e91a08b4845.jpg,416,416,7,271,277,317,286
272_jpg.rf.7f73b0bf841389a568098e91a08b4845.jpg,416,416,6,155,277,200,287
272_jpg.rf.7f73b0bf841389a568098e91a08b4845.jpg,416,416,5,38,277,83,286
272_jpg.rf.7f73b0bf841389a568098e91a08b4845.jpg,416,416,4,273,290,317,299
272_jpg.rf.7f73b0bf841389a568098e91a08b4845.jpg,416,416,3,155,290,199,299
272_jpg.rf.7f73b0bf841389a568098e91a08b4845.jpg,416,416,2,38,290,82,299
272_jpg.rf.7f73b0bf841389a568098e91a08b4845.jpg,416,416,L,155,302,199,311
272_jpg.rf.7f73b0bf841389a568098e91a08b4845.jpg,416,416,B,38,302,82,311
1007_jpg.rf.7ed495e690e86c593e67935cd04e78b6.jpg,416,416,14,165,96,183,131
1007_jpg.rf.7ed495e690e86c593e67935cd04e78b6.jpg,416,416,13,165,137,183,172
1007_jpg.rf.7ed495e690e86c593e67935cd04e78b6.jpg,416,416,12,164,177,182,212
1007_jpg.rf.7ed495e690e86c593e67935cd04e78b6.jpg,416,416,11,164,219,182,253
1007_jpg.rf.7ed495e690e86c593e67935cd04e78b6.jpg,416,416,10,163,259,181,293
1007_jpg.rf.7ed495e690e86c593e67935cd04e78b6.jpg,416,416,9,162,299,180,333
1007_jpg.rf.7ed495e690e86c593e67935cd04e78b6.jpg,416,416,8,162,338,180,373
1007_jpg.rf.7ed495e690e86c593e67935cd04e78b6.jpg,416,416,7,161,379,179,414
1007_jpg.rf.7ed495e690e86c593e67935cd04e78b6.jpg,416,416,22,192,381,210,415
1007_jpg.rf.7ed495e690e86c593e67935cd04e78b6.jpg,416,416,23,193,343,211,377
1007_jpg.rf.7ed495e690e86c593e67935cd04e78b6.jpg,416,416,24,193,302,211,337
1007_jpg.rf.7ed495e690e86c593e67935cd04e78b6.jpg,416,416,25,194,261,212,296
1007_jpg.rf.7ed495e690e86c593e67935cd04e78b6.jpg,416,416,26,195,220,213,255
1007_jpg.rf.7ed495e690e86c593e67935cd04e78b6.jpg,416,416,27,195,180,213,214
1007_jpg.rf.7ed495e690e86c593e67935cd04e78b6.jpg,416,416,28,196,140,214,174
1007_jpg.rf.7ed495e690e86c593e67935cd04e78b6.jpg,416,416,29,196,98,214,132
1401_jpg.rf.7cc249b562843b718605d3f5228f3861.jpg,416,416,3,154,124,177,150
1401_jpg.rf.7cc249b562843b718605d3f5228f3861.jpg,416,416,2,154,147,178,173
1401_jpg.rf.7cc249b562843b718605d3f5228f3861.jpg,416,416,1,155,170,178,196
1648_jpg.rf.7f9c1754d7dfddf38bb28324a5ddd7d2.jpg,416,416,K,129,50,177,151
1648_jpg.rf.7f9c1754d7dfddf38bb28324a5ddd7d2.jpg,416,416,2,229,0,293,71
1648_jpg.rf.7f9c1754d7dfddf38bb28324a5ddd7d2.jpg,416,416,S,226,79,285,190
493_jpg.rf.8132716e8ed7296078beb695aa1030c9.jpg,416,416,35,106,343,198,381
1781_jpg.rf.7f853ecb58f282ec59acaf79ab7ae37b.jpg,416,416,1,117,22,190,120
1781_jpg.rf.7f853ecb58f282ec59acaf79ab7ae37b.jpg,416,416,G,123,131,191,218
1781_jpg.rf.7f853ecb58f282ec59acaf79ab7ae37b.jpg,416,416,5,244,24,319,122
1781_jpg.rf.7f853ecb58f282ec59acaf79ab7ae37b.jpg,416,416,4,241,133,309,219
1781_jpg.rf.7f853ecb58f282ec59acaf79ab7ae37b.jpg,416,416,3,236,226,300,304
1781_jpg.rf.7f853ecb58f282ec59acaf79ab7ae37b.jpg,416,416,2,234,310,295,380
1236_jpg.rf.81d0f65ddea0ce88eddc2bce23f48fbf.jpg,416,416,16,175,227,189,240
1236_jpg.rf.81d0f65ddea0ce88eddc2bce23f48fbf.jpg,416,416,15,138,229,153,242
1236_jpg.rf.81d0f65ddea0ce88eddc2bce23f48fbf.jpg,416,416,14,176,248,190,261
1236_jpg.rf.81d0f65ddea0ce88eddc2bce23f48fbf.jpg,416,416,13,139,251,153,263
1236_jpg.rf.81d0f65ddea0ce88eddc2bce23f48fbf.jpg,416,416,12,176,269,191,281
1236_jpg.rf.81d0f65ddea0ce88eddc2bce23f48fbf.jpg,416,416,11,139,272,154,285
1236_jpg.rf.81d0f65ddea0ce88eddc2bce23f48fbf.jpg,416,416,10,176,289,191,302
1236_jpg.rf.81d0f65ddea0ce88eddc2bce23f48fbf.jpg,416,416,2,139,294,154,306
1236_jpg.rf.81d0f65ddea0ce88eddc2bce23f48fbf.jpg,416,416,11,176,310,191,323
1236_jpg.rf.81d0f65ddea0ce88eddc2bce23f48fbf.jpg,416,416,G,140,316,154,329
1236_jpg.rf.81d0f65ddea0ce88eddc2bce23f48fbf.jpg,416,416,U,141,362,156,375
1236_jpg.rf.81d0f65ddea0ce88eddc2bce23f48fbf.jpg,416,416,D,178,356,192,369
1415_jpg.rf.82dbccf4a1b163fc456df702ea80ed9d.jpg,416,416,G,48,152,107,224
34_jpg.rf.826e146e262dc477eb7f9d3876eb62eb.jpg,416,416,17,159,0,194,55
34_jpg.rf.826e146e262dc477eb7f9d3876eb62eb.jpg,416,416,16,88,0,127,58
34_jpg.rf.826e146e262dc477eb7f9d3876eb62eb.jpg,416,416,15,15,0,55,66
34_jpg.rf.826e146e262dc477eb7f9d3876eb62eb.jpg,416,416,14,162,67,195,123
34_jpg.rf.826e146e262dc477eb7f9d3876eb62eb.jpg,416,416,13,96,72,131,130
34_jpg.rf.826e146e262dc477eb7f9d3876eb62eb.jpg,416,416,12,26,78,63,140
34_jpg.rf.826e146e262dc477eb7f9d3876eb62eb.jpg,416,416,11,166,134,195,187
34_jpg.rf.826e146e262dc477eb7f9d3876eb62eb.jpg,416,416,10,103,142,135,198
34_jpg.rf.826e146e262dc477eb7f9d3876eb62eb.jpg,416,416,9,35,152,70,207
34_jpg.rf.826e146e262dc477eb7f9d3876eb62eb.jpg,416,416,8,168,195,198,246
34_jpg.rf.826e146e262dc477eb7f9d3876eb62eb.jpg,416,416,7,108,207,140,255
34_jpg.rf.826e146e262dc477eb7f9d3876eb62eb.jpg,416,416,6,43,217,78,268
34_jpg.rf.826e146e262dc477eb7f9d3876eb62eb.jpg,416,416,5,170,252,199,300
34_jpg.rf.826e146e262dc477eb7f9d3876eb62eb.jpg,416,416,4,113,266,143,312
34_jpg.rf.826e146e262dc477eb7f9d3876eb62eb.jpg,416,416,3,52,277,83,326
34_jpg.rf.826e146e262dc477eb7f9d3876eb62eb.jpg,416,416,2,172,304,200,349
34_jpg.rf.826e146e262dc477eb7f9d3876eb62eb.jpg,416,416,G,117,317,147,362
34_jpg.rf.826e146e262dc477eb7f9d3876eb62eb.jpg,416,416,B,58,331,90,376
2082_jpg.rf.81a5018f1bd8d6fd2b04ef65d7da7aba.jpg,416,416,G,173,221,200,242
2082_jpg.rf.81a5018f1bd8d6fd2b04ef65d7da7aba.jpg,416,416,C,170,282,195,301
1027_jpg.rf.7fbd210067b2460daae721609d3b89fb.jpg,416,416,1,203,237,213,256
1027_jpg.rf.7fbd210067b2460daae721609d3b89fb.jpg,416,416,2,214,236,224,257
1027_jpg.rf.7fbd210067b2460daae721609d3b89fb.jpg,416,416,3,225,236,235,256
1027_jpg.rf.7fbd210067b2460daae721609d3b89fb.jpg,416,416,4,203,262,213,282
1027_jpg.rf.7fbd210067b2460daae721609d3b89fb.jpg,416,416,5,214,262,224,282
1027_jpg.rf.7fbd210067b2460daae721609d3b89fb.jpg,416,416,6,225,263,235,282
1027_jpg.rf.7fbd210067b2460daae721609d3b89fb.jpg,416,416,7,203,288,213,308
1027_jpg.rf.7fbd210067b2460daae721609d3b89fb.jpg,416,416,8,214,288,224,308
1027_jpg.rf.7fbd210067b2460daae721609d3b89fb.jpg,416,416,9,225,288,235,309
1027_jpg.rf.7fbd210067b2460daae721609d3b89fb.jpg,416,416,s,203,314,213,334
1027_jpg.rf.7fbd210067b2460daae721609d3b89fb.jpg,416,416,0,215,314,224,333
1027_jpg.rf.7fbd210067b2460daae721609d3b89fb.jpg,416,416,-,225,314,235,334
809_jpg.rf.8210f1ce446d60dfcbd33fcd61d763ca.jpg,416,416,2,183,174,234,205
809_jpg.rf.8210f1ce446d60dfcbd33fcd61d763ca.jpg,416,416,1,185,219,236,249
809_jpg.rf.8210f1ce446d60dfcbd33fcd61d763ca.jpg,416,416,G,186,259,236,288
50_jpg.rf.819f33497cba799dac2ee280755dc794.jpg,416,416,3,184,297,247,381
1667_jpg.rf.7d97323b13527eb76b62b6651c4a8a90.jpg,416,416,1,87,7,142,79
1667_jpg.rf.7d97323b13527eb76b62b6651c4a8a90.jpg,416,416,2,184,6,233,76
1923_jpg.rf.8279c8ec4ac3bba5f9e73bd27965d3ee.jpg,416,416,3,130,121,182,161
1923_jpg.rf.8279c8ec4ac3bba5f9e73bd27965d3ee.jpg,416,416,R,195,121,247,160
1923_jpg.rf.8279c8ec4ac3bba5f9e73bd27965d3ee.jpg,416,416,2,193,162,246,200
1923_jpg.rf.8279c8ec4ac3bba5f9e73bd27965d3ee.jpg,416,416,1,130,163,182,201
1923_jpg.rf.8279c8ec4ac3bba5f9e73bd27965d3ee.jpg,416,416,G,129,203,180,241
1923_jpg.rf.8279c8ec4ac3bba5f9e73bd27965d3ee.jpg,416,416,B,129,249,181,288
1933_jpg.rf.8364f139051dca1b8c8b66c96b954995.jpg,416,416,1,192,260,216,304
1933_jpg.rf.8364f139051dca1b8c8b66c96b954995.jpg,416,416,2,191,216,217,257
1933_jpg.rf.8364f139051dca1b8c8b66c96b954995.jpg,416,416,3,191,171,216,215
1933_jpg.rf.8364f139051dca1b8c8b66c96b954995.jpg,416,416,4,191,123,217,169
1933_jpg.rf.8364f139051dca1b8c8b66c96b954995.jpg,416,416,5,189,71,216,120
868_jpg.rf.82e5d7883a18cd7cf82061084a366d80.jpg,416,416,4,83,67,184,172
868_jpg.rf.82e5d7883a18cd7cf82061084a366d80.jpg,416,416,2,81,203,189,295
868_jpg.rf.82e5d7883a18cd7cf82061084a366d80.jpg,416,416,2,87,296,181,380
586_jpg.rf.827dd0f949cfae9998dd0ff0a41eddf2.jpg,416,416,5,105,112,135,162
586_jpg.rf.827dd0f949cfae9998dd0ff0a41eddf2.jpg,416,416,3,109,170,139,217
586_jpg.rf.827dd0f949cfae9998dd0ff0a41eddf2.jpg,416,416,1,113,221,143,271
586_jpg.rf.827dd0f949cfae9998dd0ff0a41eddf2.jpg,416,416,6,139,105,166,153
586_jpg.rf.827dd0f949cfae9998dd0ff0a41eddf2.jpg,416,416,4,141,161,168,205
586_jpg.rf.827dd0f949cfae9998dd0ff0a41eddf2.jpg,416,416,2,143,213,170,258
1575_jpg.rf.831052920c762d2e1cade95bdaf51336.jpg,416,416,25,147,65,166,97
1575_jpg.rf.831052920c762d2e1cade95bdaf51336.jpg,416,416,24,148,98,167,130
1575_jpg.rf.831052920c762d2e1cade95bdaf51336.jpg,416,416,23,150,131,169,162
1575_jpg.rf.831052920c762d2e1cade95bdaf51336.jpg,416,416,22,150,162,169,193
1575_jpg.rf.831052920c762d2e1cade95bdaf51336.jpg,416,416,20,151,194,170,225
1575_jpg.rf.831052920c762d2e1cade95bdaf51336.jpg,416,416,21,174,190,192,219
1575_jpg.rf.831052920c762d2e1cade95bdaf51336.jpg,416,416,18,153,224,172,255
1575_jpg.rf.831052920c762d2e1cade95bdaf51336.jpg,416,416,19,175,222,193,248
1575_jpg.rf.831052920c762d2e1cade95bdaf51336.jpg,416,416,16,154,255,172,285
1575_jpg.rf.831052920c762d2e1cade95bdaf51336.jpg,416,416,17,176,250,193,279
1575_jpg.rf.831052920c762d2e1cade95bdaf51336.jpg,416,416,14,155,286,172,314
1575_jpg.rf.831052920c762d2e1cade95bdaf51336.jpg,416,416,15,177,279,194,307
1575_jpg.rf.831052920c762d2e1cade95bdaf51336.jpg,416,416,G,158,373,175,405
2007_jpg.rf.8311344da9effe2ad0244ab65976c159.jpg,416,416,21,138,61,157,75
2007_jpg.rf.8311344da9effe2ad0244ab65976c159.jpg,416,416,21,174,61,193,75
2007_jpg.rf.8311344da9effe2ad0244ab65976c159.jpg,416,416,19,137,79,156,93
2007_jpg.rf.8311344da9effe2ad0244ab65976c159.jpg,416,416,19,173,79,192,93
2007_jpg.rf.8311344da9effe2ad0244ab65976c159.jpg,416,416,17,173,97,192,112
2007_jpg.rf.8311344da9effe2ad0244ab65976c159.jpg,416,416,17,137,97,156,111
2007_jpg.rf.8311344da9effe2ad0244ab65976c159.jpg,416,416,15,137,115,156,129
2007_jpg.rf.8311344da9effe2ad0244ab65976c159.jpg,416,416,15,172,115,191,129
2007_jpg.rf.8311344da9effe2ad0244ab65976c159.jpg,416,416,13,172,133,191,148
2007_jpg.rf.8311344da9effe2ad0244ab65976c159.jpg,416,416,13,136,133,155,147
2007_jpg.rf.8311344da9effe2ad0244ab65976c159.jpg,416,416,11,136,151,155,165
2007_jpg.rf.8311344da9effe2ad0244ab65976c159.jpg,416,416,11,172,152,191,166
2007_jpg.rf.8311344da9effe2ad0244ab65976c159.jpg,416,416,9,172,169,191,184
2007_jpg.rf.8311344da9effe2ad0244ab65976c159.jpg,416,416,9,135,169,154,183
2007_jpg.rf.8311344da9effe2ad0244ab65976c159.jpg,416,416,7,135,187,154,201
2007_jpg.rf.8311344da9effe2ad0244ab65976c159.jpg,416,416,7,171,188,190,202
2007_jpg.rf.8311344da9effe2ad0244ab65976c159.jpg,416,416,5,134,205,153,219
2007_jpg.rf.8311344da9effe2ad0244ab65976c159.jpg,416,416,5,170,205,189,220
2007_jpg.rf.8311344da9effe2ad0244ab65976c159.jpg,416,416,3,170,224,189,238
2007_jpg.rf.8311344da9effe2ad0244ab65976c159.jpg,416,416,3,134,223,153,238
2007_jpg.rf.8311344da9effe2ad0244ab65976c159.jpg,416,416,2,134,240,153,255
2007_jpg.rf.8311344da9effe2ad0244ab65976c159.jpg,416,416,2,169,242,188,256
2007_jpg.rf.8311344da9effe2ad0244ab65976c159.jpg,416,416,1,169,260,188,274
2007_jpg.rf.8311344da9effe2ad0244ab65976c159.jpg,416,416,1,133,258,152,273
2007_jpg.rf.8311344da9effe2ad0244ab65976c159.jpg,416,416,G,133,277,152,291
2007_jpg.rf.8311344da9effe2ad0244ab65976c159.jpg,416,416,G,169,277,188,292
794_jpg.rf.7f86c81e95ddac5cf44eafa8e4209471.jpg,416,416,S,63,197,72,204
794_jpg.rf.7f86c81e95ddac5cf44eafa8e4209471.jpg,416,416,2,49,197,57,204
794_jpg.rf.7f86c81e95ddac5cf44eafa8e4209471.jpg,416,416,G,49,208,58,215
1260_jpg.rf.84bd97ae128fb8e4714e0235d9e31c54.jpg,416,416,4,220,95,239,129
1260_jpg.rf.84bd97ae128fb8e4714e0235d9e31c54.jpg,416,416,3,223,177,242,210
1260_jpg.rf.84bd97ae128fb8e4714e0235d9e31c54.jpg,416,416,1,226,261,244,295
2010_jpg.rf.7dfcf486340b0e71efea4fe0edaf2a5b.jpg,416,416,1,229,219,276,260
2010_jpg.rf.7dfcf486340b0e71efea4fe0edaf2a5b.jpg,416,416,2,227,175,275,216
2010_jpg.rf.7dfcf486340b0e71efea4fe0edaf2a5b.jpg,416,416,3,226,131,273,172
1521_jpg.rf.833eacf224ed99ce7d09f065ee75b74d.jpg,416,416,3,73,76,138,173
1521_jpg.rf.833eacf224ed99ce7d09f065ee75b74d.jpg,416,416,4,211,73,271,175
1521_jpg.rf.833eacf224ed99ce7d09f065ee75b74d.jpg,416,416,1,212,254,265,333
1246_jpg.rf.83a875c9e0474ee51db8932ec01c3f1d.jpg,416,416,10,239,0,267,34
1246_jpg.rf.83a875c9e0474ee51db8932ec01c3f1d.jpg,416,416,5,182,0,211,40
1246_jpg.rf.83a875c9e0474ee51db8932ec01c3f1d.jpg,416,416,9,241,51,268,91
1246_jpg.rf.83a875c9e0474ee51db8932ec01c3f1d.jpg,416,416,8,243,106,269,143
1246_jpg.rf.83a875c9e0474ee51db8932ec01c3f1d.jpg,416,416,7,245,158,268,191
1246_jpg.rf.83a875c9e0474ee51db8932ec01c3f1d.jpg,416,416,4,185,58,213,97
1246_jpg.rf.83a875c9e0474ee51db8932ec01c3f1d.jpg,416,416,3,190,113,215,150
1246_jpg.rf.83a875c9e0474ee51db8932ec01c3f1d.jpg,416,416,2,193,166,217,200
406_jpg.rf.8393b1f535771c10e37e11910b143afa.jpg,416,416,2,105,20,152,84
406_jpg.rf.8393b1f535771c10e37e11910b143afa.jpg,416,416,1,106,86,153,151
012_JPG.rf.8508689f407295eb118ac0e7d49e93d1.jpg,416,416,4,223,79,254,107
012_JPG.rf.8508689f407295eb118ac0e7d49e93d1.jpg,416,416,2,222,147,252,174
012_JPG.rf.8508689f407295eb118ac0e7d49e93d1.jpg,416,416,1,222,178,252,205
012_JPG.rf.8508689f407295eb118ac0e7d49e93d1.jpg,416,416,A,221,209,251,235
012_JPG.rf.8508689f407295eb118ac0e7d49e93d1.jpg,416,416,B,221,239,250,265
738_jpg.rf.7c99cc8c3768100acbf7f70472afa290.jpg,416,416,1,175,181,206,252
738_jpg.rf.7c99cc8c3768100acbf7f70472afa290.jpg,416,416,2,202,168,232,242
738_jpg.rf.7c99cc8c3768100acbf7f70472afa290.jpg,416,416,3,230,164,258,226
738_jpg.rf.7c99cc8c3768100acbf7f70472afa290.jpg,416,416,4,180,242,209,306
738_jpg.rf.7c99cc8c3768100acbf7f70472afa290.jpg,416,416,5,205,230,234,294
738_jpg.rf.7c99cc8c3768100acbf7f70472afa290.jpg,416,416,6,232,219,259,282
738_jpg.rf.7c99cc8c3768100acbf7f70472afa290.jpg,416,416,8,208,283,236,342
738_jpg.rf.7c99cc8c3768100acbf7f70472afa290.jpg,416,416,9,234,271,259,331
738_jpg.rf.7c99cc8c3768100acbf7f70472afa290.jpg,416,416,-,186,342,213,405
738_jpg.rf.7c99cc8c3768100acbf7f70472afa290.jpg,416,416,0,210,331,236,389
1050_jpg.rf.855a1b8e3e230f0aafcb2d789f0b49f0.jpg,416,416,2,141,48,203,125
1050_jpg.rf.855a1b8e3e230f0aafcb2d789f0b49f0.jpg,416,416,G,142,136,200,206
1050_jpg.rf.855a1b8e3e230f0aafcb2d789f0b49f0.jpg,416,416,1,237,130,286,197
1061_jpg.rf.84d0d490d735e11d2cb7d4a24ee22107.jpg,416,416,7,234,113,251,146
1061_jpg.rf.84d0d490d735e11d2cb7d4a24ee22107.jpg,416,416,5,234,149,251,180
1061_jpg.rf.84d0d490d735e11d2cb7d4a24ee22107.jpg,416,416,6,258,147,276,177
1061_jpg.rf.84d0d490d735e11d2cb7d4a24ee22107.jpg,416,416,3,234,184,252,214
1061_jpg.rf.84d0d490d735e11d2cb7d4a24ee22107.jpg,416,416,4,259,182,275,214
1061_jpg.rf.84d0d490d735e11d2cb7d4a24ee22107.jpg,416,416,G,235,218,252,249
1061_jpg.rf.84d0d490d735e11d2cb7d4a24ee22107.jpg,416,416,2,259,216,276,245
1243_jpg.rf.8399b86dfddcb80e1c8a842ea565823b.jpg,416,416,G,167,246,176,253
427_jpg.rf.871f4fc08b49c42e953377e2079895f7.jpg,416,416,8,177,161,217,181
427_jpg.rf.871f4fc08b49c42e953377e2079895f7.jpg,416,416,12,230,174,268,197
427_jpg.rf.871f4fc08b49c42e953377e2079895f7.jpg,416,416,4,128,173,166,196
427_jpg.rf.871f4fc08b49c42e953377e2079895f7.jpg,416,416,11,225,200,264,223
427_jpg.rf.871f4fc08b49c42e953377e2079895f7.jpg,416,416,10,224,227,260,248
427_jpg.rf.871f4fc08b49c42e953377e2079895f7.jpg,416,416,9,219,251,256,269
427_jpg.rf.871f4fc08b49c42e953377e2079895f7.jpg,416,416,1,129,249,166,267
427_jpg.rf.871f4fc08b49c42e953377e2079895f7.jpg,416,416,2,130,226,169,244
427_jpg.rf.871f4fc08b49c42e953377e2079895f7.jpg,416,416,3,127,201,166,220
427_jpg.rf.871f4fc08b49c42e953377e2079895f7.jpg,416,416,7,176,189,215,209
427_jpg.rf.871f4fc08b49c42e953377e2079895f7.jpg,416,416,6,176,214,215,235
427_jpg.rf.871f4fc08b49c42e953377e2079895f7.jpg,416,416,5,175,239,211,257
2094_jpg.rf.83babd8f89be7079d7809a4b44a62885.jpg,416,416,9,171,78,201,102
2094_jpg.rf.83babd8f89be7079d7809a4b44a62885.jpg,416,416,10,227,73,260,98
2094_jpg.rf.83babd8f89be7079d7809a4b44a62885.jpg,416,416,11,290,67,325,94
2094_jpg.rf.83babd8f89be7079d7809a4b44a62885.jpg,416,416,6,163,118,194,141
2094_jpg.rf.83babd8f89be7079d7809a4b44a62885.jpg,416,416,7,220,115,252,140
2094_jpg.rf.83babd8f89be7079d7809a4b44a62885.jpg,416,416,8,282,111,320,138
2094_jpg.rf.83babd8f89be7079d7809a4b44a62885.jpg,416,416,3,156,158,187,181
2094_jpg.rf.83babd8f89be7079d7809a4b44a62885.jpg,416,416,4,212,157,245,182
2094_jpg.rf.83babd8f89be7079d7809a4b44a62885.jpg,416,416,5,277,157,313,184
2094_jpg.rf.83babd8f89be7079d7809a4b44a62885.jpg,416,416,G,149,198,180,223
2094_jpg.rf.83babd8f89be7079d7809a4b44a62885.jpg,416,416,1,205,200,238,226
2094_jpg.rf.83babd8f89be7079d7809a4b44a62885.jpg,416,416,2,271,203,307,230
896_jpg.rf.847f534e014aa84835688bf0f4200f94.jpg,416,416,11,226,289,237,300
896_jpg.rf.847f534e014aa84835688bf0f4200f94.jpg,416,416,9,188,298,199,310
896_jpg.rf.847f534e014aa84835688bf0f4200f94.jpg,416,416,7,226,303,237,314
896_jpg.rf.847f534e014aa84835688bf0f4200f94.jpg,416,416,5,188,313,200,325
896_jpg.rf.847f534e014aa84835688bf0f4200f94.jpg,416,416,3,226,317,237,328
896_jpg.rf.847f534e014aa84835688bf0f4200f94.jpg,416,416,1,189,328,201,340
608_jpg.rf.83ed7c507f287028bf3d2e4001a661c6.jpg,416,416,G,186,51,218,76
859_jpg.rf.8706fdd3d3968ebc80e2b8e2a4c439cd.jpg,416,416,6,210,35,239,74
859_jpg.rf.8706fdd3d3968ebc80e2b8e2a4c439cd.jpg,416,416,5,211,93,240,130
859_jpg.rf.8706fdd3d3968ebc80e2b8e2a4c439cd.jpg,416,416,3,212,148,237,182
859_jpg.rf.8706fdd3d3968ebc80e2b8e2a4c439cd.jpg,416,416,2,211,198,237,229
859_jpg.rf.8706fdd3d3968ebc80e2b8e2a4c439cd.jpg,416,416,1,213,243,237,273
859_jpg.rf.8706fdd3d3968ebc80e2b8e2a4c439cd.jpg,416,416,L,214,287,236,314
503_jpg.rf.867377b867415a29a7689367b039c140.jpg,416,416,2,169,168,225,213
503_jpg.rf.867377b867415a29a7689367b039c140.jpg,416,416,3,227,169,278,212
503_jpg.rf.867377b867415a29a7689367b039c140.jpg,416,416,4,114,215,169,258
503_jpg.rf.867377b867415a29a7689367b039c140.jpg,416,416,5,171,215,225,257
503_jpg.rf.867377b867415a29a7689367b039c140.jpg,416,416,6,226,215,279,256
503_jpg.rf.867377b867415a29a7689367b039c140.jpg,416,416,7,114,261,168,303
503_jpg.rf.867377b867415a29a7689367b039c140.jpg,416,416,8,171,259,225,301
503_jpg.rf.867377b867415a29a7689367b039c140.jpg,416,416,9,226,258,278,300
503_jpg.rf.867377b867415a29a7689367b039c140.jpg,416,416,-,115,305,169,347
503_jpg.rf.867377b867415a29a7689367b039c140.jpg,416,416,-,227,302,277,342
503_jpg.rf.867377b867415a29a7689367b039c140.jpg,416,416,0,171,303,225,344
1960_jpg.rf.86c179d8888d6b2d3ed059b60262c09a.jpg,416,416,1,199,183,224,229
1960_jpg.rf.86c179d8888d6b2d3ed059b60262c09a.jpg,416,416,2,198,120,224,168
933_jpg.rf.8771386e33af3c7db94bf10614c41ab1.jpg,416,416,1,168,291,195,320
933_jpg.rf.8771386e33af3c7db94bf10614c41ab1.jpg,416,416,2,205,289,233,318
933_jpg.rf.8771386e33af3c7db94bf10614c41ab1.jpg,416,416,3,168,251,195,281
933_jpg.rf.8771386e33af3c7db94bf10614c41ab1.jpg,416,416,4,206,249,233,279
933_jpg.rf.8771386e33af3c7db94bf10614c41ab1.jpg,416,416,5,168,210,195,240
933_jpg.rf.8771386e33af3c7db94bf10614c41ab1.jpg,416,416,6,207,209,234,239
1355_jpg.rf.884fd19fdb21b1bd30623662131cf377.jpg,416,416,11,273,173,294,207
1355_jpg.rf.884fd19fdb21b1bd30623662131cf377.jpg,416,416,10,251,173,272,207
1355_jpg.rf.884fd19fdb21b1bd30623662131cf377.jpg,416,416,9,229,173,250,207
1355_jpg.rf.884fd19fdb21b1bd30623662131cf377.jpg,416,416,8,209,173,228,207
1355_jpg.rf.884fd19fdb21b1bd30623662131cf377.jpg,416,416,7,187,173,207,207
1355_jpg.rf.884fd19fdb21b1bd30623662131cf377.jpg,416,416,6,272,229,292,261
1355_jpg.rf.884fd19fdb21b1bd30623662131cf377.jpg,416,416,5,250,229,271,261
1355_jpg.rf.884fd19fdb21b1bd30623662131cf377.jpg,416,416,4,228,229,249,261
1355_jpg.rf.884fd19fdb21b1bd30623662131cf377.jpg,416,416,3,209,229,228,261
1355_jpg.rf.884fd19fdb21b1bd30623662131cf377.jpg,416,416,2,188,229,208,261
1355_jpg.rf.884fd19fdb21b1bd30623662131cf377.jpg,416,416,1,167,229,187,261
014_JPG.rf.8858b71d2eaa12aeb79f78121eb54912.jpg,416,416,8,130,37,171,67
014_JPG.rf.8858b71d2eaa12aeb79f78121eb54912.jpg,416,416,R,201,36,241,66
014_JPG.rf.8858b71d2eaa12aeb79f78121eb54912.jpg,416,416,7,132,76,170,106
014_JPG.rf.8858b71d2eaa12aeb79f78121eb54912.jpg,416,416,6,134,114,172,144
014_JPG.rf.8858b71d2eaa12aeb79f78121eb54912.jpg,416,416,5,136,151,174,181
014_JPG.rf.8858b71d2eaa12aeb79f78121eb54912.jpg,416,416,3,137,189,173,216
014_JPG.rf.8858b71d2eaa12aeb79f78121eb54912.jpg,416,416,2,138,225,174,252
014_JPG.rf.8858b71d2eaa12aeb79f78121eb54912.jpg,416,416,M,138,258,174,285
014_JPG.rf.8858b71d2eaa12aeb79f78121eb54912.jpg,416,416,1,138,292,175,319
014_JPG.rf.8858b71d2eaa12aeb79f78121eb54912.jpg,416,416,B,142,326,175,350
014_JPG.rf.8858b71d2eaa12aeb79f78121eb54912.jpg,416,416,18,202,76,240,105
014_JPG.rf.8858b71d2eaa12aeb79f78121eb54912.jpg,416,416,17,202,115,239,143
014_JPG.rf.8858b71d2eaa12aeb79f78121eb54912.jpg,416,416,16,204,152,241,180
014_JPG.rf.8858b71d2eaa12aeb79f78121eb54912.jpg,416,416,15,204,189,240,216
014_JPG.rf.8858b71d2eaa12aeb79f78121eb54912.jpg,416,416,12,204,224,241,251
014_JPG.rf.8858b71d2eaa12aeb79f78121eb54912.jpg,416,416,11,204,258,240,285
014_JPG.rf.8858b71d2eaa12aeb79f78121eb54912.jpg,416,416,10,204,291,240,318
014_JPG.rf.8858b71d2eaa12aeb79f78121eb54912.jpg,416,416,9,205,325,239,350
1681_jpg.rf.8624ee6fdcdf99405059eb91ceae6f82.jpg,416,416,1,95,154,120,171
1681_jpg.rf.8624ee6fdcdf99405059eb91ceae6f82.jpg,416,416,2,128,155,151,172
1681_jpg.rf.8624ee6fdcdf99405059eb91ceae6f82.jpg,416,416,3,160,156,183,173
1681_jpg.rf.8624ee6fdcdf99405059eb91ceae6f82.jpg,416,416,4,98,176,121,193
1681_jpg.rf.8624ee6fdcdf99405059eb91ceae6f82.jpg,416,416,5,130,177,153,193
1681_jpg.rf.8624ee6fdcdf99405059eb91ceae6f82.jpg,416,416,6,161,178,184,194
1681_jpg.rf.8624ee6fdcdf99405059eb91ceae6f82.jpg,416,416,7,101,198,124,213
1681_jpg.rf.8624ee6fdcdf99405059eb91ceae6f82.jpg,416,416,8,133,199,154,213
1681_jpg.rf.8624ee6fdcdf99405059eb91ceae6f82.jpg,416,416,9,162,199,185,213
1681_jpg.rf.8624ee6fdcdf99405059eb91ceae6f82.jpg,416,416,0,135,217,155,232
1681_jpg.rf.8624ee6fdcdf99405059eb91ceae6f82.jpg,416,416,G,108,237,128,250
1681_jpg.rf.8624ee6fdcdf99405059eb91ceae6f82.jpg,416,416,G,81,236,109,251
881_jpg.rf.8712fc036b3b6369fcf2add72d5fe29d.jpg,416,416,R,230,44,249,78
881_jpg.rf.8712fc036b3b6369fcf2add72d5fe29d.jpg,416,416,12,230,80,248,110
881_jpg.rf.8712fc036b3b6369fcf2add72d5fe29d.jpg,416,416,14,187,85,206,116
881_jpg.rf.8712fc036b3b6369fcf2add72d5fe29d.jpg,416,416,11,189,119,208,148
881_jpg.rf.8712fc036b3b6369fcf2add72d5fe29d.jpg,416,416,10,229,110,247,141
881_jpg.rf.8712fc036b3b6369fcf2add72d5fe29d.jpg,416,416,9,188,151,208,180
881_jpg.rf.8712fc036b3b6369fcf2add72d5fe29d.jpg,416,416,8,229,141,249,172
881_jpg.rf.8712fc036b3b6369fcf2add72d5fe29d.jpg,416,416,7,190,177,207,211
881_jpg.rf.8712fc036b3b6369fcf2add72d5fe29d.jpg,416,416,6,230,171,247,200
881_jpg.rf.8712fc036b3b6369fcf2add72d5fe29d.jpg,416,416,5,191,209,209,238
881_jpg.rf.8712fc036b3b6369fcf2add72d5fe29d.jpg,416,416,4,229,198,247,229
881_jpg.rf.8712fc036b3b6369fcf2add72d5fe29d.jpg,416,416,3,192,238,210,265
881_jpg.rf.8712fc036b3b6369fcf2add72d5fe29d.jpg,416,416,2,228,230,246,256
881_jpg.rf.8712fc036b3b6369fcf2add72d5fe29d.jpg,416,416,H,193,266,211,297
881_jpg.rf.8712fc036b3b6369fcf2add72d5fe29d.jpg,416,416,G,194,296,211,325
669_jpg.rf.864a06264309b0c3c7fa34821d130270.jpg,416,416,15,217,145,238,176
669_jpg.rf.864a06264309b0c3c7fa34821d130270.jpg,416,416,8,196,175,217,206
669_jpg.rf.864a06264309b0c3c7fa34821d130270.jpg,416,416,14,217,175,238,206
669_jpg.rf.864a06264309b0c3c7fa34821d130270.jpg,416,416,12,217,204,239,235
669_jpg.rf.864a06264309b0c3c7fa34821d130270.jpg,416,416,7,196,205,217,236
669_jpg.rf.864a06264309b0c3c7fa34821d130270.jpg,416,416,6,196,235,218,266
669_jpg.rf.864a06264309b0c3c7fa34821d130270.jpg,416,416,11,218,233,239,264
669_jpg.rf.864a06264309b0c3c7fa34821d130270.jpg,416,416,10,218,263,240,294
669_jpg.rf.864a06264309b0c3c7fa34821d130270.jpg,416,416,5,196,266,218,297
669_jpg.rf.864a06264309b0c3c7fa34821d130270.jpg,416,416,3,197,295,219,326
669_jpg.rf.864a06264309b0c3c7fa34821d130270.jpg,416,416,9,219,293,240,324
669_jpg.rf.864a06264309b0c3c7fa34821d130270.jpg,416,416,2,197,327,219,358
669_jpg.rf.864a06264309b0c3c7fa34821d130270.jpg,416,416,1,197,358,219,389
1299_jpg.rf.88026432acb92da7f28cf8cca0a658c0.jpg,416,416,R,193,14,223,57
1299_jpg.rf.88026432acb92da7f28cf8cca0a658c0.jpg,416,416,2,190,134,219,173
1299_jpg.rf.88026432acb92da7f28cf8cca0a658c0.jpg,416,416,1,189,243,218,282
1299_jpg.rf.88026432acb92da7f28cf8cca0a658c0.jpg,416,416,B,187,346,214,384
1039_jpg.rf.899756bb834e792d1207e18c170e0675.jpg,416,416,4,241,271,302,302
1039_jpg.rf.899756bb834e792d1207e18c170e0675.jpg,416,416,3,241,302,302,332
1039_jpg.rf.899756bb834e792d1207e18c170e0675.jpg,416,416,2,241,330,299,361
1039_jpg.rf.899756bb834e792d1207e18c170e0675.jpg,416,416,1,239,356,299,390
1039_jpg.rf.899756bb834e792d1207e18c170e0675.jpg,416,416,B,239,385,298,414
2009_jpg.rf.852a733eea9ee224c4a7eb0c37671792.jpg,416,416,4,188,23,248,105
2009_jpg.rf.852a733eea9ee224c4a7eb0c37671792.jpg,416,416,3,191,118,247,189
2009_jpg.rf.852a733eea9ee224c4a7eb0c37671792.jpg,416,416,2,195,196,246,259
2009_jpg.rf.852a733eea9ee224c4a7eb0c37671792.jpg,416,416,1,200,264,245,318
148_jpg.rf.82bc78688e530f094da4fda971c795bb.jpg,416,416,6,187,76,202,105
148_jpg.rf.82bc78688e530f094da4fda971c795bb.jpg,416,416,5,186,112,203,140
148_jpg.rf.82bc78688e530f094da4fda971c795bb.jpg,416,416,4,187,148,202,176
148_jpg.rf.82bc78688e530f094da4fda971c795bb.jpg,416,416,3,187,183,203,211
148_jpg.rf.82bc78688e530f094da4fda971c795bb.jpg,416,416,2,187,218,202,247
1552_jpg.rf.89df669f1042585d8de7515d8bd7d4af.jpg,416,416,3,124,115,172,194
1552_jpg.rf.89df669f1042585d8de7515d8bd7d4af.jpg,416,416,4,213,113,261,192
1552_jpg.rf.89df669f1042585d8de7515d8bd7d4af.jpg,416,416,B,132,202,176,270
1552_jpg.rf.89df669f1042585d8de7515d8bd7d4af.jpg,416,416,G,214,201,257,269
1552_jpg.rf.89df669f1042585d8de7515d8bd7d4af.jpg,416,416,2,298,201,341,269
241_jpg.rf.8b260524f2e9b96c7b1fd6b8a7c2144b.jpg,416,416,2,184,247,197,266
241_jpg.rf.8b260524f2e9b96c7b1fd6b8a7c2144b.jpg,416,416,3,235,232,249,252
241_jpg.rf.8b260524f2e9b96c7b1fd6b8a7c2144b.jpg,416,416,B,184,273,197,292
241_jpg.rf.8b260524f2e9b96c7b1fd6b8a7c2144b.jpg,416,416,1,236,258,249,276
1134_jpg.rf.8a844c49dd90c2478a2a355b919387b5.jpg,416,416,B,165,264,185,292
1134_jpg.rf.8a844c49dd90c2478a2a355b919387b5.jpg,416,416,1,166,228,187,258
1134_jpg.rf.8a844c49dd90c2478a2a355b919387b5.jpg,416,416,2,167,193,189,224
1134_jpg.rf.8a844c49dd90c2478a2a355b919387b5.jpg,416,416,3,168,156,191,186
1134_jpg.rf.8a844c49dd90c2478a2a355b919387b5.jpg,416,416,5,170,118,192,148
1134_jpg.rf.8a844c49dd90c2478a2a355b919387b5.jpg,416,416,6,195,262,214,289
1134_jpg.rf.8a844c49dd90c2478a2a355b919387b5.jpg,416,416,7,197,227,215,256
1134_jpg.rf.8a844c49dd90c2478a2a355b919387b5.jpg,416,416,8,198,192,218,221
1134_jpg.rf.8a844c49dd90c2478a2a355b919387b5.jpg,416,416,9,199,157,219,186
1134_jpg.rf.8a844c49dd90c2478a2a355b919387b5.jpg,416,416,10,202,122,222,152
1329_jpg.rf.8993eaa4731419bbffca5aebe2b66828.jpg,416,416,9,192,62,220,116
1329_jpg.rf.8993eaa4731419bbffca5aebe2b66828.jpg,416,416,8,238,120,268,171
1329_jpg.rf.8993eaa4731419bbffca5aebe2b66828.jpg,416,416,7,194,126,221,174
1329_jpg.rf.8993eaa4731419bbffca5aebe2b66828.jpg,416,416,6,239,181,268,231
1329_jpg.rf.8993eaa4731419bbffca5aebe2b66828.jpg,416,416,5,196,184,223,230
1329_jpg.rf.8993eaa4731419bbffca5aebe2b66828.jpg,416,416,4,241,237,268,285
1329_jpg.rf.8993eaa4731419bbffca5aebe2b66828.jpg,416,416,3,196,240,224,286
1329_jpg.rf.8993eaa4731419bbffca5aebe2b66828.jpg,416,416,2,242,293,269,340
1329_jpg.rf.8993eaa4731419bbffca5aebe2b66828.jpg,416,416,1,198,296,225,344
739_jpg.rf.8a7a785777087e58c000db5e817704b3.jpg,416,416,3,109,52,159,128
739_jpg.rf.8a7a785777087e58c000db5e817704b3.jpg,416,416,3,174,60,224,135
739_jpg.rf.8a7a785777087e58c000db5e817704b3.jpg,416,416,2,111,142,159,212
1352_jpg.rf.8aa28e20099a2657ad94a3164925d91d.jpg,416,416,4,176,162,216,213
1352_jpg.rf.8aa28e20099a2657ad94a3164925d91d.jpg,416,416,3,179,222,217,269
1352_jpg.rf.8aa28e20099a2657ad94a3164925d91d.jpg,416,416,2,181,273,218,317
1352_jpg.rf.8aa28e20099a2657ad94a3164925d91d.jpg,416,416,1,184,321,219,363
1262_jpg.rf.88d8ec6fe20776888675e3a85b1fe46a.jpg,416,416,9,209,49,230,88
1262_jpg.rf.88d8ec6fe20776888675e3a85b1fe46a.jpg,416,416,8,208,92,228,130
1262_jpg.rf.88d8ec6fe20776888675e3a85b1fe46a.jpg,416,416,7,207,134,227,171
1262_jpg.rf.88d8ec6fe20776888675e3a85b1fe46a.jpg,416,416,6,207,176,226,211
1262_jpg.rf.88d8ec6fe20776888675e3a85b1fe46a.jpg,416,416,5,206,215,226,251
1262_jpg.rf.88d8ec6fe20776888675e3a85b1fe46a.jpg,416,416,4,206,254,225,289
1262_jpg.rf.88d8ec6fe20776888675e3a85b1fe46a.jpg,416,416,3,179,46,201,86
1262_jpg.rf.88d8ec6fe20776888675e3a85b1fe46a.jpg,416,416,2,179,91,200,130
1262_jpg.rf.88d8ec6fe20776888675e3a85b1fe46a.jpg,416,416,1,179,134,199,172
1893_jpg.rf.8a266da93068d4ee1cda762df1e10055.jpg,416,416,1,211,203,226,231
1893_jpg.rf.8a266da93068d4ee1cda762df1e10055.jpg,416,416,2,227,203,243,231
1893_jpg.rf.8a266da93068d4ee1cda762df1e10055.jpg,416,416,3,243,204,259,232
1893_jpg.rf.8a266da93068d4ee1cda762df1e10055.jpg,416,416,4,211,230,227,258
1893_jpg.rf.8a266da93068d4ee1cda762df1e10055.jpg,416,416,5,227,232,243,259
1893_jpg.rf.8a266da93068d4ee1cda762df1e10055.jpg,416,416,6,243,232,259,260
1893_jpg.rf.8a266da93068d4ee1cda762df1e10055.jpg,416,416,7,210,259,226,287
1893_jpg.rf.8a266da93068d4ee1cda762df1e10055.jpg,416,416,8,227,260,243,287
1893_jpg.rf.8a266da93068d4ee1cda762df1e10055.jpg,416,416,9,242,261,258,288
1893_jpg.rf.8a266da93068d4ee1cda762df1e10055.jpg,416,416,s,210,287,226,315
1893_jpg.rf.8a266da93068d4ee1cda762df1e10055.jpg,416,416,0,226,288,242,316
1893_jpg.rf.8a266da93068d4ee1cda762df1e10055.jpg,416,416,1,365,382,384,415
1893_jpg.rf.8a266da93068d4ee1cda762df1e10055.jpg,416,416,2,387,382,405,416
1694_jpg.rf.8b3bf42a710be59ffe405b8e4c1640c3.jpg,416,416,7,0,0,46,58
1694_jpg.rf.8b3bf42a710be59ffe405b8e4c1640c3.jpg,416,416,5,0,80,46,154
1694_jpg.rf.8b3bf42a710be59ffe405b8e4c1640c3.jpg,416,416,3,0,176,46,250
1694_jpg.rf.8b3bf42a710be59ffe405b8e4c1640c3.jpg,416,416,1,0,271,48,347
1694_jpg.rf.8b3bf42a710be59ffe405b8e4c1640c3.jpg,416,416,0,126,364,175,415
1694_jpg.rf.8b3bf42a710be59ffe405b8e4c1640c3.jpg,416,416,8,124,0,175,67
1694_jpg.rf.8b3bf42a710be59ffe405b8e4c1640c3.jpg,416,416,6,124,83,175,160
1694_jpg.rf.8b3bf42a710be59ffe405b8e4c1640c3.jpg,416,416,4,124,178,176,251
1694_jpg.rf.8b3bf42a710be59ffe405b8e4c1640c3.jpg,416,416,2,124,270,176,344
1279_jpg.rf.8998892d0ebe18e733bc301658841713.jpg,416,416,3,261,136,292,168
1279_jpg.rf.8998892d0ebe18e733bc301658841713.jpg,416,416,2,262,170,295,203
1279_jpg.rf.8998892d0ebe18e733bc301658841713.jpg,416,416,1,264,207,298,240
1279_jpg.rf.8998892d0ebe18e733bc301658841713.jpg,416,416,G,265,241,299,277
1527_jpg.rf.8bb41e055fe4fe27a075f25dfb219a48.jpg,416,416,2,122,102,197,164
1527_jpg.rf.8bb41e055fe4fe27a075f25dfb219a48.jpg,416,416,3,200,102,272,160
1130_jpg.rf.8b59431a8fc4bc6d636f6033de939190.jpg,416,416,L,197,280,216,291
1130_jpg.rf.8b59431a8fc4bc6d636f6033de939190.jpg,416,416,2,196,267,215,277
1130_jpg.rf.8b59431a8fc4bc6d636f6033de939190.jpg,416,416,3,197,254,216,264
1130_jpg.rf.8b59431a8fc4bc6d636f6033de939190.jpg,416,416,4,197,240,216,251
1130_jpg.rf.8b59431a8fc4bc6d636f6033de939190.jpg,416,416,5,197,227,216,238
1130_jpg.rf.8b59431a8fc4bc6d636f6033de939190.jpg,416,416,6,236,279,254,290
1130_jpg.rf.8b59431a8fc4bc6d636f6033de939190.jpg,416,416,7,236,265,254,276
1130_jpg.rf.8b59431a8fc4bc6d636f6033de939190.jpg,416,416,8,236,252,254,263
1130_jpg.rf.8b59431a8fc4bc6d636f6033de939190.jpg,416,416,9,236,239,254,250
1130_jpg.rf.8b59431a8fc4bc6d636f6033de939190.jpg,416,416,10,235,226,254,237
1704_jpg.rf.8936b7b26ad1774a84e43e2631a3deb8.jpg,416,416,20,181,49,198,78
1704_jpg.rf.8936b7b26ad1774a84e43e2631a3deb8.jpg,416,416,22,208,47,224,75
1704_jpg.rf.8936b7b26ad1774a84e43e2631a3deb8.jpg,416,416,16,182,83,198,111
1704_jpg.rf.8936b7b26ad1774a84e43e2631a3deb8.jpg,416,416,18,209,80,225,107
1704_jpg.rf.8936b7b26ad1774a84e43e2631a3deb8.jpg,416,416,14,210,111,226,138
1704_jpg.rf.8936b7b26ad1774a84e43e2631a3deb8.jpg,416,416,12,183,115,199,142
1704_jpg.rf.8936b7b26ad1774a84e43e2631a3deb8.jpg,416,416,11,210,142,225,168
1704_jpg.rf.8936b7b26ad1774a84e43e2631a3deb8.jpg,416,416,9,184,145,200,172
1704_jpg.rf.8936b7b26ad1774a84e43e2631a3deb8.jpg,416,416,8,210,171,226,196
1704_jpg.rf.8936b7b26ad1774a84e43e2631a3deb8.jpg,416,416,6,185,175,201,202
1704_jpg.rf.8936b7b26ad1774a84e43e2631a3deb8.jpg,416,416,5,212,200,227,226
1704_jpg.rf.8936b7b26ad1774a84e43e2631a3deb8.jpg,416,416,4,186,204,202,232
1704_jpg.rf.8936b7b26ad1774a84e43e2631a3deb8.jpg,416,416,3,212,227,226,253
1704_jpg.rf.8936b7b26ad1774a84e43e2631a3deb8.jpg,416,416,G,187,232,203,258
927_jpg.rf.8b41d8ef661dd613cda19f90c5ab0209.jpg,416,416,3,166,9,244,99
927_jpg.rf.8b41d8ef661dd613cda19f90c5ab0209.jpg,416,416,2,171,115,241,195
927_jpg.rf.8b41d8ef661dd613cda19f90c5ab0209.jpg,416,416,1,176,208,242,274
281_jpg.rf.8ceb646e2ecfaeee679075608ec5c06f.jpg,416,416,12,93,41,121,88
281_jpg.rf.8ceb646e2ecfaeee679075608ec5c06f.jpg,416,416,14,168,46,195,93
281_jpg.rf.8ceb646e2ecfaeee679075608ec5c06f.jpg,416,416,9,98,102,125,147
281_jpg.rf.8ceb646e2ecfaeee679075608ec5c06f.jpg,416,416,10,170,108,195,152
281_jpg.rf.8ceb646e2ecfaeee679075608ec5c06f.jpg,416,416,6,104,159,129,200
281_jpg.rf.8ceb646e2ecfaeee679075608ec5c06f.jpg,416,416,7,172,163,196,204
281_jpg.rf.8ceb646e2ecfaeee679075608ec5c06f.jpg,416,416,3,108,209,133,247
281_jpg.rf.8ceb646e2ecfaeee679075608ec5c06f.jpg,416,416,5,173,216,196,253
281_jpg.rf.8ceb646e2ecfaeee679075608ec5c06f.jpg,416,416,1,174,260,196,296
281_jpg.rf.8ceb646e2ecfaeee679075608ec5c06f.jpg,416,416,11,243,113,269,158
281_jpg.rf.8ceb646e2ecfaeee679075608ec5c06f.jpg,416,416,8,241,169,265,211
281_jpg.rf.8ceb646e2ecfaeee679075608ec5c06f.jpg,416,416,4,239,221,262,260
281_jpg.rf.8ceb646e2ecfaeee679075608ec5c06f.jpg,416,416,2,237,268,260,303
1614_jpg.rf.8bc17d621c3f218cd74ccb7ac4e80092.jpg,416,416,44,139,219,156,232
1614_jpg.rf.8bc17d621c3f218cd74ccb7ac4e80092.jpg,416,416,40,140,242,157,254
1614_jpg.rf.8bc17d621c3f218cd74ccb7ac4e80092.jpg,416,416,41,170,240,187,253
1614_jpg.rf.8bc17d621c3f218cd74ccb7ac4e80092.jpg,416,416,42,198,240,216,252
1614_jpg.rf.8bc17d621c3f218cd74ccb7ac4e80092.jpg,416,416,43,228,239,244,251
1614_jpg.rf.8bc17d621c3f218cd74ccb7ac4e80092.jpg,416,416,37,171,262,186,274
1614_jpg.rf.8bc17d621c3f218cd74ccb7ac4e80092.jpg,416,416,38,199,261,215,273
1614_jpg.rf.8bc17d621c3f218cd74ccb7ac4e80092.jpg,416,416,39,228,260,244,273
1614_jpg.rf.8bc17d621c3f218cd74ccb7ac4e80092.jpg,416,416,33,171,283,186,296
1614_jpg.rf.8bc17d621c3f218cd74ccb7ac4e80092.jpg,416,416,34,199,283,215,294
1614_jpg.rf.8bc17d621c3f218cd74ccb7ac4e80092.jpg,416,416,35,228,281,243,294
1614_jpg.rf.8bc17d621c3f218cd74ccb7ac4e80092.jpg,416,416,29,171,304,187,317
1614_jpg.rf.8bc17d621c3f218cd74ccb7ac4e80092.jpg,416,416,25,171,325,187,339
1614_jpg.rf.8bc17d621c3f218cd74ccb7ac4e80092.jpg,416,416,21,173,346,188,358
1614_jpg.rf.8bc17d621c3f218cd74ccb7ac4e80092.jpg,416,416,30,200,303,215,316
1614_jpg.rf.8bc17d621c3f218cd74ccb7ac4e80092.jpg,416,416,26,200,324,215,336
1614_jpg.rf.8bc17d621c3f218cd74ccb7ac4e80092.jpg,416,416,22,200,345,216,357
1614_jpg.rf.8bc17d621c3f218cd74ccb7ac4e80092.jpg,416,416,31,229,302,244,314
1614_jpg.rf.8bc17d621c3f218cd74ccb7ac4e80092.jpg,416,416,27,229,323,245,336
1614_jpg.rf.8bc17d621c3f218cd74ccb7ac4e80092.jpg,416,416,23,229,343,244,356
1614_jpg.rf.8bc17d621c3f218cd74ccb7ac4e80092.jpg,416,416,36,141,263,157,276
1614_jpg.rf.8bc17d621c3f218cd74ccb7ac4e80092.jpg,416,416,32,141,284,158,297
1614_jpg.rf.8bc17d621c3f218cd74ccb7ac4e80092.jpg,416,416,28,142,305,158,318
1614_jpg.rf.8bc17d621c3f218cd74ccb7ac4e80092.jpg,416,416,24,142,326,159,339
1614_jpg.rf.8bc17d621c3f218cd74ccb7ac4e80092.jpg,416,416,20,143,347,159,360
454_jpg.rf.8abb048d8dc251cd15653a773feb99a4.jpg,416,416,7,191,102,205,130
454_jpg.rf.8abb048d8dc251cd15653a773feb99a4.jpg,416,416,6,191,134,206,162
454_jpg.rf.8abb048d8dc251cd15653a773feb99a4.jpg,416,416,5,192,166,207,192
454_jpg.rf.8abb048d8dc251cd15653a773feb99a4.jpg,416,416,4,219,194,233,220
454_jpg.rf.8abb048d8dc251cd15653a773feb99a4.jpg,416,416,3,193,197,207,224
454_jpg.rf.8abb048d8dc251cd15653a773feb99a4.jpg,416,416,2,219,225,234,250
454_jpg.rf.8abb048d8dc251cd15653a773feb99a4.jpg,416,416,1,194,229,208,254
250_jpg.rf.8c9fd4c5bdc2c0da402abc18f1a4e204.jpg,416,416,2,144,184,150,188
250_jpg.rf.8c9fd4c5bdc2c0da402abc18f1a4e204.jpg,416,416,3,152,184,157,189
250_jpg.rf.8c9fd4c5bdc2c0da402abc18f1a4e204.jpg,416,416,4,159,184,164,189
250_jpg.rf.8c9fd4c5bdc2c0da402abc18f1a4e204.jpg,416,416,5,166,184,171,189
250_jpg.rf.8c9fd4c5bdc2c0da402abc18f1a4e204.jpg,416,416,6,172,184,178,189
250_jpg.rf.8c9fd4c5bdc2c0da402abc18f1a4e204.jpg,416,416,7,179,184,184,189
250_jpg.rf.8c9fd4c5bdc2c0da402abc18f1a4e204.jpg,416,416,12,189,224,199,232
250_jpg.rf.8c9fd4c5bdc2c0da402abc18f1a4e204.jpg,416,416,11,189,236,199,244
250_jpg.rf.8c9fd4c5bdc2c0da402abc18f1a4e204.jpg,416,416,10,189,247,199,255
250_jpg.rf.8c9fd4c5bdc2c0da402abc18f1a4e204.jpg,416,416,9,189,259,199,267
250_jpg.rf.8c9fd4c5bdc2c0da402abc18f1a4e204.jpg,416,416,8,189,271,199,279
250_jpg.rf.8c9fd4c5bdc2c0da402abc18f1a4e204.jpg,416,416,7,189,283,199,291
250_jpg.rf.8c9fd4c5bdc2c0da402abc18f1a4e204.jpg,416,416,G,150,302,160,310
250_jpg.rf.8c9fd4c5bdc2c0da402abc18f1a4e204.jpg,416,416,1,150,288,160,297
250_jpg.rf.8c9fd4c5bdc2c0da402abc18f1a4e204.jpg,416,416,2,150,276,160,284
250_jpg.rf.8c9fd4c5bdc2c0da402abc18f1a4e204.jpg,416,416,3,150,263,160,271
250_jpg.rf.8c9fd4c5bdc2c0da402abc18f1a4e204.jpg,416,416,4,150,250,161,259
250_jpg.rf.8c9fd4c5bdc2c0da402abc18f1a4e204.jpg,416,416,5,149,238,160,246
250_jpg.rf.8c9fd4c5bdc2c0da402abc18f1a4e204.jpg,416,416,6,151,226,161,234
1203_jpg.rf.8c0232b402e12051faf89357ad333a71.jpg,416,416,11,197,250,212,263
1203_jpg.rf.8c0232b402e12051faf89357ad333a71.jpg,416,416,10,196,265,211,279
1203_jpg.rf.8c0232b402e12051faf89357ad333a71.jpg,416,416,9,196,281,211,295
1203_jpg.rf.8c0232b402e12051faf89357ad333a71.jpg,416,416,8,195,295,210,309
1203_jpg.rf.8c0232b402e12051faf89357ad333a71.jpg,416,416,7,194,310,210,325
1203_jpg.rf.8c0232b402e12051faf89357ad333a71.jpg,416,416,6,194,326,209,340
1203_jpg.rf.8c0232b402e12051faf89357ad333a71.jpg,416,416,5,172,249,186,262
1203_jpg.rf.8c0232b402e12051faf89357ad333a71.jpg,416,416,4,171,264,185,276
1203_jpg.rf.8c0232b402e12051faf89357ad333a71.jpg,416,416,3,170,278,185,291
1203_jpg.rf.8c0232b402e12051faf89357ad333a71.jpg,416,416,2,170,292,184,306
1203_jpg.rf.8c0232b402e12051faf89357ad333a71.jpg,416,416,1,169,307,184,320
1203_jpg.rf.8c0232b402e12051faf89357ad333a71.jpg,416,416,G,169,322,184,335
1160_jpg.rf.8c4a79f2159fab9fc03c79db0048dd4d.jpg,416,416,1,124,97,169,153
1160_jpg.rf.8c4a79f2159fab9fc03c79db0048dd4d.jpg,416,416,2,120,24,168,90
1160_jpg.rf.8c4a79f2159fab9fc03c79db0048dd4d.jpg,416,416,3,205,298,240,336
1160_jpg.rf.8c4a79f2159fab9fc03c79db0048dd4d.jpg,416,416,4,206,256,243,294
1160_jpg.rf.8c4a79f2159fab9fc03c79db0048dd4d.jpg,416,416,5,207,210,245,254
1160_jpg.rf.8c4a79f2159fab9fc03c79db0048dd4d.jpg,416,416,6,209,159,250,205
1160_jpg.rf.8c4a79f2159fab9fc03c79db0048dd4d.jpg,416,416,7,211,97,253,150
1160_jpg.rf.8c4a79f2159fab9fc03c79db0048dd4d.jpg,416,416,8,213,28,259,88
1808_jpg.rf.8ca84530d91183bc8010a3c0c7229762.jpg,416,416,9,231,365,240,384
1808_jpg.rf.8ca84530d91183bc8010a3c0c7229762.jpg,416,416,7,231,391,241,410
1808_jpg.rf.8ca84530d91183bc8010a3c0c7229762.jpg,416,416,8,251,390,260,408
1234_jpg.rf.8c44270c6398e2cb3592f61596359718.jpg,416,416,3,182,0,279,84
1234_jpg.rf.8c44270c6398e2cb3592f61596359718.jpg,416,416,2,181,111,276,194
1234_jpg.rf.8c44270c6398e2cb3592f61596359718.jpg,416,416,1,182,219,273,298
1234_jpg.rf.8c44270c6398e2cb3592f61596359718.jpg,416,416,G,183,323,272,400
339_jpg.rf.8bf09ebd692f1384002cfe46d497c788.jpg,416,416,3,124,136,154,173
339_jpg.rf.8bf09ebd692f1384002cfe46d497c788.jpg,416,416,4,197,135,226,172
339_jpg.rf.8bf09ebd692f1384002cfe46d497c788.jpg,416,416,2,199,185,225,219
544_jpg.rf.8bcb13511cea228ad01bdad0bd9fca51.jpg,416,416,10,95,210,110,221
544_jpg.rf.8bcb13511cea228ad01bdad0bd9fca51.jpg,416,416,8,96,228,110,239
544_jpg.rf.8bcb13511cea228ad01bdad0bd9fca51.jpg,416,416,6,96,246,111,257
544_jpg.rf.8bcb13511cea228ad01bdad0bd9fca51.jpg,416,416,4,96,263,111,274
544_jpg.rf.8bcb13511cea228ad01bdad0bd9fca51.jpg,416,416,2,97,281,112,292
544_jpg.rf.8bcb13511cea228ad01bdad0bd9fca51.jpg,416,416,G,97,299,113,310
544_jpg.rf.8bcb13511cea228ad01bdad0bd9fca51.jpg,416,416,11,124,202,138,212
544_jpg.rf.8bcb13511cea228ad01bdad0bd9fca51.jpg,416,416,9,125,219,139,230
544_jpg.rf.8bcb13511cea228ad01bdad0bd9fca51.jpg,416,416,7,125,236,139,248
544_jpg.rf.8bcb13511cea228ad01bdad0bd9fca51.jpg,416,416,5,126,254,139,264
544_jpg.rf.8bcb13511cea228ad01bdad0bd9fca51.jpg,416,416,3,126,272,140,283
423_jpg.rf.8ceb79b0b63bfdcb44dea3da8eda29ed.jpg,416,416,4,91,158,173,296
423_jpg.rf.8ceb79b0b63bfdcb44dea3da8eda29ed.jpg,416,416,4,181,165,255,295
1683_jpg.rf.8c43ce34480b1d624a61eeb8b5ed0e80.jpg,416,416,4,54,70,138,181
1683_jpg.rf.8c43ce34480b1d624a61eeb8b5ed0e80.jpg,416,416,5,210,60,284,163
1683_jpg.rf.8c43ce34480b1d624a61eeb8b5ed0e80.jpg,416,416,2,63,187,143,287
1683_jpg.rf.8c43ce34480b1d624a61eeb8b5ed0e80.jpg,416,416,3,210,172,280,265
1683_jpg.rf.8c43ce34480b1d624a61eeb8b5ed0e80.jpg,416,416,M,209,271,277,357
864_jpg.rf.8b43b76595125a234c5766a1424be5ba.jpg,416,416,19,62,197,88,232
864_jpg.rf.8b43b76595125a234c5766a1424be5ba.jpg,416,416,20,91,199,117,235
864_jpg.rf.8b43b76595125a234c5766a1424be5ba.jpg,416,416,21,120,200,146,232
864_jpg.rf.8b43b76595125a234c5766a1424be5ba.jpg,416,416,22,149,199,175,233
864_jpg.rf.8b43b76595125a234c5766a1424be5ba.jpg,416,416,23,177,200,203,235
864_jpg.rf.8b43b76595125a234c5766a1424be5ba.jpg,416,416,24,207,202,232,235
864_jpg.rf.8b43b76595125a234c5766a1424be5ba.jpg,416,416,25,234,202,261,236
864_jpg.rf.8b43b76595125a234c5766a1424be5ba.jpg,416,416,26,263,201,290,238
864_jpg.rf.8b43b76595125a234c5766a1424be5ba.jpg,416,416,18,263,250,289,284
864_jpg.rf.8b43b76595125a234c5766a1424be5ba.jpg,416,416,17,235,250,260,282
864_jpg.rf.8b43b76595125a234c5766a1424be5ba.jpg,416,416,16,207,250,230,283
864_jpg.rf.8b43b76595125a234c5766a1424be5ba.jpg,416,416,3,150,249,174,282
864_jpg.rf.8b43b76595125a234c5766a1424be5ba.jpg,416,416,1,92,248,118,282
864_jpg.rf.8b43b76595125a234c5766a1424be5ba.jpg,416,416,16,161,152,178,173
864_jpg.rf.8b43b76595125a234c5766a1424be5ba.jpg,416,416,17,176,153,192,174
864_jpg.rf.8b43b76595125a234c5766a1424be5ba.jpg,416,416,18,192,154,207,175
864_jpg.rf.8b43b76595125a234c5766a1424be5ba.jpg,416,416,19,206,153,222,174
864_jpg.rf.8b43b76595125a234c5766a1424be5ba.jpg,416,416,20,222,153,238,176
864_jpg.rf.8b43b76595125a234c5766a1424be5ba.jpg,416,416,24,282,154,298,175
864_jpg.rf.8b43b76595125a234c5766a1424be5ba.jpg,416,416,26,314,154,329,174
1660_jpg.rf.8ca0ecc40e9aefdaa6bfde89bd8c3590.jpg,416,416,5,195,33,279,96
1660_jpg.rf.8ca0ecc40e9aefdaa6bfde89bd8c3590.jpg,416,416,4,198,94,282,146
1660_jpg.rf.8ca0ecc40e9aefdaa6bfde89bd8c3590.jpg,416,416,3,202,146,282,197
1660_jpg.rf.8ca0ecc40e9aefdaa6bfde89bd8c3590.jpg,416,416,2,207,199,284,245
1119_jpg.rf.8c2bb4358bc719dc550863fe4c15114d.jpg,416,416,5,164,39,261,60
1119_jpg.rf.8c2bb4358bc719dc550863fe4c15114d.jpg,416,416,4,162,67,259,87
1119_jpg.rf.8c2bb4358bc719dc550863fe4c15114d.jpg,416,416,3,170,95,261,114
1119_jpg.rf.8c2bb4358bc719dc550863fe4c15114d.jpg,416,416,2,165,123,263,142
1119_jpg.rf.8c2bb4358bc719dc550863fe4c15114d.jpg,416,416,1,166,151,260,169
233_jpg.rf.8cf7a1a3017edccdda73dfa22c955e5b.jpg,416,416,6,224,86,239,114
233_jpg.rf.8cf7a1a3017edccdda73dfa22c955e5b.jpg,416,416,5,241,113,254,140
233_jpg.rf.8cf7a1a3017edccdda73dfa22c955e5b.jpg,416,416,3,227,143,241,169
233_jpg.rf.8cf7a1a3017edccdda73dfa22c955e5b.jpg,416,416,1,228,196,243,221
233_jpg.rf.8cf7a1a3017edccdda73dfa22c955e5b.jpg,416,416,M,243,194,257,218
1449_jpg.rf.8c411366879338c6f496cd2a3c515062.jpg,416,416,8,200,128,211,144
1449_jpg.rf.8c411366879338c6f496cd2a3c515062.jpg,416,416,6,200,146,211,162
1449_jpg.rf.8c411366879338c6f496cd2a3c515062.jpg,416,416,4,200,164,212,180
1449_jpg.rf.8c411366879338c6f496cd2a3c515062.jpg,416,416,2,201,183,212,198
1449_jpg.rf.8c411366879338c6f496cd2a3c515062.jpg,416,416,C,201,201,212,216
1449_jpg.rf.8c411366879338c6f496cd2a3c515062.jpg,416,416,G,230,190,241,206
1449_jpg.rf.8c411366879338c6f496cd2a3c515062.jpg,416,416,3,230,173,241,188
1449_jpg.rf.8c411366879338c6f496cd2a3c515062.jpg,416,416,5,230,154,241,170
1449_jpg.rf.8c411366879338c6f496cd2a3c515062.jpg,416,416,7,230,136,241,152
1449_jpg.rf.8c411366879338c6f496cd2a3c515062.jpg,416,416,R,229,118,241,133
796_jpg.rf.8f3ac715423c8072117687d75fff99cc.jpg,416,416,5,189,197,198,205
796_jpg.rf.8f3ac715423c8072117687d75fff99cc.jpg,416,416,3,190,208,199,216
796_jpg.rf.8f3ac715423c8072117687d75fff99cc.jpg,416,416,2,190,220,198,229
796_jpg.rf.8f3ac715423c8072117687d75fff99cc.jpg,416,416,1,190,231,199,240
442_jpg.rf.8dd7902536d3cfc83a08abb3e3039715.jpg,416,416,15,228,186,240,197
442_jpg.rf.8dd7902536d3cfc83a08abb3e3039715.jpg,416,416,13,229,207,241,218
442_jpg.rf.8dd7902536d3cfc83a08abb3e3039715.jpg,416,416,12,229,217,241,228
442_jpg.rf.8dd7902536d3cfc83a08abb3e3039715.jpg,416,416,11,229,227,241,238
442_jpg.rf.8dd7902536d3cfc83a08abb3e3039715.jpg,416,416,10,229,237,241,248
442_jpg.rf.8dd7902536d3cfc83a08abb3e3039715.jpg,416,416,9,215,144,228,155
442_jpg.rf.8dd7902536d3cfc83a08abb3e3039715.jpg,416,416,8,215,156,228,166
442_jpg.rf.8dd7902536d3cfc83a08abb3e3039715.jpg,416,416,7,215,166,228,177
442_jpg.rf.8dd7902536d3cfc83a08abb3e3039715.jpg,416,416,6,215,176,228,187
442_jpg.rf.8dd7902536d3cfc83a08abb3e3039715.jpg,416,416,5,215,188,228,201
442_jpg.rf.8dd7902536d3cfc83a08abb3e3039715.jpg,416,416,4,216,199,228,210
442_jpg.rf.8dd7902536d3cfc83a08abb3e3039715.jpg,416,416,3,216,209,228,221
442_jpg.rf.8dd7902536d3cfc83a08abb3e3039715.jpg,416,416,2,216,219,229,231
442_jpg.rf.8dd7902536d3cfc83a08abb3e3039715.jpg,416,416,1,216,230,228,241
1421_jpg.rf.8df2a64b1cfdddd85d644c807dbae316.jpg,416,416,4,187,29,218,76
1421_jpg.rf.8df2a64b1cfdddd85d644c807dbae316.jpg,416,416,3,190,89,218,133
1421_jpg.rf.8df2a64b1cfdddd85d644c807dbae316.jpg,416,416,2,192,146,219,186
1421_jpg.rf.8df2a64b1cfdddd85d644c807dbae316.jpg,416,416,1,194,196,219,234
1847_jpg.rf.8d1e53d9aa46c3e398368a6095ea4252.jpg,416,416,4,197,26,234,94
1847_jpg.rf.8d1e53d9aa46c3e398368a6095ea4252.jpg,416,416,3,197,111,234,179
1847_jpg.rf.8d1e53d9aa46c3e398368a6095ea4252.jpg,416,416,2,198,195,234,259
1847_jpg.rf.8d1e53d9aa46c3e398368a6095ea4252.jpg,416,416,1,199,276,235,340
1847_jpg.rf.8d1e53d9aa46c3e398368a6095ea4252.jpg,416,416,5,260,349,294,409
1847_jpg.rf.8d1e53d9aa46c3e398368a6095ea4252.jpg,416,416,6,260,272,294,332
1847_jpg.rf.8d1e53d9aa46c3e398368a6095ea4252.jpg,416,416,7,260,194,294,254
1847_jpg.rf.8d1e53d9aa46c3e398368a6095ea4252.jpg,416,416,8,260,114,295,174
1847_jpg.rf.8d1e53d9aa46c3e398368a6095ea4252.jpg,416,416,9,262,26,297,90
1490_jpg.rf.8f2501e7a8f9862f04be5e607c4b5f90.jpg,416,416,25,212,194,219,203
1490_jpg.rf.8f2501e7a8f9862f04be5e607c4b5f90.jpg,416,416,24,213,204,220,213
1490_jpg.rf.8f2501e7a8f9862f04be5e607c4b5f90.jpg,416,416,23,213,215,221,224
1490_jpg.rf.8f2501e7a8f9862f04be5e607c4b5f90.jpg,416,416,22,214,226,221,235
1490_jpg.rf.8f2501e7a8f9862f04be5e607c4b5f90.jpg,416,416,21,215,237,222,246
1490_jpg.rf.8f2501e7a8f9862f04be5e607c4b5f90.jpg,416,416,20,215,249,223,258
1490_jpg.rf.8f2501e7a8f9862f04be5e607c4b5f90.jpg,416,416,19,216,260,224,269
1490_jpg.rf.8f2501e7a8f9862f04be5e607c4b5f90.jpg,416,416,18,217,271,225,280
1490_jpg.rf.8f2501e7a8f9862f04be5e607c4b5f90.jpg,416,416,17,218,283,226,292
1490_jpg.rf.8f2501e7a8f9862f04be5e607c4b5f90.jpg,416,416,16,219,294,226,303
1490_jpg.rf.8f2501e7a8f9862f04be5e607c4b5f90.jpg,416,416,15,220,306,227,315
1490_jpg.rf.8f2501e7a8f9862f04be5e607c4b5f90.jpg,416,416,12,220,317,228,326
1490_jpg.rf.8f2501e7a8f9862f04be5e607c4b5f90.jpg,416,416,G,203,321,210,330
1490_jpg.rf.8f2501e7a8f9862f04be5e607c4b5f90.jpg,416,416,1,202,310,209,319
1490_jpg.rf.8f2501e7a8f9862f04be5e607c4b5f90.jpg,416,416,2,201,298,208,307
1490_jpg.rf.8f2501e7a8f9862f04be5e607c4b5f90.jpg,416,416,3,200,286,208,295
1490_jpg.rf.8f2501e7a8f9862f04be5e607c4b5f90.jpg,416,416,4,200,274,207,283
1490_jpg.rf.8f2501e7a8f9862f04be5e607c4b5f90.jpg,416,416,5,199,263,206,272
1490_jpg.rf.8f2501e7a8f9862f04be5e607c4b5f90.jpg,416,416,6,198,250,206,259
1490_jpg.rf.8f2501e7a8f9862f04be5e607c4b5f90.jpg,416,416,7,197,240,205,249
1490_jpg.rf.8f2501e7a8f9862f04be5e607c4b5f90.jpg,416,416,8,197,228,204,237
1490_jpg.rf.8f2501e7a8f9862f04be5e607c4b5f90.jpg,416,416,9,196,216,204,225
1490_jpg.rf.8f2501e7a8f9862f04be5e607c4b5f90.jpg,416,416,10,195,205,203,214
1490_jpg.rf.8f2501e7a8f9862f04be5e607c4b5f90.jpg,416,416,11,194,193,202,202
572_jpg.rf.8f3134208090ebfb73902dd478ca8e8d.jpg,416,416,11,191,186,204,197
572_jpg.rf.8f3134208090ebfb73902dd478ca8e8d.jpg,416,416,9,192,203,205,214
572_jpg.rf.8f3134208090ebfb73902dd478ca8e8d.jpg,416,416,7,192,220,205,231
572_jpg.rf.8f3134208090ebfb73902dd478ca8e8d.jpg,416,416,5,193,237,205,248
572_jpg.rf.8f3134208090ebfb73902dd478ca8e8d.jpg,416,416,3,194,254,205,265
572_jpg.rf.8f3134208090ebfb73902dd478ca8e8d.jpg,416,416,1,194,270,207,281
572_jpg.rf.8f3134208090ebfb73902dd478ca8e8d.jpg,416,416,G,195,287,207,298
572_jpg.rf.8f3134208090ebfb73902dd478ca8e8d.jpg,416,416,25,218,169,230,180
572_jpg.rf.8f3134208090ebfb73902dd478ca8e8d.jpg,416,416,23,218,185,230,197
572_jpg.rf.8f3134208090ebfb73902dd478ca8e8d.jpg,416,416,21,218,202,230,213
572_jpg.rf.8f3134208090ebfb73902dd478ca8e8d.jpg,416,416,19,220,219,232,229
572_jpg.rf.8f3134208090ebfb73902dd478ca8e8d.jpg,416,416,17,220,235,232,245
572_jpg.rf.8f3134208090ebfb73902dd478ca8e8d.jpg,416,416,15,220,252,232,262
572_jpg.rf.8f3134208090ebfb73902dd478ca8e8d.jpg,416,416,13,221,268,233,278
757_jpg.rf.8f2d230a605424ea6022ad7e59a1a292.jpg,416,416,35,228,27,241,49
757_jpg.rf.8f2d230a605424ea6022ad7e59a1a292.jpg,416,416,34,212,28,225,48
757_jpg.rf.8f2d230a605424ea6022ad7e59a1a292.jpg,416,416,33,197,26,210,48
757_jpg.rf.8f2d230a605424ea6022ad7e59a1a292.jpg,416,416,32,182,26,195,47
757_jpg.rf.8f2d230a605424ea6022ad7e59a1a292.jpg,416,416,31,228,58,240,78
757_jpg.rf.8f2d230a605424ea6022ad7e59a1a292.jpg,416,416,30,212,57,225,77
757_jpg.rf.8f2d230a605424ea6022ad7e59a1a292.jpg,416,416,29,197,57,210,77
757_jpg.rf.8f2d230a605424ea6022ad7e59a1a292.jpg,416,416,28,182,56,195,76
757_jpg.rf.8f2d230a605424ea6022ad7e59a1a292.jpg,416,416,27,227,87,239,107
757_jpg.rf.8f2d230a605424ea6022ad7e59a1a292.jpg,416,416,26,212,86,224,106
757_jpg.rf.8f2d230a605424ea6022ad7e59a1a292.jpg,416,416,25,197,86,209,106
757_jpg.rf.8f2d230a605424ea6022ad7e59a1a292.jpg,416,416,24,182,86,194,105
757_jpg.rf.8f2d230a605424ea6022ad7e59a1a292.jpg,416,416,23,226,115,239,135
757_jpg.rf.8f2d230a605424ea6022ad7e59a1a292.jpg,416,416,22,212,115,224,134
757_jpg.rf.8f2d230a605424ea6022ad7e59a1a292.jpg,416,416,21,197,115,210,135
757_jpg.rf.8f2d230a605424ea6022ad7e59a1a292.jpg,416,416,20,182,113,194,134
757_jpg.rf.8f2d230a605424ea6022ad7e59a1a292.jpg,416,416,19,225,144,238,163
757_jpg.rf.8f2d230a605424ea6022ad7e59a1a292.jpg,416,416,18,212,143,224,163
757_jpg.rf.8f2d230a605424ea6022ad7e59a1a292.jpg,416,416,17,197,142,209,162
757_jpg.rf.8f2d230a605424ea6022ad7e59a1a292.jpg,416,416,16,181,142,194,162
757_jpg.rf.8f2d230a605424ea6022ad7e59a1a292.jpg,416,416,15,226,171,238,191
757_jpg.rf.8f2d230a605424ea6022ad7e59a1a292.jpg,416,416,14,211,171,224,190
757_jpg.rf.8f2d230a605424ea6022ad7e59a1a292.jpg,416,416,12,196,171,208,189
757_jpg.rf.8f2d230a605424ea6022ad7e59a1a292.jpg,416,416,11,181,170,194,190
757_jpg.rf.8f2d230a605424ea6022ad7e59a1a292.jpg,416,416,10,225,198,237,218
757_jpg.rf.8f2d230a605424ea6022ad7e59a1a292.jpg,416,416,9,210,198,222,217
757_jpg.rf.8f2d230a605424ea6022ad7e59a1a292.jpg,416,416,8,196,198,208,217
757_jpg.rf.8f2d230a605424ea6022ad7e59a1a292.jpg,416,416,G,181,251,194,271
1646_jpg.rf.8d2280c147e7bfcdadaa9360afa09869.jpg,416,416,5,201,28,285,117
1646_jpg.rf.8d2280c147e7bfcdadaa9360afa09869.jpg,416,416,6,331,22,415,115
1646_jpg.rf.8d2280c147e7bfcdadaa9360afa09869.jpg,416,416,3,209,134,272,206
1646_jpg.rf.8d2280c147e7bfcdadaa9360afa09869.jpg,416,416,1,193,215,262,277
1646_jpg.rf.8d2280c147e7bfcdadaa9360afa09869.jpg,416,416,4,311,131,390,203
1646_jpg.rf.8d2280c147e7bfcdadaa9360afa09869.jpg,416,416,2,299,210,369,271
1646_jpg.rf.8d2280c147e7bfcdadaa9360afa09869.jpg,416,416,B,287,280,352,330
1643_jpg.rf.8f1ef94df32f30ebfea853cb3dae17bd.jpg,416,416,1,139,248,167,292
1643_jpg.rf.8f1ef94df32f30ebfea853cb3dae17bd.jpg,416,416,2,170,248,197,293
1643_jpg.rf.8f1ef94df32f30ebfea853cb3dae17bd.jpg,416,416,3,201,245,227,289
1643_jpg.rf.8f1ef94df32f30ebfea853cb3dae17bd.jpg,416,416,4,231,245,257,287
1643_jpg.rf.8f1ef94df32f30ebfea853cb3dae17bd.jpg,416,416,5,262,242,288,284
1643_jpg.rf.8f1ef94df32f30ebfea853cb3dae17bd.jpg,416,416,6,293,239,318,280
2105_jpg.rf.8da8a993df31b1f4133066a6e7682bea.jpg,416,416,2,166,112,213,153
2105_jpg.rf.8da8a993df31b1f4133066a6e7682bea.jpg,416,416,1,172,170,215,206
2105_jpg.rf.8da8a993df31b1f4133066a6e7682bea.jpg,416,416,G,176,218,217,252
1519_jpg.rf.8db35f4e5f015ce5c17cf2aa49284a40.jpg,416,416,4,59,43,120,84
1519_jpg.rf.8db35f4e5f015ce5c17cf2aa49284a40.jpg,416,416,13,199,41,257,83
1519_jpg.rf.8db35f4e5f015ce5c17cf2aa49284a40.jpg,416,416,3,67,91,124,131
1519_jpg.rf.8db35f4e5f015ce5c17cf2aa49284a40.jpg,416,416,2,75,135,129,172
1519_jpg.rf.8db35f4e5f015ce5c17cf2aa49284a40.jpg,416,416,1,80,175,132,209
1519_jpg.rf.8db35f4e5f015ce5c17cf2aa49284a40.jpg,416,416,12,201,89,252,126
1519_jpg.rf.8db35f4e5f015ce5c17cf2aa49284a40.jpg,416,416,11,202,131,250,167
1519_jpg.rf.8db35f4e5f015ce5c17cf2aa49284a40.jpg,416,416,10,201,171,248,204
1519_jpg.rf.8db35f4e5f015ce5c17cf2aa49284a40.jpg,416,416,9,202,206,245,237
1519_jpg.rf.8db35f4e5f015ce5c17cf2aa49284a40.jpg,416,416,8,203,239,244,266
1519_jpg.rf.8db35f4e5f015ce5c17cf2aa49284a40.jpg,416,416,7,203,269,243,296
1519_jpg.rf.8db35f4e5f015ce5c17cf2aa49284a40.jpg,416,416,6,202,298,241,322
1519_jpg.rf.8db35f4e5f015ce5c17cf2aa49284a40.jpg,416,416,5,203,324,242,348
1519_jpg.rf.8db35f4e5f015ce5c17cf2aa49284a40.jpg,416,416,E,87,212,134,245
1519_jpg.rf.8db35f4e5f015ce5c17cf2aa49284a40.jpg,416,416,21,322,85,373,122
1519_jpg.rf.8db35f4e5f015ce5c17cf2aa49284a40.jpg,416,416,20,318,126,366,162
1519_jpg.rf.8db35f4e5f015ce5c17cf2aa49284a40.jpg,416,416,19,312,165,358,197
1519_jpg.rf.8db35f4e5f015ce5c17cf2aa49284a40.jpg,416,416,18,309,199,353,230
1519_jpg.rf.8db35f4e5f015ce5c17cf2aa49284a40.jpg,416,416,17,305,232,347,260
1519_jpg.rf.8db35f4e5f015ce5c17cf2aa49284a40.jpg,416,416,16,302,263,342,288
1519_jpg.rf.8db35f4e5f015ce5c17cf2aa49284a40.jpg,416,416,15,298,290,336,314
1519_jpg.rf.8db35f4e5f015ce5c17cf2aa49284a40.jpg,416,416,14,295,315,332,339
472_jpg.rf.ed7cc48a4141683282fc7a17c48bdb34.jpg,416,416,4,184,74,205,109
472_jpg.rf.ed7cc48a4141683282fc7a17c48bdb34.jpg,416,416,3,185,117,204,152
472_jpg.rf.ed7cc48a4141683282fc7a17c48bdb34.jpg,416,416,2,184,157,203,192
472_jpg.rf.ed7cc48a4141683282fc7a17c48bdb34.jpg,416,416,1,184,197,203,231
472_jpg.rf.ed7cc48a4141683282fc7a17c48bdb34.jpg,416,416,G,183,234,202,268
1356_jpg.rf.ec4805af06aea8a10c22c60f11ac5806.jpg,416,416,2,214,207,251,234
379_jpg.rf.ee81e3880cf79941ef4f169494663a56.jpg,416,416,4,195,155,222,182
379_jpg.rf.ee81e3880cf79941ef4f169494663a56.jpg,416,416,3,194,194,221,219
379_jpg.rf.ee81e3880cf79941ef4f169494663a56.jpg,416,416,2,195,231,221,258
379_jpg.rf.ee81e3880cf79941ef4f169494663a56.jpg,416,416,1,194,268,220,294
379_jpg.rf.ee81e3880cf79941ef4f169494663a56.jpg,416,416,G,194,304,220,332
799_jpg.rf.ed8b1f49c16c801b92247ecb90bd485e.jpg,416,416,11,191,100,219,136
799_jpg.rf.ed8b1f49c16c801b92247ecb90bd485e.jpg,416,416,9,192,146,219,177
799_jpg.rf.ed8b1f49c16c801b92247ecb90bd485e.jpg,416,416,10,234,143,259,176
799_jpg.rf.ed8b1f49c16c801b92247ecb90bd485e.jpg,416,416,7,192,189,220,221
799_jpg.rf.ed8b1f49c16c801b92247ecb90bd485e.jpg,416,416,8,235,185,259,217
799_jpg.rf.ed8b1f49c16c801b92247ecb90bd485e.jpg,416,416,5,194,231,220,264
799_jpg.rf.ed8b1f49c16c801b92247ecb90bd485e.jpg,416,416,6,235,226,260,258
799_jpg.rf.ed8b1f49c16c801b92247ecb90bd485e.jpg,416,416,3,196,272,220,303
799_jpg.rf.ed8b1f49c16c801b92247ecb90bd485e.jpg,416,416,4,236,266,259,296
799_jpg.rf.ed8b1f49c16c801b92247ecb90bd485e.jpg,416,416,1,196,312,220,343
799_jpg.rf.ed8b1f49c16c801b92247ecb90bd485e.jpg,416,416,2,236,304,258,336
799_jpg.rf.ed8b1f49c16c801b92247ecb90bd485e.jpg,416,416,G,197,350,220,381
799_jpg.rf.ed8b1f49c16c801b92247ecb90bd485e.jpg,416,416,M,236,341,259,371
2058_jpg.rf.ed5e55a62c1270bac6246406e597e08d.jpg,416,416,P,172,273,194,294
2058_jpg.rf.ed5e55a62c1270bac6246406e597e08d.jpg,416,416,C,168,302,191,323
2058_jpg.rf.ed5e55a62c1270bac6246406e597e08d.jpg,416,416,s,144,305,170,329
948_jpg.rf.ec7eb62cbc4b7ec4c6e204172d4ab455.jpg,416,416,11,88,0,178,130
948_jpg.rf.ec7eb62cbc4b7ec4c6e204172d4ab455.jpg,416,416,9,88,142,178,273
948_jpg.rf.ec7eb62cbc4b7ec4c6e204172d4ab455.jpg,416,416,7,88,284,178,415
948_jpg.rf.ec7eb62cbc4b7ec4c6e204172d4ab455.jpg,416,416,12,230,0,321,127
948_jpg.rf.ec7eb62cbc4b7ec4c6e204172d4ab455.jpg,416,416,10,232,140,322,270
948_jpg.rf.ec7eb62cbc4b7ec4c6e204172d4ab455.jpg,416,416,8,229,282,323,415
2018_jpg.rf.eeda1571a94ca191e5f3ac01624902d0.jpg,416,416,1,117,117,162,166
2018_jpg.rf.eeda1571a94ca191e5f3ac01624902d0.jpg,416,416,2,165,122,210,172
2018_jpg.rf.eeda1571a94ca191e5f3ac01624902d0.jpg,416,416,3,215,127,260,177
2018_jpg.rf.eeda1571a94ca191e5f3ac01624902d0.jpg,416,416,4,264,133,309,183
2018_jpg.rf.eeda1571a94ca191e5f3ac01624902d0.jpg,416,416,5,315,143,364,192
1113_jpg.rf.ee52fab095063d07b18d9754f40b9e26.jpg,416,416,4,154,1,199,84
1113_jpg.rf.ee52fab095063d07b18d9754f40b9e26.jpg,416,416,3,160,86,203,163
1113_jpg.rf.ee52fab095063d07b18d9754f40b9e26.jpg,416,416,2,165,166,206,239
1113_jpg.rf.ee52fab095063d07b18d9754f40b9e26.jpg,416,416,1,170,240,210,310
1113_jpg.rf.ee52fab095063d07b18d9754f40b9e26.jpg,416,416,G,175,310,214,381
507_jpg.rf.ee56b1e217d36d340e989a7a856055d0.jpg,416,416,G,134,255,169,314
507_jpg.rf.ee56b1e217d36d340e989a7a856055d0.jpg,416,416,1,208,233,240,290
507_jpg.rf.ee56b1e217d36d340e989a7a856055d0.jpg,416,416,2,277,210,308,264
507_jpg.rf.ee56b1e217d36d340e989a7a856055d0.jpg,416,416,R,344,189,376,244
1059_jpg.rf.eeac1c009253429324054c6b487432f0.jpg,416,416,4,82,213,105,252
1059_jpg.rf.eeac1c009253429324054c6b487432f0.jpg,416,416,5,116,213,140,251
1059_jpg.rf.eeac1c009253429324054c6b487432f0.jpg,416,416,6,150,210,174,249
1059_jpg.rf.eeac1c009253429324054c6b487432f0.jpg,416,416,7,185,207,207,247
1059_jpg.rf.eeac1c009253429324054c6b487432f0.jpg,416,416,8,218,207,242,246
1059_jpg.rf.eeac1c009253429324054c6b487432f0.jpg,416,416,1,154,272,177,310
1059_jpg.rf.eeac1c009253429324054c6b487432f0.jpg,416,416,2,186,270,208,307
1059_jpg.rf.eeac1c009253429324054c6b487432f0.jpg,416,416,3,218,270,241,306
555_jpg.rf.eeca7112e9eac1caa641ad7280276536.jpg,416,416,12,170,79,183,88
555_jpg.rf.eeca7112e9eac1caa641ad7280276536.jpg,416,416,24,192,77,205,88
555_jpg.rf.eeca7112e9eac1caa641ad7280276536.jpg,416,416,11,170,96,183,106
555_jpg.rf.eeca7112e9eac1caa641ad7280276536.jpg,416,416,23,192,95,206,105
555_jpg.rf.eeca7112e9eac1caa641ad7280276536.jpg,416,416,10,171,113,184,124
555_jpg.rf.eeca7112e9eac1caa641ad7280276536.jpg,416,416,22,193,112,206,122
555_jpg.rf.eeca7112e9eac1caa641ad7280276536.jpg,416,416,9,170,130,184,140
555_jpg.rf.eeca7112e9eac1caa641ad7280276536.jpg,416,416,21,192,129,206,139
555_jpg.rf.eeca7112e9eac1caa641ad7280276536.jpg,416,416,8,171,147,184,158
555_jpg.rf.eeca7112e9eac1caa641ad7280276536.jpg,416,416,20,193,147,205,157
555_jpg.rf.eeca7112e9eac1caa641ad7280276536.jpg,416,416,16,194,215,206,225
555_jpg.rf.eeca7112e9eac1caa641ad7280276536.jpg,416,416,7,170,163,184,174
555_jpg.rf.eeca7112e9eac1caa641ad7280276536.jpg,416,416,19,192,163,206,173
555_jpg.rf.eeca7112e9eac1caa641ad7280276536.jpg,416,416,6,171,180,183,190
555_jpg.rf.eeca7112e9eac1caa641ad7280276536.jpg,416,416,18,193,180,205,190
555_jpg.rf.eeca7112e9eac1caa641ad7280276536.jpg,416,416,5,171,198,184,207
555_jpg.rf.eeca7112e9eac1caa641ad7280276536.jpg,416,416,17,193,198,206,207
555_jpg.rf.eeca7112e9eac1caa641ad7280276536.jpg,416,416,4,171,215,184,225
555_jpg.rf.eeca7112e9eac1caa641ad7280276536.jpg,416,416,3,171,232,183,241
555_jpg.rf.eeca7112e9eac1caa641ad7280276536.jpg,416,416,15,193,231,206,242
555_jpg.rf.eeca7112e9eac1caa641ad7280276536.jpg,416,416,2,172,248,185,258
555_jpg.rf.eeca7112e9eac1caa641ad7280276536.jpg,416,416,14,194,248,206,258
555_jpg.rf.eeca7112e9eac1caa641ad7280276536.jpg,416,416,1,172,265,185,275
555_jpg.rf.eeca7112e9eac1caa641ad7280276536.jpg,416,416,13,194,266,207,276
555_jpg.rf.eeca7112e9eac1caa641ad7280276536.jpg,416,416,G,171,282,184,292
1310_jpg.rf.f00f3f606e3b3351000a1675fae6dbbf.jpg,416,416,1,120,149,137,179
1310_jpg.rf.f00f3f606e3b3351000a1675fae6dbbf.jpg,416,416,11,255,151,273,180
1310_jpg.rf.f00f3f606e3b3351000a1675fae6dbbf.jpg,416,416,12,255,198,273,229
1310_jpg.rf.f00f3f606e3b3351000a1675fae6dbbf.jpg,416,416,15,312,151,329,182
1310_jpg.rf.f00f3f606e3b3351000a1675fae6dbbf.jpg,416,416,16,311,199,329,231
1057_jpg.rf.f004a24c43b11bb68747111b574ce659.jpg,416,416,U,170,101,206,176
1057_jpg.rf.f004a24c43b11bb68747111b574ce659.jpg,416,416,D,279,91,310,164
511_jpg.rf.f0dd74182f0656c5b0a015c560e0a23e.jpg,416,416,2,225,230,248,246
511_jpg.rf.f0dd74182f0656c5b0a015c560e0a23e.jpg,416,416,1,224,269,247,285
511_jpg.rf.f0dd74182f0656c5b0a015c560e0a23e.jpg,416,416,G,223,307,246,323
1093_jpg.rf.f09f743f9b59943399735656a7c0c4ec.jpg,416,416,18,343,217,357,229
1093_jpg.rf.f09f743f9b59943399735656a7c0c4ec.jpg,416,416,1,357,205,370,217
1093_jpg.rf.f09f743f9b59943399735656a7c0c4ec.jpg,416,416,27,217,74,232,87
1093_jpg.rf.f09f743f9b59943399735656a7c0c4ec.jpg,416,416,25,217,86,232,99
1093_jpg.rf.f09f743f9b59943399735656a7c0c4ec.jpg,416,416,23,217,99,232,112
1093_jpg.rf.f09f743f9b59943399735656a7c0c4ec.jpg,416,416,21,217,111,232,124
1093_jpg.rf.f09f743f9b59943399735656a7c0c4ec.jpg,416,416,19,217,123,231,136
1093_jpg.rf.f09f743f9b59943399735656a7c0c4ec.jpg,416,416,17,217,136,231,149
1093_jpg.rf.f09f743f9b59943399735656a7c0c4ec.jpg,416,416,15,217,148,231,161
1093_jpg.rf.f09f743f9b59943399735656a7c0c4ec.jpg,416,416,12,217,160,231,174
1093_jpg.rf.f09f743f9b59943399735656a7c0c4ec.jpg,416,416,10,217,172,231,186
1093_jpg.rf.f09f743f9b59943399735656a7c0c4ec.jpg,416,416,7,217,185,232,197
1093_jpg.rf.f09f743f9b59943399735656a7c0c4ec.jpg,416,416,4,217,196,232,209
1093_jpg.rf.f09f743f9b59943399735656a7c0c4ec.jpg,416,416,1,217,207,232,219
1093_jpg.rf.f09f743f9b59943399735656a7c0c4ec.jpg,416,416,28,232,73,246,86
1093_jpg.rf.f09f743f9b59943399735656a7c0c4ec.jpg,416,416,26,232,86,246,99
1093_jpg.rf.f09f743f9b59943399735656a7c0c4ec.jpg,416,416,24,232,99,245,112
1093_jpg.rf.f09f743f9b59943399735656a7c0c4ec.jpg,416,416,22,232,111,245,124
1093_jpg.rf.f09f743f9b59943399735656a7c0c4ec.jpg,416,416,20,232,123,245,136
1093_jpg.rf.f09f743f9b59943399735656a7c0c4ec.jpg,416,416,18,232,136,245,148
1093_jpg.rf.f09f743f9b59943399735656a7c0c4ec.jpg,416,416,16,231,148,245,161
1093_jpg.rf.f09f743f9b59943399735656a7c0c4ec.jpg,416,416,14,231,160,245,173
1093_jpg.rf.f09f743f9b59943399735656a7c0c4ec.jpg,416,416,11,231,172,245,185
1093_jpg.rf.f09f743f9b59943399735656a7c0c4ec.jpg,416,416,9,231,184,245,197
1093_jpg.rf.f09f743f9b59943399735656a7c0c4ec.jpg,416,416,5,232,196,245,209
1093_jpg.rf.f09f743f9b59943399735656a7c0c4ec.jpg,416,416,3,232,207,245,220
459_jpg.rf.f1ec715b664ff9d2bd581fd7ef01feee.jpg,416,416,2,158,98,172,125
459_jpg.rf.f1ec715b664ff9d2bd581fd7ef01feee.jpg,416,416,1,160,155,175,182
1060_jpg.rf.f02e93bc1508e51465418063aa9ad1f1.jpg,416,416,7,131,16,174,89
1060_jpg.rf.f02e93bc1508e51465418063aa9ad1f1.jpg,416,416,8,197,6,237,79
1060_jpg.rf.f02e93bc1508e51465418063aa9ad1f1.jpg,416,416,5,139,101,178,161
1060_jpg.rf.f02e93bc1508e51465418063aa9ad1f1.jpg,416,416,6,201,94,237,154
1060_jpg.rf.f02e93bc1508e51465418063aa9ad1f1.jpg,416,416,3,146,171,182,230
1060_jpg.rf.f02e93bc1508e51465418063aa9ad1f1.jpg,416,416,4,203,164,238,219
1060_jpg.rf.f02e93bc1508e51465418063aa9ad1f1.jpg,416,416,1,153,234,187,286
1060_jpg.rf.f02e93bc1508e51465418063aa9ad1f1.jpg,416,416,2,206,232,240,285
1929_jpg.rf.f065ceca5fd743f98308493e7cf65ddb.jpg,416,416,G,181,110,226,166
541_jpg.rf.f164355f94b84e2b06c8ddf1b1341d95.jpg,416,416,21,162,100,208,129
541_jpg.rf.f164355f94b84e2b06c8ddf1b1341d95.jpg,416,416,22,205,104,246,130
541_jpg.rf.f164355f94b84e2b06c8ddf1b1341d95.jpg,416,416,19,161,127,206,152
541_jpg.rf.f164355f94b84e2b06c8ddf1b1341d95.jpg,416,416,20,205,129,247,154
541_jpg.rf.f164355f94b84e2b06c8ddf1b1341d95.jpg,416,416,17,162,152,205,177
541_jpg.rf.f164355f94b84e2b06c8ddf1b1341d95.jpg,416,416,18,204,153,243,176
541_jpg.rf.f164355f94b84e2b06c8ddf1b1341d95.jpg,416,416,15,164,176,206,200
541_jpg.rf.f164355f94b84e2b06c8ddf1b1341d95.jpg,416,416,16,204,175,243,199
541_jpg.rf.f164355f94b84e2b06c8ddf1b1341d95.jpg,416,416,13,164,198,205,221
541_jpg.rf.f164355f94b84e2b06c8ddf1b1341d95.jpg,416,416,14,203,197,243,220
541_jpg.rf.f164355f94b84e2b06c8ddf1b1341d95.jpg,416,416,11,164,220,204,244
541_jpg.rf.f164355f94b84e2b06c8ddf1b1341d95.jpg,416,416,12,204,219,241,240
541_jpg.rf.f164355f94b84e2b06c8ddf1b1341d95.jpg,416,416,9,164,240,205,266
541_jpg.rf.f164355f94b84e2b06c8ddf1b1341d95.jpg,416,416,10,204,240,240,260
541_jpg.rf.f164355f94b84e2b06c8ddf1b1341d95.jpg,416,416,7,164,260,205,286
541_jpg.rf.f164355f94b84e2b06c8ddf1b1341d95.jpg,416,416,8,203,259,240,283
541_jpg.rf.f164355f94b84e2b06c8ddf1b1341d95.jpg,416,416,5,164,283,203,305
541_jpg.rf.f164355f94b84e2b06c8ddf1b1341d95.jpg,416,416,6,202,278,241,304
541_jpg.rf.f164355f94b84e2b06c8ddf1b1341d95.jpg,416,416,3,163,303,204,328
541_jpg.rf.f164355f94b84e2b06c8ddf1b1341d95.jpg,416,416,4,202,300,240,323
541_jpg.rf.f164355f94b84e2b06c8ddf1b1341d95.jpg,416,416,G,165,320,239,348
1800_jpg.rf.f2c438bfd73a3621a8011c9e284db373.jpg,416,416,5,164,225,188,244
1800_jpg.rf.f2c438bfd73a3621a8011c9e284db373.jpg,416,416,3,163,250,187,269
1800_jpg.rf.f2c438bfd73a3621a8011c9e284db373.jpg,416,416,1,163,274,187,293
1800_jpg.rf.f2c438bfd73a3621a8011c9e284db373.jpg,416,416,B,163,298,187,317
1800_jpg.rf.f2c438bfd73a3621a8011c9e284db373.jpg,416,416,6,233,210,258,229
1800_jpg.rf.f2c438bfd73a3621a8011c9e284db373.jpg,416,416,4,233,232,258,251
1800_jpg.rf.f2c438bfd73a3621a8011c9e284db373.jpg,416,416,2,233,255,258,274
1800_jpg.rf.f2c438bfd73a3621a8011c9e284db373.jpg,416,416,0,232,277,257,296
217_jpg.rf.f29d069641675d98d8ea80bb027a86b9.jpg,416,416,K,145,264,174,302
217_jpg.rf.f29d069641675d98d8ea80bb027a86b9.jpg,416,416,1,180,268,209,304
1934_jpg.rf.f05dad9e59e40c2103c48010f77fa2f4.jpg,416,416,1,174,286,219,308
1934_jpg.rf.f05dad9e59e40c2103c48010f77fa2f4.jpg,416,416,2,173,264,218,287
1934_jpg.rf.f05dad9e59e40c2103c48010f77fa2f4.jpg,416,416,3,172,244,220,265
1934_jpg.rf.f05dad9e59e40c2103c48010f77fa2f4.jpg,416,416,4,172,223,219,244
1934_jpg.rf.f05dad9e59e40c2103c48010f77fa2f4.jpg,416,416,5,172,201,219,221
1934_jpg.rf.f05dad9e59e40c2103c48010f77fa2f4.jpg,416,416,6,171,180,220,199
1934_jpg.rf.f05dad9e59e40c2103c48010f77fa2f4.jpg,416,416,7,170,157,219,176
1659_jpg.rf.f2684dbdde9e1a8f945d3cda3ef0fda5.jpg,416,416,4,213,107,250,164
1659_jpg.rf.f2684dbdde9e1a8f945d3cda3ef0fda5.jpg,416,416,5,244,104,283,161
1659_jpg.rf.f2684dbdde9e1a8f945d3cda3ef0fda5.jpg,416,416,2,212,159,248,210
1659_jpg.rf.f2684dbdde9e1a8f945d3cda3ef0fda5.jpg,416,416,3,245,158,281,207
1659_jpg.rf.f2684dbdde9e1a8f945d3cda3ef0fda5.jpg,416,416,B,213,208,248,253
917_jpg.rf.f3c8a420d81fdad7c11a9372cbc3d382.jpg,416,416,2,237,144,253,173
917_jpg.rf.f3c8a420d81fdad7c11a9372cbc3d382.jpg,416,416,B,238,173,254,201
917_jpg.rf.f3c8a420d81fdad7c11a9372cbc3d382.jpg,416,416,3,261,141,278,169
917_jpg.rf.f3c8a420d81fdad7c11a9372cbc3d382.jpg,416,416,1,261,170,277,198
917_jpg.rf.f3c8a420d81fdad7c11a9372cbc3d382.jpg,416,416,G,277,168,291,195
917_jpg.rf.f3c8a420d81fdad7c11a9372cbc3d382.jpg,416,416,5,236,116,253,145
350_jpg.rf.f1f555a564753541c22e685116d39b8d.jpg,416,416,7,213,389,234,410
1391_jpg.rf.f19d184e01571a8f6a8cb54e1e217947.jpg,416,416,5,155,56,185,98
1391_jpg.rf.f19d184e01571a8f6a8cb54e1e217947.jpg,416,416,3,155,110,184,149
1391_jpg.rf.f19d184e01571a8f6a8cb54e1e217947.jpg,416,416,2,154,162,183,200
1391_jpg.rf.f19d184e01571a8f6a8cb54e1e217947.jpg,416,416,M,153,211,182,249
1391_jpg.rf.f19d184e01571a8f6a8cb54e1e217947.jpg,416,416,G,154,263,182,297
1391_jpg.rf.f19d184e01571a8f6a8cb54e1e217947.jpg,416,416,10,207,55,242,99
1391_jpg.rf.f19d184e01571a8f6a8cb54e1e217947.jpg,416,416,9,208,112,237,152
1391_jpg.rf.f19d184e01571a8f6a8cb54e1e217947.jpg,416,416,8,208,164,237,202
1391_jpg.rf.f19d184e01571a8f6a8cb54e1e217947.jpg,416,416,7,206,215,235,250
1391_jpg.rf.f19d184e01571a8f6a8cb54e1e217947.jpg,416,416,6,205,262,233,298
636_jpg.rf.f11c6cb976d62b6bda31ecc1c14e8b1f.jpg,416,416,21,153,27,186,87
636_jpg.rf.f11c6cb976d62b6bda31ecc1c14e8b1f.jpg,416,416,19,153,108,187,168
636_jpg.rf.f11c6cb976d62b6bda31ecc1c14e8b1f.jpg,416,416,17,155,185,186,242
636_jpg.rf.f11c6cb976d62b6bda31ecc1c14e8b1f.jpg,416,416,22,265,35,300,96
636_jpg.rf.f11c6cb976d62b6bda31ecc1c14e8b1f.jpg,416,416,20,262,116,296,176
636_jpg.rf.f11c6cb976d62b6bda31ecc1c14e8b1f.jpg,416,416,18,259,193,293,250
636_jpg.rf.f11c6cb976d62b6bda31ecc1c14e8b1f.jpg,416,416,G,256,264,289,318
1958_jpg.rf.f1df91dbbd134c42425a8cf48db3b96a.jpg,416,416,G,159,281,175,293
1958_jpg.rf.f1df91dbbd134c42425a8cf48db3b96a.jpg,416,416,9,158,266,174,277
1958_jpg.rf.f1df91dbbd134c42425a8cf48db3b96a.jpg,416,416,10,159,249,175,261
1958_jpg.rf.f1df91dbbd134c42425a8cf48db3b96a.jpg,416,416,15,189,248,205,260
1958_jpg.rf.f1df91dbbd134c42425a8cf48db3b96a.jpg,416,416,11,158,233,174,245
1958_jpg.rf.f1df91dbbd134c42425a8cf48db3b96a.jpg,416,416,16,189,233,205,244
1958_jpg.rf.f1df91dbbd134c42425a8cf48db3b96a.jpg,416,416,12,159,217,175,228
1958_jpg.rf.f1df91dbbd134c42425a8cf48db3b96a.jpg,416,416,17,189,216,205,227
1958_jpg.rf.f1df91dbbd134c42425a8cf48db3b96a.jpg,416,416,13,159,200,175,211
1958_jpg.rf.f1df91dbbd134c42425a8cf48db3b96a.jpg,416,416,18,189,200,205,211
1958_jpg.rf.f1df91dbbd134c42425a8cf48db3b96a.jpg,416,416,14,159,183,175,195
1958_jpg.rf.f1df91dbbd134c42425a8cf48db3b96a.jpg,416,416,19,190,183,206,195
1958_jpg.rf.f1df91dbbd134c42425a8cf48db3b96a.jpg,416,416,20,190,166,206,178
1990_jpg.rf.f173cfc47242f0dedf190c8a8613f9a4.jpg,416,416,1,141,205,183,273
593_jpg.rf.f521a458fa6777f28795c1f52c91e51d.jpg,416,416,8,141,117,192,129
593_jpg.rf.f521a458fa6777f28795c1f52c91e51d.jpg,416,416,7,141,130,192,142
593_jpg.rf.f521a458fa6777f28795c1f52c91e51d.jpg,416,416,6,141,143,192,156
593_jpg.rf.f521a458fa6777f28795c1f52c91e51d.jpg,416,416,5,142,156,192,169
593_jpg.rf.f521a458fa6777f28795c1f52c91e51d.jpg,416,416,3,141,169,192,182
593_jpg.rf.f521a458fa6777f28795c1f52c91e51d.jpg,416,416,2,141,183,191,196
593_jpg.rf.f521a458fa6777f28795c1f52c91e51d.jpg,416,416,P,141,226,191,239
246_jpg.rf.f2d965f7e59f3c822d7f235b0ccaa434.jpg,416,416,10,175,153,193,167
246_jpg.rf.f2d965f7e59f3c822d7f235b0ccaa434.jpg,416,416,11,236,156,254,169
246_jpg.rf.f2d965f7e59f3c822d7f235b0ccaa434.jpg,416,416,8,174,169,193,183
246_jpg.rf.f2d965f7e59f3c822d7f235b0ccaa434.jpg,416,416,9,236,172,254,185
246_jpg.rf.f2d965f7e59f3c822d7f235b0ccaa434.jpg,416,416,6,174,186,193,199
246_jpg.rf.f2d965f7e59f3c822d7f235b0ccaa434.jpg,416,416,7,236,188,254,201
246_jpg.rf.f2d965f7e59f3c822d7f235b0ccaa434.jpg,416,416,4,172,203,193,216
246_jpg.rf.f2d965f7e59f3c822d7f235b0ccaa434.jpg,416,416,5,236,204,254,217
246_jpg.rf.f2d965f7e59f3c822d7f235b0ccaa434.jpg,416,416,2,173,219,192,233
246_jpg.rf.f2d965f7e59f3c822d7f235b0ccaa434.jpg,416,416,G,172,236,191,250
246_jpg.rf.f2d965f7e59f3c822d7f235b0ccaa434.jpg,416,416,1,235,236,253,249
246_jpg.rf.f2d965f7e59f3c822d7f235b0ccaa434.jpg,416,416,U,172,286,192,300
246_jpg.rf.f2d965f7e59f3c822d7f235b0ccaa434.jpg,416,416,D,234,284,252,297
609_jpg.rf.f6284f0344708555b6c194566c5588d6.jpg,416,416,1,118,34,245,183
1677_jpg.rf.f6a84e9b284a50a07d6b97909a15215e.jpg,416,416,5,205,234,220,263
1677_jpg.rf.f6a84e9b284a50a07d6b97909a15215e.jpg,416,416,6,225,231,240,260
1677_jpg.rf.f6a84e9b284a50a07d6b97909a15215e.jpg,416,416,7,244,229,258,257
1677_jpg.rf.f6a84e9b284a50a07d6b97909a15215e.jpg,416,416,8,263,227,277,255
1677_jpg.rf.f6a84e9b284a50a07d6b97909a15215e.jpg,416,416,1,205,267,220,295
1677_jpg.rf.f6a84e9b284a50a07d6b97909a15215e.jpg,416,416,2,225,264,240,292
1677_jpg.rf.f6a84e9b284a50a07d6b97909a15215e.jpg,416,416,3,244,262,258,289
1677_jpg.rf.f6a84e9b284a50a07d6b97909a15215e.jpg,416,416,4,262,258,277,286
013_JPG.rf.f8af089744d0ceb7a5be4bd5d8207b22.jpg,416,416,5,85,81,140,124
013_JPG.rf.f8af089744d0ceb7a5be4bd5d8207b22.jpg,416,416,18,282,82,338,126
013_JPG.rf.f8af089744d0ceb7a5be4bd5d8207b22.jpg,416,416,3,86,138,141,181
013_JPG.rf.f8af089744d0ceb7a5be4bd5d8207b22.jpg,416,416,10,182,139,237,182
013_JPG.rf.f8af089744d0ceb7a5be4bd5d8207b22.jpg,416,416,17,276,140,332,183
013_JPG.rf.f8af089744d0ceb7a5be4bd5d8207b22.jpg,416,416,2,89,193,143,232
013_JPG.rf.f8af089744d0ceb7a5be4bd5d8207b22.jpg,416,416,9,181,195,234,234
013_JPG.rf.f8af089744d0ceb7a5be4bd5d8207b22.jpg,416,416,16,275,197,328,236
013_JPG.rf.f8af089744d0ceb7a5be4bd5d8207b22.jpg,416,416,M,88,245,142,284
013_JPG.rf.f8af089744d0ceb7a5be4bd5d8207b22.jpg,416,416,8,178,246,232,285
013_JPG.rf.f8af089744d0ceb7a5be4bd5d8207b22.jpg,416,416,15,272,249,326,288
013_JPG.rf.f8af089744d0ceb7a5be4bd5d8207b22.jpg,416,416,1,90,295,142,332
013_JPG.rf.f8af089744d0ceb7a5be4bd5d8207b22.jpg,416,416,7,180,298,232,335
013_JPG.rf.f8af089744d0ceb7a5be4bd5d8207b22.jpg,416,416,12,267,301,321,338
013_JPG.rf.f8af089744d0ceb7a5be4bd5d8207b22.jpg,416,416,B,93,342,142,377
013_JPG.rf.f8af089744d0ceb7a5be4bd5d8207b22.jpg,416,416,6,180,346,229,381
013_JPG.rf.f8af089744d0ceb7a5be4bd5d8207b22.jpg,416,416,11,268,350,317,385
1009_jpg.rf.f7b95d78d865c520326e0917ec6f50c1.jpg,416,416,40,146,124,159,146
1009_jpg.rf.f7b95d78d865c520326e0917ec6f50c1.jpg,416,416,37,147,155,159,175
1009_jpg.rf.f7b95d78d865c520326e0917ec6f50c1.jpg,416,416,34,148,186,160,206
1009_jpg.rf.f7b95d78d865c520326e0917ec6f50c1.jpg,416,416,40,181,153,193,175
1009_jpg.rf.f7b95d78d865c520326e0917ec6f50c1.jpg,416,416,35,181,182,194,205
1009_jpg.rf.f7b95d78d865c520326e0917ec6f50c1.jpg,416,416,32,182,210,195,233
1009_jpg.rf.f7b95d78d865c520326e0917ec6f50c1.jpg,416,416,39,214,151,225,172
1009_jpg.rf.f7b95d78d865c520326e0917ec6f50c1.jpg,416,416,36,214,180,225,201
1009_jpg.rf.f7b95d78d865c520326e0917ec6f50c1.jpg,416,416,33,214,208,226,229
1009_jpg.rf.f7b95d78d865c520326e0917ec6f50c1.jpg,416,416,30,214,236,226,256
1009_jpg.rf.f7b95d78d865c520326e0917ec6f50c1.jpg,416,416,27,215,263,226,283
1009_jpg.rf.f7b95d78d865c520326e0917ec6f50c1.jpg,416,416,24,215,290,226,310
1009_jpg.rf.f7b95d78d865c520326e0917ec6f50c1.jpg,416,416,8,215,316,227,336
1793_jpg.rf.f6f3ab8cecbf8a67c0118ef79d3b5659.jpg,416,416,1,221,165,237,193
1793_jpg.rf.f6f3ab8cecbf8a67c0118ef79d3b5659.jpg,416,416,2,239,164,255,192
1793_jpg.rf.f6f3ab8cecbf8a67c0118ef79d3b5659.jpg,416,416,3,259,163,275,192
1793_jpg.rf.f6f3ab8cecbf8a67c0118ef79d3b5659.jpg,416,416,4,279,164,296,193
1372_jpg.rf.fa295ec243af05c4c2ce69f4357208fa.jpg,416,416,6,196,303,241,325
1372_jpg.rf.fa295ec243af05c4c2ce69f4357208fa.jpg,416,416,5,196,326,241,348
1372_jpg.rf.fa295ec243af05c4c2ce69f4357208fa.jpg,416,416,4,196,348,241,371
1372_jpg.rf.fa295ec243af05c4c2ce69f4357208fa.jpg,416,416,3,125,303,170,326
1372_jpg.rf.fa295ec243af05c4c2ce69f4357208fa.jpg,416,416,2,125,326,170,349
1372_jpg.rf.fa295ec243af05c4c2ce69f4357208fa.jpg,416,416,1,125,349,170,371
1372_jpg.rf.fa295ec243af05c4c2ce69f4357208fa.jpg,416,416,B,125,371,170,393
1432_jpg.rf.f8b3037ee31646c36becd9425f9fff9c.jpg,416,416,s,125,147,168,181
1432_jpg.rf.f8b3037ee31646c36becd9425f9fff9c.jpg,416,416,G,166,141,230,176
75_jpg.rf.f95af4e40752ba201e29249e32ac24d0.jpg,416,416,16,241,29,261,69
75_jpg.rf.f95af4e40752ba201e29249e32ac24d0.jpg,416,416,15,222,29,241,69
75_jpg.rf.f95af4e40752ba201e29249e32ac24d0.jpg,416,416,14,200,27,220,68
75_jpg.rf.f95af4e40752ba201e29249e32ac24d0.jpg,416,416,12,200,80,221,121
75_jpg.rf.f95af4e40752ba201e29249e32ac24d0.jpg,416,416,11,222,79,241,120
75_jpg.rf.f95af4e40752ba201e29249e32ac24d0.jpg,416,416,10,242,78,260,119
75_jpg.rf.f95af4e40752ba201e29249e32ac24d0.jpg,416,416,9,242,129,261,164
75_jpg.rf.f95af4e40752ba201e29249e32ac24d0.jpg,416,416,8,222,130,241,167
75_jpg.rf.f95af4e40752ba201e29249e32ac24d0.jpg,416,416,7,201,131,221,169
75_jpg.rf.f95af4e40752ba201e29249e32ac24d0.jpg,416,416,6,201,178,222,219
75_jpg.rf.f95af4e40752ba201e29249e32ac24d0.jpg,416,416,5,221,175,241,214
75_jpg.rf.f95af4e40752ba201e29249e32ac24d0.jpg,416,416,4,242,175,262,213
75_jpg.rf.f95af4e40752ba201e29249e32ac24d0.jpg,416,416,3,242,221,263,257
75_jpg.rf.f95af4e40752ba201e29249e32ac24d0.jpg,416,416,2,223,223,242,260
1705_jpg.rf.f4bae9677e4cafbd16edf1e954505347.jpg,416,416,12,241,203,264,221
1705_jpg.rf.f4bae9677e4cafbd16edf1e954505347.jpg,416,416,L,199,182,223,200
1705_jpg.rf.f4bae9677e4cafbd16edf1e954505347.jpg,416,416,11,184,203,204,219
1705_jpg.rf.f4bae9677e4cafbd16edf1e954505347.jpg,416,416,10,222,225,243,240
1705_jpg.rf.f4bae9677e4cafbd16edf1e954505347.jpg,416,416,9,166,222,187,238
1705_jpg.rf.f4bae9677e4cafbd16edf1e954505347.jpg,416,416,8,204,244,226,260
1705_jpg.rf.f4bae9677e4cafbd16edf1e954505347.jpg,416,416,7,150,242,169,257
1705_jpg.rf.f4bae9677e4cafbd16edf1e954505347.jpg,416,416,6,186,263,207,279
1705_jpg.rf.f4bae9677e4cafbd16edf1e954505347.jpg,416,416,5,135,261,154,275
1705_jpg.rf.f4bae9677e4cafbd16edf1e954505347.jpg,416,416,4,170,281,190,297
1705_jpg.rf.f4bae9677e4cafbd16edf1e954505347.jpg,416,416,3,121,278,139,293
1705_jpg.rf.f4bae9677e4cafbd16edf1e954505347.jpg,416,416,2,153,299,174,315
1705_jpg.rf.f4bae9677e4cafbd16edf1e954505347.jpg,416,416,1,104,295,122,310
1171_jpg.rf.f8fb9101b7c5b9aac0ef8d00766b821f.jpg,416,416,B,227,265,237,285
1171_jpg.rf.f8fb9101b7c5b9aac0ef8d00766b821f.jpg,416,416,1,227,221,237,240
1171_jpg.rf.f8fb9101b7c5b9aac0ef8d00766b821f.jpg,416,416,2,226,200,236,218
1171_jpg.rf.f8fb9101b7c5b9aac0ef8d00766b821f.jpg,416,416,3,226,178,236,196
1171_jpg.rf.f8fb9101b7c5b9aac0ef8d00766b821f.jpg,416,416,4,225,155,235,173
1171_jpg.rf.f8fb9101b7c5b9aac0ef8d00766b821f.jpg,416,416,5,225,133,234,152
1171_jpg.rf.f8fb9101b7c5b9aac0ef8d00766b821f.jpg,416,416,6,224,112,235,130
1171_jpg.rf.f8fb9101b7c5b9aac0ef8d00766b821f.jpg,416,416,7,248,265,258,284
1171_jpg.rf.f8fb9101b7c5b9aac0ef8d00766b821f.jpg,416,416,8,248,243,257,260
1171_jpg.rf.f8fb9101b7c5b9aac0ef8d00766b821f.jpg,416,416,9,247,220,257,238
1171_jpg.rf.f8fb9101b7c5b9aac0ef8d00766b821f.jpg,416,416,10,247,198,257,216
1171_jpg.rf.f8fb9101b7c5b9aac0ef8d00766b821f.jpg,416,416,11,247,176,257,194
1171_jpg.rf.f8fb9101b7c5b9aac0ef8d00766b821f.jpg,416,416,12,246,155,256,172
1171_jpg.rf.f8fb9101b7c5b9aac0ef8d00766b821f.jpg,416,416,13,246,133,255,149
1171_jpg.rf.f8fb9101b7c5b9aac0ef8d00766b821f.jpg,416,416,14,245,110,256,128
1892_jpg.rf.fa32797e884282ae0c2891b51fb7b1ec.jpg,416,416,7,20,78,55,144
1892_jpg.rf.fa32797e884282ae0c2891b51fb7b1ec.jpg,416,416,4,30,161,60,226
1892_jpg.rf.fa32797e884282ae0c2891b51fb7b1ec.jpg,416,416,1,39,236,70,295
1892_jpg.rf.fa32797e884282ae0c2891b51fb7b1ec.jpg,416,416,11,97,2,140,79
1892_jpg.rf.fa32797e884282ae0c2891b51fb7b1ec.jpg,416,416,8,101,110,142,187
1892_jpg.rf.fa32797e884282ae0c2891b51fb7b1ec.jpg,416,416,5,106,207,144,275
1892_jpg.rf.fa32797e884282ae0c2891b51fb7b1ec.jpg,416,416,2,112,289,147,351
1892_jpg.rf.fa32797e884282ae0c2891b51fb7b1ec.jpg,416,416,G,116,358,151,414
1892_jpg.rf.fa32797e884282ae0c2891b51fb7b1ec.jpg,416,416,12,222,25,284,124
1892_jpg.rf.fa32797e884282ae0c2891b51fb7b1ec.jpg,416,416,9,216,159,272,247
1892_jpg.rf.fa32797e884282ae0c2891b51fb7b1ec.jpg,416,416,3,209,355,254,415
225_jpg.rf.f8fd2aec3519fa7c2bcc462b3a3115e5.jpg,416,416,5,190,49,241,118
225_jpg.rf.f8fd2aec3519fa7c2bcc462b3a3115e5.jpg,416,416,3,191,119,240,182
225_jpg.rf.f8fd2aec3519fa7c2bcc462b3a3115e5.jpg,416,416,2,191,182,240,232
225_jpg.rf.f8fd2aec3519fa7c2bcc462b3a3115e5.jpg,416,416,1,194,232,238,274
225_jpg.rf.f8fd2aec3519fa7c2bcc462b3a3115e5.jpg,416,416,G,196,275,236,313
1239_jpg.rf.f86348b78b89886412bd881124d72633.jpg,416,416,23,200,85,212,109
1239_jpg.rf.f86348b78b89886412bd881124d72633.jpg,416,416,22,200,109,212,132
1239_jpg.rf.f86348b78b89886412bd881124d72633.jpg,416,416,12,185,85,197,108
1239_jpg.rf.f86348b78b89886412bd881124d72633.jpg,416,416,11,185,111,197,132
1239_jpg.rf.f86348b78b89886412bd881124d72633.jpg,416,416,10,186,135,198,157
1239_jpg.rf.f86348b78b89886412bd881124d72633.jpg,416,416,9,186,157,198,179
1239_jpg.rf.f86348b78b89886412bd881124d72633.jpg,416,416,8,187,181,198,204
1239_jpg.rf.f86348b78b89886412bd881124d72633.jpg,416,416,6,187,204,199,227
1239_jpg.rf.f86348b78b89886412bd881124d72633.jpg,416,416,4,188,227,200,249
1239_jpg.rf.f86348b78b89886412bd881124d72633.jpg,416,416,3,188,250,200,272
1239_jpg.rf.f86348b78b89886412bd881124d72633.jpg,416,416,2,189,273,200,295
1239_jpg.rf.f86348b78b89886412bd881124d72633.jpg,416,416,1,190,295,202,318
1239_jpg.rf.f86348b78b89886412bd881124d72633.jpg,416,416,22,201,132,213,156
1239_jpg.rf.f86348b78b89886412bd881124d72633.jpg,416,416,21,201,156,213,179
1239_jpg.rf.f86348b78b89886412bd881124d72633.jpg,416,416,19,202,179,213,202
1239_jpg.rf.f86348b78b89886412bd881124d72633.jpg,416,416,18,202,202,214,225
1239_jpg.rf.f86348b78b89886412bd881124d72633.jpg,416,416,17,203,226,214,248
1239_jpg.rf.f86348b78b89886412bd881124d72633.jpg,416,416,16,204,248,215,270
1239_jpg.rf.f86348b78b89886412bd881124d72633.jpg,416,416,15,205,270,216,292
1239_jpg.rf.f86348b78b89886412bd881124d72633.jpg,416,416,14,205,292,216,314
667_jpg.rf.f97201501f57335bfe5e6b1fcb7e05f0.jpg,416,416,2,104,72,148,148
667_jpg.rf.f97201501f57335bfe5e6b1fcb7e05f0.jpg,416,416,2,152,70,204,165
667_jpg.rf.f97201501f57335bfe5e6b1fcb7e05f0.jpg,416,416,3,214,80,261,161
667_jpg.rf.f97201501f57335bfe5e6b1fcb7e05f0.jpg,416,416,3,264,81,321,178
667_jpg.rf.f97201501f57335bfe5e6b1fcb7e05f0.jpg,416,416,B,107,197,150,273
667_jpg.rf.f97201501f57335bfe5e6b1fcb7e05f0.jpg,416,416,1,260,212,314,298
667_jpg.rf.f97201501f57335bfe5e6b1fcb7e05f0.jpg,416,416,3,12,34,34,72
667_jpg.rf.f97201501f57335bfe5e6b1fcb7e05f0.jpg,416,416,6,15,82,36,118
667_jpg.rf.f97201501f57335bfe5e6b1fcb7e05f0.jpg,416,416,9,18,129,38,162
346_jpg.rf.fa4601aef4f220fda0be3e1291a2e404.jpg,416,416,2,120,192,192,274
346_jpg.rf.fa4601aef4f220fda0be3e1291a2e404.jpg,416,416,5,244,193,318,274
346_jpg.rf.fa4601aef4f220fda0be3e1291a2e404.jpg,416,416,1,125,271,193,337
346_jpg.rf.fa4601aef4f220fda0be3e1291a2e404.jpg,416,416,4,246,271,314,343
346_jpg.rf.fa4601aef4f220fda0be3e1291a2e404.jpg,416,416,0,127,335,191,405
346_jpg.rf.fa4601aef4f220fda0be3e1291a2e404.jpg,416,416,3,246,338,310,414
1025_jpg.rf.f8eb4539a9c1f203c61abe02d88a6822.jpg,416,416,3,137,44,196,123
1025_jpg.rf.f8eb4539a9c1f203c61abe02d88a6822.jpg,416,416,2,138,128,199,207
1025_jpg.rf.f8eb4539a9c1f203c61abe02d88a6822.jpg,416,416,6,218,128,275,207
1025_jpg.rf.f8eb4539a9c1f203c61abe02d88a6822.jpg,416,416,1,141,215,201,290
1025_jpg.rf.f8eb4539a9c1f203c61abe02d88a6822.jpg,416,416,5,218,212,277,288
1025_jpg.rf.f8eb4539a9c1f203c61abe02d88a6822.jpg,416,416,B,144,295,202,369
1750_jpg.rf.f8a3535d673a61af687525f3e91500dc.jpg,416,416,3,205,268,224,279
1750_jpg.rf.f8a3535d673a61af687525f3e91500dc.jpg,416,416,2,205,281,224,292
1750_jpg.rf.f8a3535d673a61af687525f3e91500dc.jpg,416,416,M,206,293,225,304
1750_jpg.rf.f8a3535d673a61af687525f3e91500dc.jpg,416,416,1,206,306,225,317
1984_jpg.rf.f597debf9cd3b715484d899fc572a4af.jpg,416,416,11,235,295,259,317
1984_jpg.rf.f597debf9cd3b715484d899fc572a4af.jpg,416,416,14,236,273,260,296
1984_jpg.rf.f597debf9cd3b715484d899fc572a4af.jpg,416,416,15,236,251,260,274
1984_jpg.rf.f597debf9cd3b715484d899fc572a4af.jpg,416,416,18,235,230,260,253
1984_jpg.rf.f597debf9cd3b715484d899fc572a4af.jpg,416,416,19,213,218,238,242
1984_jpg.rf.f597debf9cd3b715484d899fc572a4af.jpg,416,416,21,213,196,238,221
1984_jpg.rf.f597debf9cd3b715484d899fc572a4af.jpg,416,416,22,236,186,260,208
1984_jpg.rf.f597debf9cd3b715484d899fc572a4af.jpg,416,416,23,213,174,237,198
1984_jpg.rf.f597debf9cd3b715484d899fc572a4af.jpg,416,416,24,237,163,261,187
1984_jpg.rf.f597debf9cd3b715484d899fc572a4af.jpg,416,416,25,213,152,238,175
1984_jpg.rf.f597debf9cd3b715484d899fc572a4af.jpg,416,416,26,237,141,261,164
1984_jpg.rf.f597debf9cd3b715484d899fc572a4af.jpg,416,416,27,214,129,238,152
1984_jpg.rf.f597debf9cd3b715484d899fc572a4af.jpg,416,416,29,213,106,239,130
1984_jpg.rf.f597debf9cd3b715484d899fc572a4af.jpg,416,416,28,237,117,261,141
1984_jpg.rf.f597debf9cd3b715484d899fc572a4af.jpg,416,416,30,237,94,262,118
1984_jpg.rf.f597debf9cd3b715484d899fc572a4af.jpg,416,416,31,214,82,239,107
1984_jpg.rf.f597debf9cd3b715484d899fc572a4af.jpg,416,416,32,238,71,262,95
1984_jpg.rf.f597debf9cd3b715484d899fc572a4af.jpg,416,416,33,214,58,239,83
1984_jpg.rf.f597debf9cd3b715484d899fc572a4af.jpg,416,416,34,238,47,262,72
1984_jpg.rf.f597debf9cd3b715484d899fc572a4af.jpg,416,416,35,215,34,241,59
672_jpg.rf.f15f7dd0b3d2201f0f4258d02e8d3846.jpg,416,416,2,204,162,226,191
672_jpg.rf.f15f7dd0b3d2201f0f4258d02e8d3846.jpg,416,416,1,204,201,225,230
542_jpg.rf.f7b666aa90fb1ee77fd7ea113dc11325.jpg,416,416,34,201,305,212,322
542_jpg.rf.f7b666aa90fb1ee77fd7ea113dc11325.jpg,416,416,29,186,324,197,341
542_jpg.rf.f7b666aa90fb1ee77fd7ea113dc11325.jpg,416,416,33,201,324,212,340
542_jpg.rf.f7b666aa90fb1ee77fd7ea113dc11325.jpg,416,416,28,187,344,197,361
542_jpg.rf.f7b666aa90fb1ee77fd7ea113dc11325.jpg,416,416,32,202,344,212,361
542_jpg.rf.f7b666aa90fb1ee77fd7ea113dc11325.jpg,416,416,27,187,363,197,381
542_jpg.rf.f7b666aa90fb1ee77fd7ea113dc11325.jpg,416,416,31,202,364,212,381
542_jpg.rf.f7b666aa90fb1ee77fd7ea113dc11325.jpg,416,416,12,187,384,197,401
542_jpg.rf.f7b666aa90fb1ee77fd7ea113dc11325.jpg,416,416,30,202,383,212,400
61_jpg.rf.fab1f5c457bdd51465fa53a15d127fca.jpg,416,416,2,193,0,252,71
61_jpg.rf.fab1f5c457bdd51465fa53a15d127fca.jpg,416,416,1,298,60,346,124
61_jpg.rf.fab1f5c457bdd51465fa53a15d127fca.jpg,416,416,0,196,84,253,157
538_jpg.rf.fa6e3f5c83d40e6c305c6f3297756926.jpg,416,416,5,113,99,143,139
538_jpg.rf.fa6e3f5c83d40e6c305c6f3297756926.jpg,416,416,10,159,101,189,141
538_jpg.rf.fa6e3f5c83d40e6c305c6f3297756926.jpg,416,416,16,203,104,234,144
538_jpg.rf.fa6e3f5c83d40e6c305c6f3297756926.jpg,416,416,21,247,106,279,145
538_jpg.rf.fa6e3f5c83d40e6c305c6f3297756926.jpg,416,416,27,291,106,323,145
538_jpg.rf.fa6e3f5c83d40e6c305c6f3297756926.jpg,416,416,3,118,158,147,195
538_jpg.rf.fa6e3f5c83d40e6c305c6f3297756926.jpg,416,416,9,162,161,189,194
538_jpg.rf.fa6e3f5c83d40e6c305c6f3297756926.jpg,416,416,15,203,162,231,197
538_jpg.rf.fa6e3f5c83d40e6c305c6f3297756926.jpg,416,416,20,244,163,273,198
538_jpg.rf.fa6e3f5c83d40e6c305c6f3297756926.jpg,416,416,26,284,164,315,199
538_jpg.rf.fa6e3f5c83d40e6c305c6f3297756926.jpg,416,416,2,123,211,149,242
538_jpg.rf.fa6e3f5c83d40e6c305c6f3297756926.jpg,416,416,8,163,212,189,243
538_jpg.rf.fa6e3f5c83d40e6c305c6f3297756926.jpg,416,416,13,202,212,228,244
538_jpg.rf.fa6e3f5c83d40e6c305c6f3297756926.jpg,416,416,19,241,213,267,244
538_jpg.rf.fa6e3f5c83d40e6c305c6f3297756926.jpg,416,416,25,281,215,307,246
538_jpg.rf.fa6e3f5c83d40e6c305c6f3297756926.jpg,416,416,1,125,257,151,287
538_jpg.rf.fa6e3f5c83d40e6c305c6f3297756926.jpg,416,416,7,165,258,188,286
538_jpg.rf.fa6e3f5c83d40e6c305c6f3297756926.jpg,416,416,12,202,258,227,287
538_jpg.rf.fa6e3f5c83d40e6c305c6f3297756926.jpg,416,416,18,239,259,263,288
538_jpg.rf.fa6e3f5c83d40e6c305c6f3297756926.jpg,416,416,23,276,259,301,288
538_jpg.rf.fa6e3f5c83d40e6c305c6f3297756926.jpg,416,416,29,314,262,338,291
538_jpg.rf.fa6e3f5c83d40e6c305c6f3297756926.jpg,416,416,G,128,300,153,325
538_jpg.rf.fa6e3f5c83d40e6c305c6f3297756926.jpg,416,416,6,165,299,189,325
538_jpg.rf.fa6e3f5c83d40e6c305c6f3297756926.jpg,416,416,11,200,300,224,326
538_jpg.rf.fa6e3f5c83d40e6c305c6f3297756926.jpg,416,416,17,237,301,260,327
538_jpg.rf.fa6e3f5c83d40e6c305c6f3297756926.jpg,416,416,22,271,302,295,326
538_jpg.rf.fa6e3f5c83d40e6c305c6f3297756926.jpg,416,416,28,307,303,330,327
538_jpg.rf.fa6e3f5c83d40e6c305c6f3297756926.jpg,416,416,P,88,210,117,243
538_jpg.rf.fa6e3f5c83d40e6c305c6f3297756926.jpg,416,416,P,93,257,121,286
174_jpg.rf.fb188abff254590d3c0c7a9730f8d8a2.jpg,416,416,G,224,49,252,87
174_jpg.rf.fb188abff254590d3c0c7a9730f8d8a2.jpg,416,416,A,226,95,254,137
174_jpg.rf.fb188abff254590d3c0c7a9730f8d8a2.jpg,416,416,B,227,142,254,179
174_jpg.rf.fb188abff254590d3c0c7a9730f8d8a2.jpg,416,416,C,228,184,256,221
174_jpg.rf.fb188abff254590d3c0c7a9730f8d8a2.jpg,416,416,D,228,225,254,260
1508_jpg.rf.fab1ec37fa50e681f3105b82cdb1cd88.jpg,416,416,6,213,36,234,74
1508_jpg.rf.fab1ec37fa50e681f3105b82cdb1cd88.jpg,416,416,5,215,80,235,117
1508_jpg.rf.fab1ec37fa50e681f3105b82cdb1cd88.jpg,416,416,4,217,124,236,159
1508_jpg.rf.fab1ec37fa50e681f3105b82cdb1cd88.jpg,416,416,3,218,164,238,199
1508_jpg.rf.fab1ec37fa50e681f3105b82cdb1cd88.jpg,416,416,2,220,203,238,237
1508_jpg.rf.fab1ec37fa50e681f3105b82cdb1cd88.jpg,416,416,G,222,241,240,274
1508_jpg.rf.fab1ec37fa50e681f3105b82cdb1cd88.jpg,416,416,B,223,277,240,309
367_jpg.rf.fac51f0135a67253f8debba624263e1e.jpg,416,416,2,175,144,239,196
367_jpg.rf.fac51f0135a67253f8debba624263e1e.jpg,416,416,1,184,239,241,284
367_jpg.rf.fac51f0135a67253f8debba624263e1e.jpg,416,416,G,188,312,240,351
548_jpg.rf.fb34198f205bd5cc83d06a65ea4ff8e5.jpg,416,416,19,190,310,204,335
548_jpg.rf.fb34198f205bd5cc83d06a65ea4ff8e5.jpg,416,416,20,218,312,231,336
548_jpg.rf.fb34198f205bd5cc83d06a65ea4ff8e5.jpg,416,416,16,190,344,204,369
548_jpg.rf.fb34198f205bd5cc83d06a65ea4ff8e5.jpg,416,416,17,218,344,232,369
548_jpg.rf.fb34198f205bd5cc83d06a65ea4ff8e5.jpg,416,416,18,246,344,260,370
548_jpg.rf.fb34198f205bd5cc83d06a65ea4ff8e5.jpg,416,416,12,190,378,203,403
548_jpg.rf.fb34198f205bd5cc83d06a65ea4ff8e5.jpg,416,416,14,218,378,232,405
548_jpg.rf.fb34198f205bd5cc83d06a65ea4ff8e5.jpg,416,416,15,246,379,260,405
158_jpg.rf.fbde26283d36dab6a47f63f1f9aa3de4.jpg,416,416,16,237,83,258,124
158_jpg.rf.fbde26283d36dab6a47f63f1f9aa3de4.jpg,416,416,18,335,77,351,113
158_jpg.rf.fbde26283d36dab6a47f63f1f9aa3de4.jpg,416,416,17,288,80,308,120
158_jpg.rf.fbde26283d36dab6a47f63f1f9aa3de4.jpg,416,416,15,332,129,349,164
158_jpg.rf.fbde26283d36dab6a47f63f1f9aa3de4.jpg,416,416,14,287,133,307,170
158_jpg.rf.fbde26283d36dab6a47f63f1f9aa3de4.jpg,416,416,12,236,138,257,178
158_jpg.rf.fbde26283d36dab6a47f63f1f9aa3de4.jpg,416,416,11,330,176,347,211
158_jpg.rf.fbde26283d36dab6a47f63f1f9aa3de4.jpg,416,416,10,285,184,304,221
158_jpg.rf.fbde26283d36dab6a47f63f1f9aa3de4.jpg,416,416,9,236,191,256,228
158_jpg.rf.fbde26283d36dab6a47f63f1f9aa3de4.jpg,416,416,8,328,222,346,257
158_jpg.rf.fbde26283d36dab6a47f63f1f9aa3de4.jpg,416,416,7,283,232,301,271
158_jpg.rf.fbde26283d36dab6a47f63f1f9aa3de4.jpg,416,416,6,235,243,254,279
158_jpg.rf.fbde26283d36dab6a47f63f1f9aa3de4.jpg,416,416,5,326,267,343,306
158_jpg.rf.fbde26283d36dab6a47f63f1f9aa3de4.jpg,416,416,4,281,280,301,318
158_jpg.rf.fbde26283d36dab6a47f63f1f9aa3de4.jpg,416,416,3,233,293,254,331
158_jpg.rf.fbde26283d36dab6a47f63f1f9aa3de4.jpg,416,416,2,323,324,341,362
1831_jpg.rf.ffe9771045a161c838d478582081aaa4.jpg,416,416,0,120,54,187,181
1831_jpg.rf.ffe9771045a161c838d478582081aaa4.jpg,416,416,1,212,76,282,206
991_jpg.rf.fbfb11276816c0ec80181db9ba5ed49d.jpg,416,416,17,153,191,173,205
991_jpg.rf.fbfb11276816c0ec80181db9ba5ed49d.jpg,416,416,39,177,191,196,205
991_jpg.rf.fbfb11276816c0ec80181db9ba5ed49d.jpg,416,416,15,155,206,173,220
991_jpg.rf.fbfb11276816c0ec80181db9ba5ed49d.jpg,416,416,13,155,220,173,234
991_jpg.rf.fbfb11276816c0ec80181db9ba5ed49d.jpg,416,416,11,155,234,174,248
991_jpg.rf.fbfb11276816c0ec80181db9ba5ed49d.jpg,416,416,9,156,247,175,262
991_jpg.rf.fbfb11276816c0ec80181db9ba5ed49d.jpg,416,416,7,156,261,175,276
991_jpg.rf.fbfb11276816c0ec80181db9ba5ed49d.jpg,416,416,5,156,276,175,290
991_jpg.rf.fbfb11276816c0ec80181db9ba5ed49d.jpg,416,416,3,156,289,175,304
991_jpg.rf.fbfb11276816c0ec80181db9ba5ed49d.jpg,416,416,1,157,303,176,317
991_jpg.rf.fbfb11276816c0ec80181db9ba5ed49d.jpg,416,416,G,157,317,176,331
991_jpg.rf.fbfb11276816c0ec80181db9ba5ed49d.jpg,416,416,37,177,205,196,219
991_jpg.rf.fbfb11276816c0ec80181db9ba5ed49d.jpg,416,416,35,177,218,196,233
991_jpg.rf.fbfb11276816c0ec80181db9ba5ed49d.jpg,416,416,33,178,232,197,247
991_jpg.rf.fbfb11276816c0ec80181db9ba5ed49d.jpg,416,416,31,178,247,197,261
991_jpg.rf.fbfb11276816c0ec80181db9ba5ed49d.jpg,416,416,29,179,260,197,274
991_jpg.rf.fbfb11276816c0ec80181db9ba5ed49d.jpg,416,416,27,179,274,197,288
991_jpg.rf.fbfb11276816c0ec80181db9ba5ed49d.jpg,416,416,25,179,288,197,302
991_jpg.rf.fbfb11276816c0ec80181db9ba5ed49d.jpg,416,416,23,179,301,197,315
991_jpg.rf.fbfb11276816c0ec80181db9ba5ed49d.jpg,416,416,21,179,314,197,328
991_jpg.rf.fbfb11276816c0ec80181db9ba5ed49d.jpg,416,416,19,179,328,197,342
844_jpg.rf.feff37095b78d44f5b5e5ad1a1a1b2c6.jpg,416,416,10,212,241,228,253
844_jpg.rf.feff37095b78d44f5b5e5ad1a1a1b2c6.jpg,416,416,9,210,260,228,273
844_jpg.rf.feff37095b78d44f5b5e5ad1a1a1b2c6.jpg,416,416,5,165,238,180,250
844_jpg.rf.feff37095b78d44f5b5e5ad1a1a1b2c6.jpg,416,416,4,164,257,180,269
844_jpg.rf.feff37095b78d44f5b5e5ad1a1a1b2c6.jpg,416,416,3,164,276,178,288
844_jpg.rf.feff37095b78d44f5b5e5ad1a1a1b2c6.jpg,416,416,2,163,294,178,306
844_jpg.rf.feff37095b78d44f5b5e5ad1a1a1b2c6.jpg,416,416,1,162,314,177,325
844_jpg.rf.feff37095b78d44f5b5e5ad1a1a1b2c6.jpg,416,416,G,161,331,176,344
844_jpg.rf.feff37095b78d44f5b5e5ad1a1a1b2c6.jpg,416,416,8,210,279,226,291
844_jpg.rf.feff37095b78d44f5b5e5ad1a1a1b2c6.jpg,416,416,7,209,299,224,310
844_jpg.rf.feff37095b78d44f5b5e5ad1a1a1b2c6.jpg,416,416,6,208,317,224,329
1619_jpg.rf.fe4b08c1138f79bfbf0bda6c735d9d9f.jpg,416,416,4,172,168,216,200
1619_jpg.rf.fe4b08c1138f79bfbf0bda6c735d9d9f.jpg,416,416,3,172,202,215,235
1619_jpg.rf.fe4b08c1138f79bfbf0bda6c735d9d9f.jpg,416,416,2,172,236,214,267
1619_jpg.rf.fe4b08c1138f79bfbf0bda6c735d9d9f.jpg,416,416,1,173,266,215,297
1619_jpg.rf.fe4b08c1138f79bfbf0bda6c735d9d9f.jpg,416,416,G,173,297,213,328
969_jpg.rf.fc0938df3e72826f67657dc475f02d9f.jpg,416,416,11,157,11,190,44
969_jpg.rf.fc0938df3e72826f67657dc475f02d9f.jpg,416,416,9,158,59,190,91
969_jpg.rf.fc0938df3e72826f67657dc475f02d9f.jpg,416,416,7,160,105,192,135
969_jpg.rf.fc0938df3e72826f67657dc475f02d9f.jpg,416,416,5,161,149,191,178
969_jpg.rf.fc0938df3e72826f67657dc475f02d9f.jpg,416,416,3,162,191,191,220
969_jpg.rf.fc0938df3e72826f67657dc475f02d9f.jpg,416,416,12,212,11,242,44
969_jpg.rf.fc0938df3e72826f67657dc475f02d9f.jpg,416,416,10,211,58,241,89
969_jpg.rf.fc0938df3e72826f67657dc475f02d9f.jpg,416,416,8,212,103,241,132
969_jpg.rf.fc0938df3e72826f67657dc475f02d9f.jpg,416,416,6,211,145,240,173
969_jpg.rf.fc0938df3e72826f67657dc475f02d9f.jpg,416,416,4,211,186,240,213
969_jpg.rf.fc0938df3e72826f67657dc475f02d9f.jpg,416,416,2,211,225,240,252
969_jpg.rf.fc0938df3e72826f67657dc475f02d9f.jpg,416,416,M,163,232,192,259
969_jpg.rf.fc0938df3e72826f67657dc475f02d9f.jpg,416,416,B,164,269,193,299
969_jpg.rf.fc0938df3e72826f67657dc475f02d9f.jpg,416,416,G,212,262,239,290
1641_jpg.rf.fd36642194bbc95c1f1db77438166195.jpg,416,416,6,225,231,283,320
1641_jpg.rf.fd36642194bbc95c1f1db77438166195.jpg,416,416,3,158,312,230,415
1641_jpg.rf.fd36642194bbc95c1f1db77438166195.jpg,416,416,5,225,313,283,407
590_jpg.rf.fb686cd9f957d62f1f48502526d6018d.jpg,416,416,4,180,61,224,118
590_jpg.rf.fb686cd9f957d62f1f48502526d6018d.jpg,416,416,3,183,135,221,180
590_jpg.rf.fb686cd9f957d62f1f48502526d6018d.jpg,416,416,2,185,194,220,232
590_jpg.rf.fb686cd9f957d62f1f48502526d6018d.jpg,416,416,1,186,244,219,277
303_jpg.rf.fc609a485837c58548efbee3bb477c8b.jpg,416,416,17,166,299,178,322
303_jpg.rf.fc609a485837c58548efbee3bb477c8b.jpg,416,416,18,201,301,213,324
303_jpg.rf.fc609a485837c58548efbee3bb477c8b.jpg,416,416,15,166,325,177,346
303_jpg.rf.fc609a485837c58548efbee3bb477c8b.jpg,416,416,16,200,325,213,348
303_jpg.rf.fc609a485837c58548efbee3bb477c8b.jpg,416,416,11,164,373,177,397
303_jpg.rf.fc609a485837c58548efbee3bb477c8b.jpg,416,416,14,200,350,213,373
303_jpg.rf.fc609a485837c58548efbee3bb477c8b.jpg,416,416,12,200,374,213,398
303_jpg.rf.fc609a485837c58548efbee3bb477c8b.jpg,416,416,9,163,399,176,416
303_jpg.rf.fc609a485837c58548efbee3bb477c8b.jpg,416,416,10,200,400,212,416
1301_jpg.rf.ff8d6ea5f1d57549c6e262bb411a9b00.jpg,416,416,4,183,358,196,383
1301_jpg.rf.ff8d6ea5f1d57549c6e262bb411a9b00.jpg,416,416,3,184,388,197,412
1516_jpg.rf.facd37f783dc724d3222e6e2e5c106b2.jpg,416,416,4,117,104,225,154
1516_jpg.rf.facd37f783dc724d3222e6e2e5c106b2.jpg,416,416,3,120,144,230,193
1516_jpg.rf.facd37f783dc724d3222e6e2e5c106b2.jpg,416,416,2,125,183,230,231
1516_jpg.rf.facd37f783dc724d3222e6e2e5c106b2.jpg,416,416,1,130,217,231,268
1516_jpg.rf.facd37f783dc724d3222e6e2e5c106b2.jpg,416,416,0,134,253,233,303
2066_jpg.rf.fc732b160bc4c71160dc10b243cad333.jpg,416,416,3,217,128,238,152
2066_jpg.rf.fc732b160bc4c71160dc10b243cad333.jpg,416,416,4,256,126,275,147
2066_jpg.rf.fc732b160bc4c71160dc10b243cad333.jpg,416,416,2,254,162,271,182
2066_jpg.rf.fc732b160bc4c71160dc10b243cad333.jpg,416,416,1,215,169,235,190
1017_jpg.rf.ff5f354cf973d19dfe947039ae2f20c8.jpg,416,416,4,193,92,235,111
1017_jpg.rf.ff5f354cf973d19dfe947039ae2f20c8.jpg,416,416,2,166,113,208,133
1017_jpg.rf.ff5f354cf973d19dfe947039ae2f20c8.jpg,416,416,M,165,135,207,153
1017_jpg.rf.ff5f354cf973d19dfe947039ae2f20c8.jpg,416,416,3,215,115,258,133
1017_jpg.rf.ff5f354cf973d19dfe947039ae2f20c8.jpg,416,416,M,213,136,255,156
1017_jpg.rf.ff5f354cf973d19dfe947039ae2f20c8.jpg,416,416,B,162,177,204,196
1017_jpg.rf.ff5f354cf973d19dfe947039ae2f20c8.jpg,416,416,B,209,179,251,198
1734_jpg.rf.febd07f2216113e899d9f5a66c4181db.jpg,416,416,5,200,151,216,183
1734_jpg.rf.febd07f2216113e899d9f5a66c4181db.jpg,416,416,4,200,189,216,221
1734_jpg.rf.febd07f2216113e899d9f5a66c4181db.jpg,416,416,3,200,227,216,258
1734_jpg.rf.febd07f2216113e899d9f5a66c4181db.jpg,416,416,2,199,264,216,295
1734_jpg.rf.febd07f2216113e899d9f5a66c4181db.jpg,416,416,1,199,301,216,332
1362_jpg.rf.ffd78b5f2120e096efc97c1e40525538.jpg,416,416,2,147,101,188,140
374_jpg.rf.ffe779d1949b740f81cc9e8608426828.jpg,416,416,5,184,224,197,235
374_jpg.rf.ffe779d1949b740f81cc9e8608426828.jpg,416,416,10,223,222,236,233
374_jpg.rf.ffe779d1949b740f81cc9e8608426828.jpg,416,416,9,223,236,235,247
374_jpg.rf.ffe779d1949b740f81cc9e8608426828.jpg,416,416,8,223,250,236,261
374_jpg.rf.ffe779d1949b740f81cc9e8608426828.jpg,416,416,7,223,264,236,275
374_jpg.rf.ffe779d1949b740f81cc9e8608426828.jpg,416,416,6,222,278,235,289
374_jpg.rf.ffe779d1949b740f81cc9e8608426828.jpg,416,416,4,184,238,198,249
374_jpg.rf.ffe779d1949b740f81cc9e8608426828.jpg,416,416,3,185,252,198,263
374_jpg.rf.ffe779d1949b740f81cc9e8608426828.jpg,416,416,2,185,266,198,277
374_jpg.rf.ffe779d1949b740f81cc9e8608426828.jpg,416,416,1,185,280,198,291
1708_jpg.rf.ff7b69409b6b835b460196e0dbbd010f.jpg,416,416,1,206,203,267,250
1708_jpg.rf.ff7b69409b6b835b460196e0dbbd010f.jpg,416,416,G,206,254,264,297
1708_jpg.rf.ff7b69409b6b835b460196e0dbbd010f.jpg,416,416,B,204,303,263,343
561_jpg.rf.ff3053d6fb35cf01cd62fa832bf0d589.jpg,416,416,13,45,23,186,139
561_jpg.rf.ff3053d6fb35cf01cd62fa832bf0d589.jpg,416,416,11,55,164,189,274
561_jpg.rf.ff3053d6fb35cf01cd62fa832bf0d589.jpg,416,416,9,65,284,184,387
561_jpg.rf.ff3053d6fb35cf01cd62fa832bf0d589.jpg,416,416,12,318,51,380,118
561_jpg.rf.ff3053d6fb35cf01cd62fa832bf0d589.jpg,416,416,10,308,133,372,198
561_jpg.rf.ff3053d6fb35cf01cd62fa832bf0d589.jpg,416,416,8,303,206,363,267
561_jpg.rf.ff3053d6fb35cf01cd62fa832bf0d589.jpg,416,416,6,294,275,350,331
680_jpg.rf.fff8278ecad5557eb4554c28ced79406.jpg,416,416,24,212,329,225,353
680_jpg.rf.fff8278ecad5557eb4554c28ced79406.jpg,416,416,25,239,331,251,353
680_jpg.rf.fff8278ecad5557eb4554c28ced79406.jpg,416,416,22,212,355,225,378
680_jpg.rf.fff8278ecad5557eb4554c28ced79406.jpg,416,416,23,239,355,252,378
680_jpg.rf.fff8278ecad5557eb4554c28ced79406.jpg,416,416,20,213,381,225,404
680_jpg.rf.fff8278ecad5557eb4554c28ced79406.jpg,416,416,21,240,380,252,404
86_jpg.rf.bcce85a1c344095bae04269d0bac7fd9.jpg,416,416,5,165,9,240,67
86_jpg.rf.bcce85a1c344095bae04269d0bac7fd9.jpg,416,416,3,163,85,239,143
86_jpg.rf.bcce85a1c344095bae04269d0bac7fd9.jpg,416,416,2,161,158,234,216
86_jpg.rf.bcce85a1c344095bae04269d0bac7fd9.jpg,416,416,1,158,231,233,286
86_jpg.rf.bcce85a1c344095bae04269d0bac7fd9.jpg,416,416,B,155,303,233,356
612_jpg.rf.bdb86883ed83a6c1f46dc3fba8dc426e.jpg,416,416,1,222,224,248,258
612_jpg.rf.bdb86883ed83a6c1f46dc3fba8dc426e.jpg,416,416,2,251,224,278,258
407_jpg.rf.bd474362a9587cfe439abfa4a2a2f30b.jpg,416,416,18,157,0,233,91
407_jpg.rf.bd474362a9587cfe439abfa4a2a2f30b.jpg,416,416,16,161,105,237,203
407_jpg.rf.bd474362a9587cfe439abfa4a2a2f30b.jpg,416,416,14,168,213,241,310
407_jpg.rf.bd474362a9587cfe439abfa4a2a2f30b.jpg,416,416,12,174,319,243,405
407_jpg.rf.bd474362a9587cfe439abfa4a2a2f30b.jpg,416,416,8,56,0,150,95
407_jpg.rf.bd474362a9587cfe439abfa4a2a2f30b.jpg,416,416,6,66,116,158,219
407_jpg.rf.bd474362a9587cfe439abfa4a2a2f30b.jpg,416,416,4,76,236,164,334
407_jpg.rf.bd474362a9587cfe439abfa4a2a2f30b.jpg,416,416,2,86,344,169,415
831_jpg.rf.bd035d73253821a1d94354dce81a24e9.jpg,416,416,3,156,283,205,330
831_jpg.rf.bd035d73253821a1d94354dce81a24e9.jpg,416,416,2,156,332,206,385
1132_jpg.rf.bddab99571111d7a4dda90085e83e1a7.jpg,416,416,8,206,58,296,142
1132_jpg.rf.bddab99571111d7a4dda90085e83e1a7.jpg,416,416,5,210,142,296,226
1787_jpg.rf.bcbc68acea18e63f831b221ed41a3695.jpg,416,416,1,181,248,208,282
1787_jpg.rf.bcbc68acea18e63f831b221ed41a3695.jpg,416,416,2,215,251,244,285
1787_jpg.rf.bcbc68acea18e63f831b221ed41a3695.jpg,416,416,3,251,255,279,288
1787_jpg.rf.bcbc68acea18e63f831b221ed41a3695.jpg,416,416,4,181,288,208,319
1787_jpg.rf.bcbc68acea18e63f831b221ed41a3695.jpg,416,416,5,215,291,243,322
1787_jpg.rf.bcbc68acea18e63f831b221ed41a3695.jpg,416,416,6,249,294,277,325
1787_jpg.rf.bcbc68acea18e63f831b221ed41a3695.jpg,416,416,7,181,322,208,353
1787_jpg.rf.bcbc68acea18e63f831b221ed41a3695.jpg,416,416,8,214,327,240,356
1787_jpg.rf.bcbc68acea18e63f831b221ed41a3695.jpg,416,416,9,247,329,274,360
1787_jpg.rf.bcbc68acea18e63f831b221ed41a3695.jpg,416,416,L,182,357,208,384
1787_jpg.rf.bcbc68acea18e63f831b221ed41a3695.jpg,416,416,0,214,360,239,387
1787_jpg.rf.bcbc68acea18e63f831b221ed41a3695.jpg,416,416,-,245,363,270,391
1858_jpg.rf.bef9a510ddb4fdbee29d231fb9e2bcb1.jpg,416,416,3,121,241,162,297
1858_jpg.rf.bef9a510ddb4fdbee29d231fb9e2bcb1.jpg,416,416,7,213,178,258,242
1858_jpg.rf.bef9a510ddb4fdbee29d231fb9e2bcb1.jpg,416,416,6,212,251,256,311
1858_jpg.rf.bef9a510ddb4fdbee29d231fb9e2bcb1.jpg,416,416,2,122,304,163,361
1858_jpg.rf.bef9a510ddb4fdbee29d231fb9e2bcb1.jpg,416,416,5,211,318,252,374
1858_jpg.rf.bef9a510ddb4fdbee29d231fb9e2bcb1.jpg,416,416,1,124,368,165,415
1801_jpg.rf.bf1854cd79ca45b3d0f16f5a3b5c2d59.jpg,416,416,0,140,103,236,271
1801_jpg.rf.bf1854cd79ca45b3d0f16f5a3b5c2d59.jpg,416,416,1,236,72,297,204
1801_jpg.rf.bf1854cd79ca45b3d0f16f5a3b5c2d59.jpg,416,416,2,299,50,348,163
1801_jpg.rf.bf1854cd79ca45b3d0f16f5a3b5c2d59.jpg,416,416,3,348,33,386,131
1801_jpg.rf.bf1854cd79ca45b3d0f16f5a3b5c2d59.jpg,416,416,3,239,222,403,387
317_jpg.rf.bf7b86c4e5a928ada607fa8ab5bc94c6.jpg,416,416,27,199,303,213,316
317_jpg.rf.bf7b86c4e5a928ada607fa8ab5bc94c6.jpg,416,416,28,213,303,225,315
317_jpg.rf.bf7b86c4e5a928ada607fa8ab5bc94c6.jpg,416,416,26,213,315,225,328
317_jpg.rf.bf7b86c4e5a928ada607fa8ab5bc94c6.jpg,416,416,25,199,316,213,328
317_jpg.rf.bf7b86c4e5a928ada607fa8ab5bc94c6.jpg,416,416,24,213,327,226,340
317_jpg.rf.bf7b86c4e5a928ada607fa8ab5bc94c6.jpg,416,416,23,199,327,213,339
317_jpg.rf.bf7b86c4e5a928ada607fa8ab5bc94c6.jpg,416,416,22,213,339,226,351
317_jpg.rf.bf7b86c4e5a928ada607fa8ab5bc94c6.jpg,416,416,21,199,339,213,351
317_jpg.rf.bf7b86c4e5a928ada607fa8ab5bc94c6.jpg,416,416,20,214,350,226,362
317_jpg.rf.bf7b86c4e5a928ada607fa8ab5bc94c6.jpg,416,416,19,199,351,214,363
317_jpg.rf.bf7b86c4e5a928ada607fa8ab5bc94c6.jpg,416,416,18,214,362,226,375
317_jpg.rf.bf7b86c4e5a928ada607fa8ab5bc94c6.jpg,416,416,18,199,362,214,375
317_jpg.rf.bf7b86c4e5a928ada607fa8ab5bc94c6.jpg,416,416,16,215,374,227,386
317_jpg.rf.bf7b86c4e5a928ada607fa8ab5bc94c6.jpg,416,416,15,199,373,214,386
317_jpg.rf.bf7b86c4e5a928ada607fa8ab5bc94c6.jpg,416,416,14,215,385,227,398
317_jpg.rf.bf7b86c4e5a928ada607fa8ab5bc94c6.jpg,416,416,12,200,385,214,399
317_jpg.rf.bf7b86c4e5a928ada607fa8ab5bc94c6.jpg,416,416,11,214,397,227,411
317_jpg.rf.bf7b86c4e5a928ada607fa8ab5bc94c6.jpg,416,416,10,200,398,215,411
40_jpg.rf.be2222400055f75b689ff5d605f04aff.jpg,416,416,1,271,256,298,304
40_jpg.rf.be2222400055f75b689ff5d605f04aff.jpg,416,416,2,212,184,240,233
40_jpg.rf.be2222400055f75b689ff5d605f04aff.jpg,416,416,3,243,183,271,232
40_jpg.rf.be2222400055f75b689ff5d605f04aff.jpg,416,416,4,273,183,301,232
40_jpg.rf.be2222400055f75b689ff5d605f04aff.jpg,416,416,1,227,144,239,165
40_jpg.rf.be2222400055f75b689ff5d605f04aff.jpg,416,416,2,251,143,262,164
40_jpg.rf.be2222400055f75b689ff5d605f04aff.jpg,416,416,3,274,143,285,164
40_jpg.rf.be2222400055f75b689ff5d605f04aff.jpg,416,416,4,297,143,309,164
94_jpg.rf.be182c1311c4e0b8a965e7d4cf86f306.jpg,416,416,3,217,247,234,281
94_jpg.rf.be182c1311c4e0b8a965e7d4cf86f306.jpg,416,416,2,217,276,234,309
94_jpg.rf.be182c1311c4e0b8a965e7d4cf86f306.jpg,416,416,1,217,303,235,332
94_jpg.rf.be182c1311c4e0b8a965e7d4cf86f306.jpg,416,416,B,216,329,234,358
129_jpg.rf.bff10b7367fc19b407264800aa495b36.jpg,416,416,29,249,285,265,306
129_jpg.rf.bff10b7367fc19b407264800aa495b36.jpg,416,416,28,250,312,265,334
129_jpg.rf.bff10b7367fc19b407264800aa495b36.jpg,416,416,27,250,342,267,364
129_jpg.rf.bff10b7367fc19b407264800aa495b36.jpg,416,416,16,220,314,236,335
129_jpg.rf.bff10b7367fc19b407264800aa495b36.jpg,416,416,12,220,342,237,364
129_jpg.rf.bff10b7367fc19b407264800aa495b36.jpg,416,416,11,220,374,237,395
1351_jpg.rf.c0844af2d0ed25f43dba825c09e5c56a.jpg,416,416,5,238,127,261,171
1351_jpg.rf.c0844af2d0ed25f43dba825c09e5c56a.jpg,416,416,4,176,143,206,194
1351_jpg.rf.c0844af2d0ed25f43dba825c09e5c56a.jpg,416,416,3,238,179,260,220
1351_jpg.rf.c0844af2d0ed25f43dba825c09e5c56a.jpg,416,416,2,178,202,206,249
1351_jpg.rf.c0844af2d0ed25f43dba825c09e5c56a.jpg,416,416,G,179,255,207,299
1351_jpg.rf.c0844af2d0ed25f43dba825c09e5c56a.jpg,416,416,M,238,227,259,268
119_jpg.rf.be52ca1091c22092d2ae817315245c55.jpg,416,416,4,192,119,209,140
119_jpg.rf.be52ca1091c22092d2ae817315245c55.jpg,416,416,1,210,120,225,140
119_jpg.rf.be52ca1091c22092d2ae817315245c55.jpg,416,416,3,193,146,209,165
119_jpg.rf.be52ca1091c22092d2ae817315245c55.jpg,416,416,3,209,145,224,165
119_jpg.rf.be52ca1091c22092d2ae817315245c55.jpg,416,416,2,193,170,209,190
119_jpg.rf.be52ca1091c22092d2ae817315245c55.jpg,416,416,2,210,171,225,191
119_jpg.rf.be52ca1091c22092d2ae817315245c55.jpg,416,416,1,210,196,225,216
32_jpg.rf.c0eedd8523c04cbba11a3e5091e4a843.jpg,416,416,10,217,157,241,171
32_jpg.rf.c0eedd8523c04cbba11a3e5091e4a843.jpg,416,416,5,219,230,243,243
32_jpg.rf.c0eedd8523c04cbba11a3e5091e4a843.jpg,416,416,9,218,172,242,185
32_jpg.rf.c0eedd8523c04cbba11a3e5091e4a843.jpg,416,416,8,218,186,242,199
32_jpg.rf.c0eedd8523c04cbba11a3e5091e4a843.jpg,416,416,7,218,200,242,214
32_jpg.rf.c0eedd8523c04cbba11a3e5091e4a843.jpg,416,416,6,218,215,242,228
32_jpg.rf.c0eedd8523c04cbba11a3e5091e4a843.jpg,416,416,4,219,244,243,257
32_jpg.rf.c0eedd8523c04cbba11a3e5091e4a843.jpg,416,416,3,219,258,243,271
32_jpg.rf.c0eedd8523c04cbba11a3e5091e4a843.jpg,416,416,2,219,272,243,286
32_jpg.rf.c0eedd8523c04cbba11a3e5091e4a843.jpg,416,416,1,220,287,243,301
986_jpg.rf.c14e550796e5c599ab51a605e7757d89.jpg,416,416,1,175,234,192,261
986_jpg.rf.c14e550796e5c599ab51a605e7757d89.jpg,416,416,2,194,233,211,261
986_jpg.rf.c14e550796e5c599ab51a605e7757d89.jpg,416,416,3,214,233,231,261
986_jpg.rf.c14e550796e5c599ab51a605e7757d89.jpg,416,416,4,233,235,250,262
986_jpg.rf.c14e550796e5c599ab51a605e7757d89.jpg,416,416,5,253,235,270,262
986_jpg.rf.c14e550796e5c599ab51a605e7757d89.jpg,416,416,6,272,235,289,263
1213_jpg.rf.be7cce0f41904aa6945339fd4722a166.jpg,416,416,29,113,94,140,142
1213_jpg.rf.be7cce0f41904aa6945339fd4722a166.jpg,416,416,30,140,94,167,149
1213_jpg.rf.be7cce0f41904aa6945339fd4722a166.jpg,416,416,31,167,102,192,154
1213_jpg.rf.be7cce0f41904aa6945339fd4722a166.jpg,416,416,32,191,107,222,158
1213_jpg.rf.be7cce0f41904aa6945339fd4722a166.jpg,416,416,25,112,141,139,185
1213_jpg.rf.be7cce0f41904aa6945339fd4722a166.jpg,416,416,26,140,147,164,189
1213_jpg.rf.be7cce0f41904aa6945339fd4722a166.jpg,416,416,27,165,151,190,195
1213_jpg.rf.be7cce0f41904aa6945339fd4722a166.jpg,416,416,28,191,154,217,198
1213_jpg.rf.be7cce0f41904aa6945339fd4722a166.jpg,416,416,21,112,182,136,221
1213_jpg.rf.be7cce0f41904aa6945339fd4722a166.jpg,416,416,22,139,188,163,227
1213_jpg.rf.be7cce0f41904aa6945339fd4722a166.jpg,416,416,23,163,193,186,228
1213_jpg.rf.be7cce0f41904aa6945339fd4722a166.jpg,416,416,24,188,194,213,235
1213_jpg.rf.be7cce0f41904aa6945339fd4722a166.jpg,416,416,17,114,219,136,256
1213_jpg.rf.be7cce0f41904aa6945339fd4722a166.jpg,416,416,18,138,221,159,265
1213_jpg.rf.be7cce0f41904aa6945339fd4722a166.jpg,416,416,19,163,224,185,267
1213_jpg.rf.be7cce0f41904aa6945339fd4722a166.jpg,416,416,20,185,230,209,272
1213_jpg.rf.be7cce0f41904aa6945339fd4722a166.jpg,416,416,s,150,259,171,292
737_jpg.rf.c0c2b1156d2aabcc6dbf9aee9f5a3317.jpg,416,416,4,229,61,248,98
737_jpg.rf.c0c2b1156d2aabcc6dbf9aee9f5a3317.jpg,416,416,3,229,107,249,143
737_jpg.rf.c0c2b1156d2aabcc6dbf9aee9f5a3317.jpg,416,416,2,231,151,249,185
737_jpg.rf.c0c2b1156d2aabcc6dbf9aee9f5a3317.jpg,416,416,1,231,193,250,228
604_jpg.rf.c2c44a9d35ca4bf8c0c612a06e14fa48.jpg,416,416,4,204,69,252,151
604_jpg.rf.c2c44a9d35ca4bf8c0c612a06e14fa48.jpg,416,416,2,200,164,244,232
604_jpg.rf.c2c44a9d35ca4bf8c0c612a06e14fa48.jpg,416,416,G,197,244,236,305
604_jpg.rf.c2c44a9d35ca4bf8c0c612a06e14fa48.jpg,416,416,7,358,0,411,80
604_jpg.rf.c2c44a9d35ca4bf8c0c612a06e14fa48.jpg,416,416,5,343,103,390,174
604_jpg.rf.c2c44a9d35ca4bf8c0c612a06e14fa48.jpg,416,416,3,332,195,370,250
604_jpg.rf.c2c44a9d35ca4bf8c0c612a06e14fa48.jpg,416,416,M,318,273,356,325
376_jpg.rf.c22cffb151afefc02b90f081c4d5806a.jpg,416,416,3,161,101,258,170
376_jpg.rf.c22cffb151afefc02b90f081c4d5806a.jpg,416,416,2,158,182,253,247
376_jpg.rf.c22cffb151afefc02b90f081c4d5806a.jpg,416,416,1,158,258,251,319
376_jpg.rf.c22cffb151afefc02b90f081c4d5806a.jpg,416,416,3,62,113,155,161
376_jpg.rf.c22cffb151afefc02b90f081c4d5806a.jpg,416,416,2,67,196,148,238
66_jpg.rf.c1b7c77f272031ec1555bbfe8d719351.jpg,416,416,37,206,90,223,111
66_jpg.rf.c1b7c77f272031ec1555bbfe8d719351.jpg,416,416,36,206,115,223,136
66_jpg.rf.c1b7c77f272031ec1555bbfe8d719351.jpg,416,416,35,205,138,223,160
66_jpg.rf.c1b7c77f272031ec1555bbfe8d719351.jpg,416,416,34,205,163,223,183
66_jpg.rf.c1b7c77f272031ec1555bbfe8d719351.jpg,416,416,33,205,186,223,206
66_jpg.rf.c1b7c77f272031ec1555bbfe8d719351.jpg,416,416,32,205,209,222,230
66_jpg.rf.c1b7c77f272031ec1555bbfe8d719351.jpg,416,416,31,205,232,222,254
66_jpg.rf.c1b7c77f272031ec1555bbfe8d719351.jpg,416,416,30,205,255,222,277
66_jpg.rf.c1b7c77f272031ec1555bbfe8d719351.jpg,416,416,29,205,279,223,299
66_jpg.rf.c1b7c77f272031ec1555bbfe8d719351.jpg,416,416,28,204,300,221,323
66_jpg.rf.c1b7c77f272031ec1555bbfe8d719351.jpg,416,416,27,205,325,222,347
66_jpg.rf.c1b7c77f272031ec1555bbfe8d719351.jpg,416,416,26,188,91,205,112
66_jpg.rf.c1b7c77f272031ec1555bbfe8d719351.jpg,416,416,9,170,232,187,253
66_jpg.rf.c1b7c77f272031ec1555bbfe8d719351.jpg,416,416,7,170,255,187,275
66_jpg.rf.c1b7c77f272031ec1555bbfe8d719351.jpg,416,416,5,170,277,187,296
66_jpg.rf.c1b7c77f272031ec1555bbfe8d719351.jpg,416,416,3,171,299,187,321
1626_jpg.rf.bd96610c7244eaf15a9bc273b818539c.jpg,416,416,10,8,29,102,88
1626_jpg.rf.bd96610c7244eaf15a9bc273b818539c.jpg,416,416,11,312,32,399,88
1626_jpg.rf.bd96610c7244eaf15a9bc273b818539c.jpg,416,416,8,23,96,107,146
1626_jpg.rf.bd96610c7244eaf15a9bc273b818539c.jpg,416,416,9,299,97,378,149
1626_jpg.rf.bd96610c7244eaf15a9bc273b818539c.jpg,416,416,6,42,151,117,194
1626_jpg.rf.bd96610c7244eaf15a9bc273b818539c.jpg,416,416,7,291,153,361,196
1626_jpg.rf.bd96610c7244eaf15a9bc273b818539c.jpg,416,416,4,54,196,122,234
1626_jpg.rf.bd96610c7244eaf15a9bc273b818539c.jpg,416,416,2,67,234,128,268
1626_jpg.rf.bd96610c7244eaf15a9bc273b818539c.jpg,416,416,U,95,311,149,339
1626_jpg.rf.bd96610c7244eaf15a9bc273b818539c.jpg,416,416,5,281,196,345,235
1626_jpg.rf.bd96610c7244eaf15a9bc273b818539c.jpg,416,416,3,275,234,329,266
1626_jpg.rf.bd96610c7244eaf15a9bc273b818539c.jpg,416,416,D,257,310,305,338
833_jpg.rf.c3085e25efcc9f6ef6fbd88b3644cd27.jpg,416,416,2,177,4,340,65
833_jpg.rf.c3085e25efcc9f6ef6fbd88b3644cd27.jpg,416,416,B,174,129,321,179
995_jpg.rf.c201775bd695a603af0d7ed92f5f5522.jpg,416,416,12,143,306,170,319
995_jpg.rf.c201775bd695a603af0d7ed92f5f5522.jpg,416,416,9,143,323,170,337
995_jpg.rf.c201775bd695a603af0d7ed92f5f5522.jpg,416,416,6,144,333,170,346
995_jpg.rf.c201775bd695a603af0d7ed92f5f5522.jpg,416,416,1,143,343,171,357
995_jpg.rf.c201775bd695a603af0d7ed92f5f5522.jpg,416,416,13,172,303,197,316
995_jpg.rf.c201775bd695a603af0d7ed92f5f5522.jpg,416,416,14,199,302,224,314
995_jpg.rf.c201775bd695a603af0d7ed92f5f5522.jpg,416,416,10,172,320,197,334
995_jpg.rf.c201775bd695a603af0d7ed92f5f5522.jpg,416,416,7,173,330,199,344
995_jpg.rf.c201775bd695a603af0d7ed92f5f5522.jpg,416,416,4,173,341,199,354
995_jpg.rf.c201775bd695a603af0d7ed92f5f5522.jpg,416,416,11,199,318,225,330
995_jpg.rf.c201775bd695a603af0d7ed92f5f5522.jpg,416,416,8,200,328,225,341
995_jpg.rf.c201775bd695a603af0d7ed92f5f5522.jpg,416,416,5,200,338,226,351
867_jpg.rf.c1941c8c761e43b1e0e447987e38f8a1.jpg,416,416,4,187,174,201,203
867_jpg.rf.c1941c8c761e43b1e0e447987e38f8a1.jpg,416,416,8,207,210,221,233
867_jpg.rf.c1941c8c761e43b1e0e447987e38f8a1.jpg,416,416,8,208,235,224,264
867_jpg.rf.c1941c8c761e43b1e0e447987e38f8a1.jpg,416,416,6,208,265,224,295
867_jpg.rf.c1941c8c761e43b1e0e447987e38f8a1.jpg,416,416,5,208,297,224,324
867_jpg.rf.c1941c8c761e43b1e0e447987e38f8a1.jpg,416,416,3,187,205,202,233
867_jpg.rf.c1941c8c761e43b1e0e447987e38f8a1.jpg,416,416,2,186,238,203,266
867_jpg.rf.c1941c8c761e43b1e0e447987e38f8a1.jpg,416,416,1,187,267,202,295
867_jpg.rf.c1941c8c761e43b1e0e447987e38f8a1.jpg,416,416,B,187,298,202,324
1640_jpg.rf.c340bf68a4fccfd94fa758e6a317b181.jpg,416,416,1,86,47,198,160
1640_jpg.rf.c340bf68a4fccfd94fa758e6a317b181.jpg,416,416,2,239,48,351,167
1640_jpg.rf.c340bf68a4fccfd94fa758e6a317b181.jpg,416,416,G,213,176,323,273
625_jpg.rf.c40412efefb53735d91bce239e7e1c48.jpg,416,416,1,156,292,182,336
625_jpg.rf.c40412efefb53735d91bce239e7e1c48.jpg,416,416,2,184,284,209,328
625_jpg.rf.c40412efefb53735d91bce239e7e1c48.jpg,416,416,3,210,276,235,319
625_jpg.rf.c40412efefb53735d91bce239e7e1c48.jpg,416,416,4,235,268,260,310
625_jpg.rf.c40412efefb53735d91bce239e7e1c48.jpg,416,416,5,258,260,283,303
625_jpg.rf.c40412efefb53735d91bce239e7e1c48.jpg,416,416,6,281,252,306,294
625_jpg.rf.c40412efefb53735d91bce239e7e1c48.jpg,416,416,7,303,245,325,285
625_jpg.rf.c40412efefb53735d91bce239e7e1c48.jpg,416,416,8,322,239,345,277
625_jpg.rf.c40412efefb53735d91bce239e7e1c48.jpg,416,416,9,342,234,362,270
708_jpg.rf.c49404c001bb2f703b8aba8ccc2de93d.jpg,416,416,3,149,139,182,164
708_jpg.rf.c49404c001bb2f703b8aba8ccc2de93d.jpg,416,416,4,200,140,232,164
708_jpg.rf.c49404c001bb2f703b8aba8ccc2de93d.jpg,416,416,1,150,179,183,203
708_jpg.rf.c49404c001bb2f703b8aba8ccc2de93d.jpg,416,416,2,200,179,231,202
708_jpg.rf.c49404c001bb2f703b8aba8ccc2de93d.jpg,416,416,G,199,217,231,240
114_jpg.rf.c3604ab449cf15cef1afdcf3bf28b1af.jpg,416,416,B,250,231,301,270
114_jpg.rf.c3604ab449cf15cef1afdcf3bf28b1af.jpg,416,416,G,249,187,303,227
114_jpg.rf.c3604ab449cf15cef1afdcf3bf28b1af.jpg,416,416,s,307,186,360,227
114_jpg.rf.c3604ab449cf15cef1afdcf3bf28b1af.jpg,416,416,1,252,138,306,181
114_jpg.rf.c3604ab449cf15cef1afdcf3bf28b1af.jpg,416,416,2,253,89,308,132
151_jpg.rf.c43a86197fc316b55968eb4eb0fa7150.jpg,416,416,9,204,107,216,127
151_jpg.rf.c43a86197fc316b55968eb4eb0fa7150.jpg,416,416,8,205,133,216,152
151_jpg.rf.c43a86197fc316b55968eb4eb0fa7150.jpg,416,416,7,205,159,215,178
151_jpg.rf.c43a86197fc316b55968eb4eb0fa7150.jpg,416,416,6,205,184,215,203
151_jpg.rf.c43a86197fc316b55968eb4eb0fa7150.jpg,416,416,5,205,207,215,227
151_jpg.rf.c43a86197fc316b55968eb4eb0fa7150.jpg,416,416,3,205,232,215,250
151_jpg.rf.c43a86197fc316b55968eb4eb0fa7150.jpg,416,416,2,205,256,216,274
2078_jpg.rf.c337110da53618c79ae4abd6c96265ff.jpg,416,416,10,65,146,97,168
2078_jpg.rf.c337110da53618c79ae4abd6c96265ff.jpg,416,416,11,147,124,180,149
2078_jpg.rf.c337110da53618c79ae4abd6c96265ff.jpg,416,416,9,250,135,284,160
2078_jpg.rf.c337110da53618c79ae4abd6c96265ff.jpg,416,416,6,263,167,295,188
2078_jpg.rf.c337110da53618c79ae4abd6c96265ff.jpg,416,416,3,277,196,306,216
2078_jpg.rf.c337110da53618c79ae4abd6c96265ff.jpg,416,416,G,288,223,317,243
2078_jpg.rf.c337110da53618c79ae4abd6c96265ff.jpg,416,416,1,123,229,149,246
2078_jpg.rf.c337110da53618c79ae4abd6c96265ff.jpg,416,416,4,105,203,133,222
2078_jpg.rf.c337110da53618c79ae4abd6c96265ff.jpg,416,416,7,86,175,116,196
2078_jpg.rf.c337110da53618c79ae4abd6c96265ff.jpg,416,416,8,166,157,196,179
2078_jpg.rf.c337110da53618c79ae4abd6c96265ff.jpg,416,416,5,182,186,211,207
2078_jpg.rf.c337110da53618c79ae4abd6c96265ff.jpg,416,416,2,196,213,224,232
2084_jpg.rf.c3b44490ff42d3d8b8bb1339ece3950c.jpg,416,416,4,155,293,168,303
2084_jpg.rf.c3b44490ff42d3d8b8bb1339ece3950c.jpg,416,416,3,189,303,201,313
2084_jpg.rf.c3b44490ff42d3d8b8bb1339ece3950c.jpg,416,416,2,156,309,168,319
2084_jpg.rf.c3b44490ff42d3d8b8bb1339ece3950c.jpg,416,416,1,190,318,202,328
2063_jpg.rf.c3544cb16260169bc49ef70431c52337.jpg,416,416,4,213,136,235,159
2063_jpg.rf.c3544cb16260169bc49ef70431c52337.jpg,416,416,3,211,161,233,184
2063_jpg.rf.c3544cb16260169bc49ef70431c52337.jpg,416,416,1,173,192,196,216
2063_jpg.rf.c3544cb16260169bc49ef70431c52337.jpg,416,416,2,210,184,232,207
848_jpg.rf.c15fee53a46ff79e7529471bbbadc973.jpg,416,416,16,174,0,207,38
848_jpg.rf.c15fee53a46ff79e7529471bbbadc973.jpg,416,416,14,175,50,206,108
848_jpg.rf.c15fee53a46ff79e7529471bbbadc973.jpg,416,416,13,257,45,291,107
848_jpg.rf.c15fee53a46ff79e7529471bbbadc973.jpg,416,416,12,175,120,206,173
848_jpg.rf.c15fee53a46ff79e7529471bbbadc973.jpg,416,416,11,256,118,290,172
848_jpg.rf.c15fee53a46ff79e7529471bbbadc973.jpg,416,416,10,175,187,206,239
848_jpg.rf.c15fee53a46ff79e7529471bbbadc973.jpg,416,416,8,176,253,206,306
848_jpg.rf.c15fee53a46ff79e7529471bbbadc973.jpg,416,416,7,257,258,288,309
848_jpg.rf.c15fee53a46ff79e7529471bbbadc973.jpg,416,416,6,176,319,206,367
848_jpg.rf.c15fee53a46ff79e7529471bbbadc973.jpg,416,416,5,256,324,287,374
848_jpg.rf.c15fee53a46ff79e7529471bbbadc973.jpg,416,416,4,177,383,205,415
1863_jpg.rf.c6b01e2ed6f942c8d495f81f2dee2937.jpg,416,416,21,155,72,188,98
1863_jpg.rf.c6b01e2ed6f942c8d495f81f2dee2937.jpg,416,416,22,208,72,237,98
1863_jpg.rf.c6b01e2ed6f942c8d495f81f2dee2937.jpg,416,416,19,158,102,188,127
1863_jpg.rf.c6b01e2ed6f942c8d495f81f2dee2937.jpg,416,416,20,209,101,238,125
1863_jpg.rf.c6b01e2ed6f942c8d495f81f2dee2937.jpg,416,416,17,160,132,189,155
1863_jpg.rf.c6b01e2ed6f942c8d495f81f2dee2937.jpg,416,416,18,210,129,237,152
1863_jpg.rf.c6b01e2ed6f942c8d495f81f2dee2937.jpg,416,416,15,161,158,190,182
1863_jpg.rf.c6b01e2ed6f942c8d495f81f2dee2937.jpg,416,416,16,209,155,236,177
1863_jpg.rf.c6b01e2ed6f942c8d495f81f2dee2937.jpg,416,416,13,163,184,190,205
1863_jpg.rf.c6b01e2ed6f942c8d495f81f2dee2937.jpg,416,416,14,210,179,236,201
1863_jpg.rf.c6b01e2ed6f942c8d495f81f2dee2937.jpg,416,416,11,164,208,190,229
1863_jpg.rf.c6b01e2ed6f942c8d495f81f2dee2937.jpg,416,416,12,211,203,235,223
1863_jpg.rf.c6b01e2ed6f942c8d495f81f2dee2937.jpg,416,416,9,166,232,192,253
1863_jpg.rf.c6b01e2ed6f942c8d495f81f2dee2937.jpg,416,416,10,210,225,235,246
1863_jpg.rf.c6b01e2ed6f942c8d495f81f2dee2937.jpg,416,416,7,166,254,192,275
1863_jpg.rf.c6b01e2ed6f942c8d495f81f2dee2937.jpg,416,416,8,210,246,234,265
1863_jpg.rf.c6b01e2ed6f942c8d495f81f2dee2937.jpg,416,416,5,167,275,193,295
1863_jpg.rf.c6b01e2ed6f942c8d495f81f2dee2937.jpg,416,416,6,210,266,233,285
1863_jpg.rf.c6b01e2ed6f942c8d495f81f2dee2937.jpg,416,416,3,168,296,193,315
1863_jpg.rf.c6b01e2ed6f942c8d495f81f2dee2937.jpg,416,416,4,210,286,234,305
1863_jpg.rf.c6b01e2ed6f942c8d495f81f2dee2937.jpg,416,416,1,169,316,194,335
1863_jpg.rf.c6b01e2ed6f942c8d495f81f2dee2937.jpg,416,416,2,210,305,235,323
1863_jpg.rf.c6b01e2ed6f942c8d495f81f2dee2937.jpg,416,416,G,211,323,233,341
1701_jpg.rf.c3cff9ecd4369a3a9505eca65c66a2f6.jpg,416,416,7,208,0,268,54
1701_jpg.rf.c3cff9ecd4369a3a9505eca65c66a2f6.jpg,416,416,6,90,8,151,74
1701_jpg.rf.c3cff9ecd4369a3a9505eca65c66a2f6.jpg,416,416,5,218,60,276,121
1701_jpg.rf.c3cff9ecd4369a3a9505eca65c66a2f6.jpg,416,416,4,100,80,164,143
1701_jpg.rf.c3cff9ecd4369a3a9505eca65c66a2f6.jpg,416,416,3,226,128,284,188
1701_jpg.rf.c3cff9ecd4369a3a9505eca65c66a2f6.jpg,416,416,2,115,150,173,210
1701_jpg.rf.c3cff9ecd4369a3a9505eca65c66a2f6.jpg,416,416,S,125,214,185,271
640_jpg.rf.c4288f17fae116c33f0901968f4750a6.jpg,416,416,1,127,29,239,165
640_jpg.rf.c4288f17fae116c33f0901968f4750a6.jpg,416,416,0,145,244,241,349
877_jpg.rf.c7f312eb96959b97fd40063bbe26ec3f.jpg,416,416,25,256,81,287,99
877_jpg.rf.c7f312eb96959b97fd40063bbe26ec3f.jpg,416,416,24,190,82,224,100
877_jpg.rf.c7f312eb96959b97fd40063bbe26ec3f.jpg,416,416,23,126,81,159,98
877_jpg.rf.c7f312eb96959b97fd40063bbe26ec3f.jpg,416,416,22,251,109,287,129
877_jpg.rf.c7f312eb96959b97fd40063bbe26ec3f.jpg,416,416,21,189,108,222,128
877_jpg.rf.c7f312eb96959b97fd40063bbe26ec3f.jpg,416,416,20,125,111,157,127
877_jpg.rf.c7f312eb96959b97fd40063bbe26ec3f.jpg,416,416,19,251,138,287,158
877_jpg.rf.c7f312eb96959b97fd40063bbe26ec3f.jpg,416,416,18,187,139,221,158
877_jpg.rf.c7f312eb96959b97fd40063bbe26ec3f.jpg,416,416,17,125,138,159,157
877_jpg.rf.c7f312eb96959b97fd40063bbe26ec3f.jpg,416,416,16,251,165,287,186
877_jpg.rf.c7f312eb96959b97fd40063bbe26ec3f.jpg,416,416,15,190,167,224,185
877_jpg.rf.c7f312eb96959b97fd40063bbe26ec3f.jpg,416,416,14,124,165,159,186
877_jpg.rf.c7f312eb96959b97fd40063bbe26ec3f.jpg,416,416,13,253,195,286,214
877_jpg.rf.c7f312eb96959b97fd40063bbe26ec3f.jpg,416,416,12,188,194,221,213
877_jpg.rf.c7f312eb96959b97fd40063bbe26ec3f.jpg,416,416,11,125,194,155,212
877_jpg.rf.c7f312eb96959b97fd40063bbe26ec3f.jpg,416,416,10,250,223,282,241
877_jpg.rf.c7f312eb96959b97fd40063bbe26ec3f.jpg,416,416,9,188,223,220,241
877_jpg.rf.c7f312eb96959b97fd40063bbe26ec3f.jpg,416,416,8,126,222,155,241
877_jpg.rf.c7f312eb96959b97fd40063bbe26ec3f.jpg,416,416,7,250,252,282,268
877_jpg.rf.c7f312eb96959b97fd40063bbe26ec3f.jpg,416,416,6,187,251,220,269
877_jpg.rf.c7f312eb96959b97fd40063bbe26ec3f.jpg,416,416,5,125,250,155,267
877_jpg.rf.c7f312eb96959b97fd40063bbe26ec3f.jpg,416,416,4,249,280,284,298
877_jpg.rf.c7f312eb96959b97fd40063bbe26ec3f.jpg,416,416,3,184,278,220,299
877_jpg.rf.c7f312eb96959b97fd40063bbe26ec3f.jpg,416,416,2,125,279,156,296
877_jpg.rf.c7f312eb96959b97fd40063bbe26ec3f.jpg,416,416,1,124,307,155,325
1180_jpg.rf.c52c19874e571e26b47677554d5a2862.jpg,416,416,G,192,250,214,290
1180_jpg.rf.c52c19874e571e26b47677554d5a2862.jpg,416,416,M,190,206,214,247
1180_jpg.rf.c52c19874e571e26b47677554d5a2862.jpg,416,416,1,190,163,214,204
1180_jpg.rf.c52c19874e571e26b47677554d5a2862.jpg,416,416,2,188,114,211,157
1180_jpg.rf.c52c19874e571e26b47677554d5a2862.jpg,416,416,4,187,68,211,111
1180_jpg.rf.c52c19874e571e26b47677554d5a2862.jpg,416,416,5,184,15,209,62
1180_jpg.rf.c52c19874e571e26b47677554d5a2862.jpg,416,416,6,236,10,260,57
1180_jpg.rf.c52c19874e571e26b47677554d5a2862.jpg,416,416,7,285,6,309,52
1070_jpg.rf.c683f2c9799c2c7865246dda7c20620c.jpg,416,416,16,173,52,204,80
1070_jpg.rf.c683f2c9799c2c7865246dda7c20620c.jpg,416,416,17,208,49,238,77
1070_jpg.rf.c683f2c9799c2c7865246dda7c20620c.jpg,416,416,14,175,81,204,109
1070_jpg.rf.c683f2c9799c2c7865246dda7c20620c.jpg,416,416,15,210,78,239,106
1070_jpg.rf.c683f2c9799c2c7865246dda7c20620c.jpg,416,416,12,176,111,205,138
1070_jpg.rf.c683f2c9799c2c7865246dda7c20620c.jpg,416,416,13,210,109,239,134
1070_jpg.rf.c683f2c9799c2c7865246dda7c20620c.jpg,416,416,10,177,140,206,166
1070_jpg.rf.c683f2c9799c2c7865246dda7c20620c.jpg,416,416,11,211,136,239,162
1070_jpg.rf.c683f2c9799c2c7865246dda7c20620c.jpg,416,416,11,178,167,207,193
1070_jpg.rf.c683f2c9799c2c7865246dda7c20620c.jpg,416,416,9,212,164,240,190
1070_jpg.rf.c683f2c9799c2c7865246dda7c20620c.jpg,416,416,6,179,196,209,222
1070_jpg.rf.c683f2c9799c2c7865246dda7c20620c.jpg,416,416,7,213,192,240,216
1070_jpg.rf.c683f2c9799c2c7865246dda7c20620c.jpg,416,416,5,180,223,209,249
1070_jpg.rf.c683f2c9799c2c7865246dda7c20620c.jpg,416,416,4,181,251,210,276
1070_jpg.rf.c683f2c9799c2c7865246dda7c20620c.jpg,416,416,M,182,277,211,302
1070_jpg.rf.c683f2c9799c2c7865246dda7c20620c.jpg,416,416,M,358,243,377,264
506_jpg.rf.c66f42d6cd9c0329d90dc23f67aa4317.jpg,416,416,20,110,196,131,215
506_jpg.rf.c66f42d6cd9c0329d90dc23f67aa4317.jpg,416,416,21,133,197,153,216
506_jpg.rf.c66f42d6cd9c0329d90dc23f67aa4317.jpg,416,416,22,156,197,176,216
506_jpg.rf.c66f42d6cd9c0329d90dc23f67aa4317.jpg,416,416,23,180,198,200,217
506_jpg.rf.c66f42d6cd9c0329d90dc23f67aa4317.jpg,416,416,24,202,198,222,217
506_jpg.rf.c66f42d6cd9c0329d90dc23f67aa4317.jpg,416,416,25,225,198,245,217
506_jpg.rf.c66f42d6cd9c0329d90dc23f67aa4317.jpg,416,416,26,247,199,269,218
506_jpg.rf.c66f42d6cd9c0329d90dc23f67aa4317.jpg,416,416,11,111,232,131,249
506_jpg.rf.c66f42d6cd9c0329d90dc23f67aa4317.jpg,416,416,12,133,232,153,249
506_jpg.rf.c66f42d6cd9c0329d90dc23f67aa4317.jpg,416,416,13,155,232,174,250
506_jpg.rf.c66f42d6cd9c0329d90dc23f67aa4317.jpg,416,416,14,178,233,197,250
506_jpg.rf.c66f42d6cd9c0329d90dc23f67aa4317.jpg,416,416,15,201,233,220,251
506_jpg.rf.c66f42d6cd9c0329d90dc23f67aa4317.jpg,416,416,16,223,234,242,252
506_jpg.rf.c66f42d6cd9c0329d90dc23f67aa4317.jpg,416,416,17,245,234,264,252
506_jpg.rf.c66f42d6cd9c0329d90dc23f67aa4317.jpg,416,416,18,267,234,286,252
506_jpg.rf.c66f42d6cd9c0329d90dc23f67aa4317.jpg,416,416,19,291,235,309,253
506_jpg.rf.c66f42d6cd9c0329d90dc23f67aa4317.jpg,416,416,10,285,267,304,285
506_jpg.rf.c66f42d6cd9c0329d90dc23f67aa4317.jpg,416,416,9,264,267,283,284
506_jpg.rf.c66f42d6cd9c0329d90dc23f67aa4317.jpg,416,416,8,241,267,260,284
506_jpg.rf.c66f42d6cd9c0329d90dc23f67aa4317.jpg,416,416,7,220,266,238,284
506_jpg.rf.c66f42d6cd9c0329d90dc23f67aa4317.jpg,416,416,6,199,266,217,284
506_jpg.rf.c66f42d6cd9c0329d90dc23f67aa4317.jpg,416,416,5,178,266,196,283
506_jpg.rf.c66f42d6cd9c0329d90dc23f67aa4317.jpg,416,416,4,154,265,173,283
506_jpg.rf.c66f42d6cd9c0329d90dc23f67aa4317.jpg,416,416,2,132,265,151,283
506_jpg.rf.c66f42d6cd9c0329d90dc23f67aa4317.jpg,416,416,1,110,265,130,283
271_jpg.rf.c9c3386603443b0f38f04b3842ffe1b2.jpg,416,416,23,138,213,180,242
271_jpg.rf.c9c3386603443b0f38f04b3842ffe1b2.jpg,416,416,25,180,211,218,242
271_jpg.rf.c9c3386603443b0f38f04b3842ffe1b2.jpg,416,416,26,218,212,257,242
271_jpg.rf.c9c3386603443b0f38f04b3842ffe1b2.jpg,416,416,27,257,212,295,241
271_jpg.rf.c9c3386603443b0f38f04b3842ffe1b2.jpg,416,416,19,140,246,179,273
271_jpg.rf.c9c3386603443b0f38f04b3842ffe1b2.jpg,416,416,20,180,246,218,274
271_jpg.rf.c9c3386603443b0f38f04b3842ffe1b2.jpg,416,416,21,219,246,257,274
271_jpg.rf.c9c3386603443b0f38f04b3842ffe1b2.jpg,416,416,22,254,246,291,272
271_jpg.rf.c9c3386603443b0f38f04b3842ffe1b2.jpg,416,416,15,140,278,180,306
271_jpg.rf.c9c3386603443b0f38f04b3842ffe1b2.jpg,416,416,16,180,278,218,306
271_jpg.rf.c9c3386603443b0f38f04b3842ffe1b2.jpg,416,416,17,218,278,256,306
271_jpg.rf.c9c3386603443b0f38f04b3842ffe1b2.jpg,416,416,11,218,309,256,336
271_jpg.rf.c9c3386603443b0f38f04b3842ffe1b2.jpg,416,416,12,256,310,291,337
650_jpg.rf.c57e31b31618f0e08a85a3a457ef6a03.jpg,416,416,10,193,81,204,103
650_jpg.rf.c57e31b31618f0e08a85a3a457ef6a03.jpg,416,416,7,194,115,205,137
650_jpg.rf.c57e31b31618f0e08a85a3a457ef6a03.jpg,416,416,5,195,148,207,170
650_jpg.rf.c57e31b31618f0e08a85a3a457ef6a03.jpg,416,416,3,196,181,207,203
650_jpg.rf.c57e31b31618f0e08a85a3a457ef6a03.jpg,416,416,1,196,212,209,236
650_jpg.rf.c57e31b31618f0e08a85a3a457ef6a03.jpg,416,416,11,213,78,225,102
650_jpg.rf.c57e31b31618f0e08a85a3a457ef6a03.jpg,416,416,8,214,114,226,137
650_jpg.rf.c57e31b31618f0e08a85a3a457ef6a03.jpg,416,416,6,215,148,227,170
650_jpg.rf.c57e31b31618f0e08a85a3a457ef6a03.jpg,416,416,4,215,182,227,203
650_jpg.rf.c57e31b31618f0e08a85a3a457ef6a03.jpg,416,416,2,216,214,228,236
674_jpg.rf.c8bc3bc63a1ebf884a8793d482900dd4.jpg,416,416,1,186,51,226,100
674_jpg.rf.c8bc3bc63a1ebf884a8793d482900dd4.jpg,416,416,G,188,109,227,159
115_jpg.rf.c9e17af7ae9939e0b1a46689ddd794cd.jpg,416,416,57,299,135,330,171
115_jpg.rf.c9e17af7ae9939e0b1a46689ddd794cd.jpg,416,416,55,27,162,66,200
115_jpg.rf.c9e17af7ae9939e0b1a46689ddd794cd.jpg,416,416,54,355,175,386,206
115_jpg.rf.c9e17af7ae9939e0b1a46689ddd794cd.jpg,416,416,53,295,182,327,214
115_jpg.rf.c9e17af7ae9939e0b1a46689ddd794cd.jpg,416,416,52,234,190,267,222
115_jpg.rf.c9e17af7ae9939e0b1a46689ddd794cd.jpg,416,416,51,170,197,204,229
115_jpg.rf.c9e17af7ae9939e0b1a46689ddd794cd.jpg,416,416,50,107,205,141,239
115_jpg.rf.c9e17af7ae9939e0b1a46689ddd794cd.jpg,416,416,49,39,212,76,245
115_jpg.rf.c9e17af7ae9939e0b1a46689ddd794cd.jpg,416,416,48,348,217,378,246
115_jpg.rf.c9e17af7ae9939e0b1a46689ddd794cd.jpg,416,416,47,291,225,323,256
115_jpg.rf.c9e17af7ae9939e0b1a46689ddd794cd.jpg,416,416,46,234,233,265,261
115_jpg.rf.c9e17af7ae9939e0b1a46689ddd794cd.jpg,416,416,45,176,240,206,270
115_jpg.rf.c9e17af7ae9939e0b1a46689ddd794cd.jpg,416,416,44,115,248,148,278
115_jpg.rf.c9e17af7ae9939e0b1a46689ddd794cd.jpg,416,416,43,49,256,86,286
115_jpg.rf.c9e17af7ae9939e0b1a46689ddd794cd.jpg,416,416,42,343,256,374,283
115_jpg.rf.c9e17af7ae9939e0b1a46689ddd794cd.jpg,416,416,41,290,265,320,291
115_jpg.rf.c9e17af7ae9939e0b1a46689ddd794cd.jpg,416,416,40,235,272,264,299
115_jpg.rf.c9e17af7ae9939e0b1a46689ddd794cd.jpg,416,416,39,179,279,210,306
115_jpg.rf.c9e17af7ae9939e0b1a46689ddd794cd.jpg,416,416,38,119,288,151,315
115_jpg.rf.c9e17af7ae9939e0b1a46689ddd794cd.jpg,416,416,37,58,295,95,323
115_jpg.rf.c9e17af7ae9939e0b1a46689ddd794cd.jpg,416,416,36,341,292,368,317
115_jpg.rf.c9e17af7ae9939e0b1a46689ddd794cd.jpg,416,416,35,288,300,315,324
115_jpg.rf.c9e17af7ae9939e0b1a46689ddd794cd.jpg,416,416,34,181,316,210,339
115_jpg.rf.c9e17af7ae9939e0b1a46689ddd794cd.jpg,416,416,1,67,330,100,358
31_jpg.rf.c8f370c6b5d46863f5a027cccc30f0de.jpg,416,416,22,277,34,337,78
31_jpg.rf.c8f370c6b5d46863f5a027cccc30f0de.jpg,416,416,21,206,33,267,77
31_jpg.rf.c8f370c6b5d46863f5a027cccc30f0de.jpg,416,416,20,133,32,194,77
31_jpg.rf.c8f370c6b5d46863f5a027cccc30f0de.jpg,416,416,19,313,89,373,131
31_jpg.rf.c8f370c6b5d46863f5a027cccc30f0de.jpg,416,416,18,243,88,301,134
31_jpg.rf.c8f370c6b5d46863f5a027cccc30f0de.jpg,416,416,17,170,87,231,133
31_jpg.rf.c8f370c6b5d46863f5a027cccc30f0de.jpg,416,416,16,96,88,156,132
31_jpg.rf.c8f370c6b5d46863f5a027cccc30f0de.jpg,416,416,15,314,142,372,188
31_jpg.rf.c8f370c6b5d46863f5a027cccc30f0de.jpg,416,416,14,243,143,303,189
31_jpg.rf.c8f370c6b5d46863f5a027cccc30f0de.jpg,416,416,12,170,144,230,189
31_jpg.rf.c8f370c6b5d46863f5a027cccc30f0de.jpg,416,416,11,96,143,157,191
31_jpg.rf.c8f370c6b5d46863f5a027cccc30f0de.jpg,416,416,10,314,195,373,240
31_jpg.rf.c8f370c6b5d46863f5a027cccc30f0de.jpg,416,416,9,243,197,302,244
31_jpg.rf.c8f370c6b5d46863f5a027cccc30f0de.jpg,416,416,7,96,199,156,247
31_jpg.rf.c8f370c6b5d46863f5a027cccc30f0de.jpg,416,416,3,97,255,159,303
31_jpg.rf.c8f370c6b5d46863f5a027cccc30f0de.jpg,416,416,8,171,199,229,245
31_jpg.rf.c8f370c6b5d46863f5a027cccc30f0de.jpg,416,416,4,170,254,232,302
31_jpg.rf.c8f370c6b5d46863f5a027cccc30f0de.jpg,416,416,5,244,252,303,300
31_jpg.rf.c8f370c6b5d46863f5a027cccc30f0de.jpg,416,416,6,315,250,373,298
31_jpg.rf.c8f370c6b5d46863f5a027cccc30f0de.jpg,416,416,2,244,306,304,354
31_jpg.rf.c8f370c6b5d46863f5a027cccc30f0de.jpg,416,416,R,279,359,336,406
455_jpg.rf.c7680832bb46be4c98a99dfe46a7965f.jpg,416,416,13,205,243,220,260
455_jpg.rf.c7680832bb46be4c98a99dfe46a7965f.jpg,416,416,11,179,246,195,261
455_jpg.rf.c7680832bb46be4c98a99dfe46a7965f.jpg,416,416,9,205,270,220,285
455_jpg.rf.c7680832bb46be4c98a99dfe46a7965f.jpg,416,416,7,179,274,194,289
455_jpg.rf.c7680832bb46be4c98a99dfe46a7965f.jpg,416,416,5,206,297,220,312
455_jpg.rf.c7680832bb46be4c98a99dfe46a7965f.jpg,416,416,3,179,302,194,318
455_jpg.rf.c7680832bb46be4c98a99dfe46a7965f.jpg,416,416,1,206,323,220,339
455_jpg.rf.c7680832bb46be4c98a99dfe46a7965f.jpg,416,416,G,178,330,195,346
968_jpg.rf.c9f7f74ff5bd13f9ec42b5d006afbba9.jpg,416,416,55,140,59,156,89
968_jpg.rf.c9f7f74ff5bd13f9ec42b5d006afbba9.jpg,416,416,48,141,100,157,128
968_jpg.rf.c9f7f74ff5bd13f9ec42b5d006afbba9.jpg,416,416,56,171,60,187,88
968_jpg.rf.c9f7f74ff5bd13f9ec42b5d006afbba9.jpg,416,416,57,200,59,215,87
968_jpg.rf.c9f7f74ff5bd13f9ec42b5d006afbba9.jpg,416,416,58,228,58,242,86
968_jpg.rf.c9f7f74ff5bd13f9ec42b5d006afbba9.jpg,416,416,59,255,58,269,85
968_jpg.rf.c9f7f74ff5bd13f9ec42b5d006afbba9.jpg,416,416,49,172,98,188,126
968_jpg.rf.c9f7f74ff5bd13f9ec42b5d006afbba9.jpg,416,416,50,201,97,216,124
968_jpg.rf.c9f7f74ff5bd13f9ec42b5d006afbba9.jpg,416,416,52,229,97,242,123
968_jpg.rf.c9f7f74ff5bd13f9ec42b5d006afbba9.jpg,416,416,53,255,95,269,121
968_jpg.rf.c9f7f74ff5bd13f9ec42b5d006afbba9.jpg,416,416,43,143,139,158,166
968_jpg.rf.c9f7f74ff5bd13f9ec42b5d006afbba9.jpg,416,416,44,173,136,187,162
968_jpg.rf.c9f7f74ff5bd13f9ec42b5d006afbba9.jpg,416,416,45,201,133,215,160
968_jpg.rf.c9f7f74ff5bd13f9ec42b5d006afbba9.jpg,416,416,46,228,131,242,158
968_jpg.rf.c9f7f74ff5bd13f9ec42b5d006afbba9.jpg,416,416,47,255,130,268,156
968_jpg.rf.c9f7f74ff5bd13f9ec42b5d006afbba9.jpg,416,416,38,144,176,159,203
968_jpg.rf.c9f7f74ff5bd13f9ec42b5d006afbba9.jpg,416,416,39,174,173,188,199
968_jpg.rf.c9f7f74ff5bd13f9ec42b5d006afbba9.jpg,416,416,40,202,170,216,196
968_jpg.rf.c9f7f74ff5bd13f9ec42b5d006afbba9.jpg,416,416,41,229,168,242,193
968_jpg.rf.c9f7f74ff5bd13f9ec42b5d006afbba9.jpg,416,416,42,255,165,268,190
968_jpg.rf.c9f7f74ff5bd13f9ec42b5d006afbba9.jpg,416,416,33,145,213,160,239
968_jpg.rf.c9f7f74ff5bd13f9ec42b5d006afbba9.jpg,416,416,34,175,209,189,235
968_jpg.rf.c9f7f74ff5bd13f9ec42b5d006afbba9.jpg,416,416,35,203,206,216,231
968_jpg.rf.c9f7f74ff5bd13f9ec42b5d006afbba9.jpg,416,416,36,229,202,242,228
968_jpg.rf.c9f7f74ff5bd13f9ec42b5d006afbba9.jpg,416,416,37,255,199,267,224
968_jpg.rf.c9f7f74ff5bd13f9ec42b5d006afbba9.jpg,416,416,L,149,320,163,347
968_jpg.rf.c9f7f74ff5bd13f9ec42b5d006afbba9.jpg,416,416,10,178,314,191,339
968_jpg.rf.c9f7f74ff5bd13f9ec42b5d006afbba9.jpg,416,416,11,205,308,217,333
968_jpg.rf.c9f7f74ff5bd13f9ec42b5d006afbba9.jpg,416,416,19,231,303,243,328
968_jpg.rf.c9f7f74ff5bd13f9ec42b5d006afbba9.jpg,416,416,21,256,298,268,322
1964_jpg.rf.ca45b0f40432f49934294150302dfd50.jpg,416,416,35,184,192,205,204
1964_jpg.rf.ca45b0f40432f49934294150302dfd50.jpg,416,416,36,209,192,230,204
1964_jpg.rf.ca45b0f40432f49934294150302dfd50.jpg,416,416,31,184,205,205,217
1964_jpg.rf.ca45b0f40432f49934294150302dfd50.jpg,416,416,32,209,205,230,217
1964_jpg.rf.ca45b0f40432f49934294150302dfd50.jpg,416,416,33,233,204,254,216
1964_jpg.rf.ca45b0f40432f49934294150302dfd50.jpg,416,416,28,184,218,205,230
1964_jpg.rf.ca45b0f40432f49934294150302dfd50.jpg,416,416,29,209,217,230,229
1964_jpg.rf.ca45b0f40432f49934294150302dfd50.jpg,416,416,30,233,217,254,229
1964_jpg.rf.ca45b0f40432f49934294150302dfd50.jpg,416,416,25,184,231,205,243
1964_jpg.rf.ca45b0f40432f49934294150302dfd50.jpg,416,416,26,210,230,231,242
1964_jpg.rf.ca45b0f40432f49934294150302dfd50.jpg,416,416,27,233,230,254,242
1964_jpg.rf.ca45b0f40432f49934294150302dfd50.jpg,416,416,21,184,243,205,255
1964_jpg.rf.ca45b0f40432f49934294150302dfd50.jpg,416,416,22,209,242,230,254
1964_jpg.rf.ca45b0f40432f49934294150302dfd50.jpg,416,416,23,233,242,254,253
1964_jpg.rf.ca45b0f40432f49934294150302dfd50.jpg,416,416,18,184,255,205,267
1964_jpg.rf.ca45b0f40432f49934294150302dfd50.jpg,416,416,19,209,255,230,266
1964_jpg.rf.ca45b0f40432f49934294150302dfd50.jpg,416,416,20,234,254,255,266
1964_jpg.rf.ca45b0f40432f49934294150302dfd50.jpg,416,416,15,185,267,206,279
1964_jpg.rf.ca45b0f40432f49934294150302dfd50.jpg,416,416,16,209,267,231,278
1964_jpg.rf.ca45b0f40432f49934294150302dfd50.jpg,416,416,17,232,266,254,277
1964_jpg.rf.ca45b0f40432f49934294150302dfd50.jpg,416,416,10,185,280,206,291
1964_jpg.rf.ca45b0f40432f49934294150302dfd50.jpg,416,416,11,209,279,230,290
1964_jpg.rf.ca45b0f40432f49934294150302dfd50.jpg,416,416,12,234,278,255,290
1964_jpg.rf.ca45b0f40432f49934294150302dfd50.jpg,416,416,7,186,293,205,302
1964_jpg.rf.ca45b0f40432f49934294150302dfd50.jpg,416,416,8,211,292,230,301
1964_jpg.rf.ca45b0f40432f49934294150302dfd50.jpg,416,416,9,234,291,253,301
1964_jpg.rf.ca45b0f40432f49934294150302dfd50.jpg,416,416,M,186,305,205,314
1964_jpg.rf.ca45b0f40432f49934294150302dfd50.jpg,416,416,5,210,304,230,314
1964_jpg.rf.ca45b0f40432f49934294150302dfd50.jpg,416,416,6,235,303,253,313
1964_jpg.rf.ca45b0f40432f49934294150302dfd50.jpg,416,416,3,234,315,253,325
1964_jpg.rf.ca45b0f40432f49934294150302dfd50.jpg,416,416,2,211,316,230,326
1964_jpg.rf.ca45b0f40432f49934294150302dfd50.jpg,416,416,1,186,317,206,328
1682_jpg.rf.c88a39112f84597c480c8d4fbd2a37e5.jpg,416,416,5,165,117,188,135
1682_jpg.rf.c88a39112f84597c480c8d4fbd2a37e5.jpg,416,416,6,234,117,256,135
1682_jpg.rf.c88a39112f84597c480c8d4fbd2a37e5.jpg,416,416,3,165,145,188,163
1682_jpg.rf.c88a39112f84597c480c8d4fbd2a37e5.jpg,416,416,4,234,145,256,163
1682_jpg.rf.c88a39112f84597c480c8d4fbd2a37e5.jpg,416,416,1,164,172,189,191
1682_jpg.rf.c88a39112f84597c480c8d4fbd2a37e5.jpg,416,416,2,232,173,256,190
1682_jpg.rf.c88a39112f84597c480c8d4fbd2a37e5.jpg,416,416,G,232,201,255,218
1974_jpg.rf.c7d399bb46738d6bc62d88c4d5a9e9a7.jpg,416,416,36,222,320,235,342
1974_jpg.rf.c7d399bb46738d6bc62d88c4d5a9e9a7.jpg,416,416,35,223,345,235,365
1974_jpg.rf.c7d399bb46738d6bc62d88c4d5a9e9a7.jpg,416,416,31,223,369,235,390
1974_jpg.rf.c7d399bb46738d6bc62d88c4d5a9e9a7.jpg,416,416,32,240,369,252,391
1974_jpg.rf.c7d399bb46738d6bc62d88c4d5a9e9a7.jpg,416,416,33,256,368,268,389
1974_jpg.rf.c7d399bb46738d6bc62d88c4d5a9e9a7.jpg,416,416,28,223,395,235,415
1974_jpg.rf.c7d399bb46738d6bc62d88c4d5a9e9a7.jpg,416,416,29,240,394,252,414
1974_jpg.rf.c7d399bb46738d6bc62d88c4d5a9e9a7.jpg,416,416,30,257,392,269,416
278_jpg.rf.c84605d7d16470aca56e0c0968121636.jpg,416,416,8,171,68,203,109
278_jpg.rf.c84605d7d16470aca56e0c0968121636.jpg,416,416,6,174,122,204,161
278_jpg.rf.c84605d7d16470aca56e0c0968121636.jpg,416,416,7,216,126,246,166
278_jpg.rf.c84605d7d16470aca56e0c0968121636.jpg,416,416,3,175,168,202,206
278_jpg.rf.c84605d7d16470aca56e0c0968121636.jpg,416,416,5,216,173,244,212
278_jpg.rf.c84605d7d16470aca56e0c0968121636.jpg,416,416,1,177,212,203,247
278_jpg.rf.c84605d7d16470aca56e0c0968121636.jpg,416,416,2,216,218,242,253
1971_jpg.rf.c87fca8d26ccf04fc8e8a72a5d2be91c.jpg,416,416,1,182,260,197,287
1971_jpg.rf.c87fca8d26ccf04fc8e8a72a5d2be91c.jpg,416,416,1,365,301,379,332
1971_jpg.rf.c87fca8d26ccf04fc8e8a72a5d2be91c.jpg,416,416,2,199,259,212,286
1971_jpg.rf.c87fca8d26ccf04fc8e8a72a5d2be91c.jpg,416,416,2,383,317,398,348
1971_jpg.rf.c87fca8d26ccf04fc8e8a72a5d2be91c.jpg,416,416,5,214,257,229,284
1971_jpg.rf.c87fca8d26ccf04fc8e8a72a5d2be91c.jpg,416,416,5,367,272,380,301
1971_jpg.rf.c87fca8d26ccf04fc8e8a72a5d2be91c.jpg,416,416,7,230,256,244,282
1971_jpg.rf.c87fca8d26ccf04fc8e8a72a5d2be91c.jpg,416,416,7,384,283,398,314
1971_jpg.rf.c87fca8d26ccf04fc8e8a72a5d2be91c.jpg,416,416,8,245,255,259,281
1971_jpg.rf.c87fca8d26ccf04fc8e8a72a5d2be91c.jpg,416,416,8,368,242,379,270
1971_jpg.rf.c87fca8d26ccf04fc8e8a72a5d2be91c.jpg,416,416,9,166,220,181,246
1971_jpg.rf.c87fca8d26ccf04fc8e8a72a5d2be91c.jpg,416,416,9,385,251,399,279
1971_jpg.rf.c87fca8d26ccf04fc8e8a72a5d2be91c.jpg,416,416,10,182,218,196,245
1971_jpg.rf.c87fca8d26ccf04fc8e8a72a5d2be91c.jpg,416,416,10,368,211,381,241
1971_jpg.rf.c87fca8d26ccf04fc8e8a72a5d2be91c.jpg,416,416,11,198,217,212,243
1971_jpg.rf.c87fca8d26ccf04fc8e8a72a5d2be91c.jpg,416,416,11,386,218,400,248
1971_jpg.rf.c87fca8d26ccf04fc8e8a72a5d2be91c.jpg,416,416,12,213,216,228,242
1971_jpg.rf.c87fca8d26ccf04fc8e8a72a5d2be91c.jpg,416,416,12,369,180,382,210
1971_jpg.rf.c87fca8d26ccf04fc8e8a72a5d2be91c.jpg,416,416,14,229,215,243,241
1971_jpg.rf.c87fca8d26ccf04fc8e8a72a5d2be91c.jpg,416,416,14,387,184,401,217
1971_jpg.rf.c87fca8d26ccf04fc8e8a72a5d2be91c.jpg,416,416,15,245,214,258,240
1971_jpg.rf.c87fca8d26ccf04fc8e8a72a5d2be91c.jpg,416,416,15,370,148,382,177
1971_jpg.rf.c87fca8d26ccf04fc8e8a72a5d2be91c.jpg,416,416,16,165,176,179,202
1971_jpg.rf.c87fca8d26ccf04fc8e8a72a5d2be91c.jpg,416,416,16,389,150,402,182
1971_jpg.rf.c87fca8d26ccf04fc8e8a72a5d2be91c.jpg,416,416,17,181,175,195,201
1971_jpg.rf.c87fca8d26ccf04fc8e8a72a5d2be91c.jpg,416,416,17,371,115,383,144
1971_jpg.rf.c87fca8d26ccf04fc8e8a72a5d2be91c.jpg,416,416,18,198,174,212,199
1971_jpg.rf.c87fca8d26ccf04fc8e8a72a5d2be91c.jpg,416,416,18,389,114,403,147
1971_jpg.rf.c87fca8d26ccf04fc8e8a72a5d2be91c.jpg,416,416,19,214,172,227,198
1971_jpg.rf.c87fca8d26ccf04fc8e8a72a5d2be91c.jpg,416,416,19,371,82,384,113
1971_jpg.rf.c87fca8d26ccf04fc8e8a72a5d2be91c.jpg,416,416,20,229,172,243,197
1971_jpg.rf.c87fca8d26ccf04fc8e8a72a5d2be91c.jpg,416,416,20,390,80,404,111
1214_jpg.rf.cc53465e9ef4909947c2dcc74bcca2d3.jpg,416,416,4,236,67,259,109
1214_jpg.rf.cc53465e9ef4909947c2dcc74bcca2d3.jpg,416,416,3,234,157,257,196
1214_jpg.rf.cc53465e9ef4909947c2dcc74bcca2d3.jpg,416,416,2,233,237,255,274
1214_jpg.rf.cc53465e9ef4909947c2dcc74bcca2d3.jpg,416,416,1,232,310,252,345
1495_jpg.rf.c9f53506490ffdd877ab4afcd4301be2.jpg,416,416,18,243,126,263,146
1495_jpg.rf.c9f53506490ffdd877ab4afcd4301be2.jpg,416,416,16,243,143,263,163
1495_jpg.rf.c9f53506490ffdd877ab4afcd4301be2.jpg,416,416,14,243,160,263,178
1495_jpg.rf.c9f53506490ffdd877ab4afcd4301be2.jpg,416,416,12,242,175,262,194
1495_jpg.rf.c9f53506490ffdd877ab4afcd4301be2.jpg,416,416,10,242,192,262,210
1495_jpg.rf.c9f53506490ffdd877ab4afcd4301be2.jpg,416,416,8,241,208,262,225
1495_jpg.rf.c9f53506490ffdd877ab4afcd4301be2.jpg,416,416,6,241,223,261,242
1495_jpg.rf.c9f53506490ffdd877ab4afcd4301be2.jpg,416,416,4,240,238,261,256
1495_jpg.rf.c9f53506490ffdd877ab4afcd4301be2.jpg,416,416,1,240,253,261,270
1495_jpg.rf.c9f53506490ffdd877ab4afcd4301be2.jpg,416,416,17,262,142,282,162
1495_jpg.rf.c9f53506490ffdd877ab4afcd4301be2.jpg,416,416,15,262,159,282,178
1495_jpg.rf.c9f53506490ffdd877ab4afcd4301be2.jpg,416,416,13,262,175,281,194
1495_jpg.rf.c9f53506490ffdd877ab4afcd4301be2.jpg,416,416,11,262,191,280,210
1495_jpg.rf.c9f53506490ffdd877ab4afcd4301be2.jpg,416,416,9,262,207,280,225
1495_jpg.rf.c9f53506490ffdd877ab4afcd4301be2.jpg,416,416,7,262,221,280,240
1495_jpg.rf.c9f53506490ffdd877ab4afcd4301be2.jpg,416,416,5,261,237,279,255
1495_jpg.rf.c9f53506490ffdd877ab4afcd4301be2.jpg,416,416,2,261,253,280,271
830_jpg.rf.c969a2690e361cbcd22f802a259b5601.jpg,416,416,35,193,288,216,309
830_jpg.rf.c969a2690e361cbcd22f802a259b5601.jpg,416,416,34,215,299,239,320
830_jpg.rf.c969a2690e361cbcd22f802a259b5601.jpg,416,416,33,193,312,216,332
830_jpg.rf.c969a2690e361cbcd22f802a259b5601.jpg,416,416,32,215,322,239,343
830_jpg.rf.c969a2690e361cbcd22f802a259b5601.jpg,416,416,31,193,334,217,355
830_jpg.rf.c969a2690e361cbcd22f802a259b5601.jpg,416,416,30,216,345,239,366
830_jpg.rf.c969a2690e361cbcd22f802a259b5601.jpg,416,416,29,193,358,217,379
830_jpg.rf.c969a2690e361cbcd22f802a259b5601.jpg,416,416,28,217,369,241,390
830_jpg.rf.c969a2690e361cbcd22f802a259b5601.jpg,416,416,27,193,382,217,402
830_jpg.rf.c969a2690e361cbcd22f802a259b5601.jpg,416,416,26,217,393,241,414
369_jpg.rf.ca50ad032a1c4acf6572737773d25ef7.jpg,416,416,2,195,91,259,131
369_jpg.rf.ca50ad032a1c4acf6572737773d25ef7.jpg,416,416,1,198,136,256,172
369_jpg.rf.ca50ad032a1c4acf6572737773d25ef7.jpg,416,416,G,199,176,253,207
533_jpg.rf.ca6dc7e98e1f732c08c6fb823bf26dd7.jpg,416,416,1,178,139,212,161
533_jpg.rf.ca6dc7e98e1f732c08c6fb823bf26dd7.jpg,416,416,5,222,139,257,161
533_jpg.rf.ca6dc7e98e1f732c08c6fb823bf26dd7.jpg,416,416,G,177,164,211,185
533_jpg.rf.ca6dc7e98e1f732c08c6fb823bf26dd7.jpg,416,416,4,219,164,254,184
533_jpg.rf.ca6dc7e98e1f732c08c6fb823bf26dd7.jpg,416,416,3,218,188,250,207
533_jpg.rf.ca6dc7e98e1f732c08c6fb823bf26dd7.jpg,416,416,2,215,210,248,229
108_jpg.rf.cc4d9d9d5b0586612c8a92bd7218030a.jpg,416,416,17,218,127,253,152
108_jpg.rf.cc4d9d9d5b0586612c8a92bd7218030a.jpg,416,416,16,106,131,140,157
108_jpg.rf.cc4d9d9d5b0586612c8a92bd7218030a.jpg,416,416,15,221,156,256,183
108_jpg.rf.cc4d9d9d5b0586612c8a92bd7218030a.jpg,416,416,14,108,163,142,189
108_jpg.rf.cc4d9d9d5b0586612c8a92bd7218030a.jpg,416,416,12,225,190,258,216
108_jpg.rf.cc4d9d9d5b0586612c8a92bd7218030a.jpg,416,416,11,110,195,145,221
108_jpg.rf.cc4d9d9d5b0586612c8a92bd7218030a.jpg,416,416,10,226,221,261,246
108_jpg.rf.cc4d9d9d5b0586612c8a92bd7218030a.jpg,416,416,9,112,225,146,251
108_jpg.rf.cc4d9d9d5b0586612c8a92bd7218030a.jpg,416,416,8,227,253,261,277
108_jpg.rf.cc4d9d9d5b0586612c8a92bd7218030a.jpg,416,416,7,115,256,149,282
108_jpg.rf.cc4d9d9d5b0586612c8a92bd7218030a.jpg,416,416,6,229,283,263,307
108_jpg.rf.cc4d9d9d5b0586612c8a92bd7218030a.jpg,416,416,5,118,286,153,311
108_jpg.rf.cc4d9d9d5b0586612c8a92bd7218030a.jpg,416,416,4,230,313,264,337
108_jpg.rf.cc4d9d9d5b0586612c8a92bd7218030a.jpg,416,416,3,119,317,155,341
108_jpg.rf.cc4d9d9d5b0586612c8a92bd7218030a.jpg,416,416,2,232,341,266,367
108_jpg.rf.cc4d9d9d5b0586612c8a92bd7218030a.jpg,416,416,G,125,345,158,369
1989_jpg.rf.cb2cf3423bb376a03bad7d130fb0a55c.jpg,416,416,K,210,264,245,297
1989_jpg.rf.cb2cf3423bb376a03bad7d130fb0a55c.jpg,416,416,1,204,226,250,262
1989_jpg.rf.cb2cf3423bb376a03bad7d130fb0a55c.jpg,416,416,3,210,186,247,221
1989_jpg.rf.cb2cf3423bb376a03bad7d130fb0a55c.jpg,416,416,4,210,144,250,180
1989_jpg.rf.cb2cf3423bb376a03bad7d130fb0a55c.jpg,416,416,5,211,96,249,136
1316_jpg.rf.ca93858ae895606015a612802404bc21.jpg,416,416,12,65,190,196,221
1316_jpg.rf.ca93858ae895606015a612802404bc21.jpg,416,416,10,72,221,196,248
1316_jpg.rf.ca93858ae895606015a612802404bc21.jpg,416,416,8,76,248,196,274
1316_jpg.rf.ca93858ae895606015a612802404bc21.jpg,416,416,G,82,274,196,299
1316_jpg.rf.ca93858ae895606015a612802404bc21.jpg,416,416,4,85,299,196,322
1316_jpg.rf.ca93858ae895606015a612802404bc21.jpg,416,416,2,89,322,196,344
1316_jpg.rf.ca93858ae895606015a612802404bc21.jpg,416,416,11,221,184,338,213
1316_jpg.rf.ca93858ae895606015a612802404bc21.jpg,416,416,9,219,213,331,240
1316_jpg.rf.ca93858ae895606015a612802404bc21.jpg,416,416,7,217,240,327,265
1316_jpg.rf.ca93858ae895606015a612802404bc21.jpg,416,416,5,216,266,321,289
1316_jpg.rf.ca93858ae895606015a612802404bc21.jpg,416,416,3,215,289,318,312
1316_jpg.rf.ca93858ae895606015a612802404bc21.jpg,416,416,1,214,309,315,335
1927_jpg.rf.ccf21adb6fee9d39df8d73922eddf1aa.jpg,416,416,4,65,59,187,156
1927_jpg.rf.ccf21adb6fee9d39df8d73922eddf1aa.jpg,416,416,3,279,90,375,170
1927_jpg.rf.ccf21adb6fee9d39df8d73922eddf1aa.jpg,416,416,2,90,142,201,230
1068_jpg.rf.cc78d5a6636f4b03102d325103608bf6.jpg,416,416,4,181,190,226,221
1068_jpg.rf.cc78d5a6636f4b03102d325103608bf6.jpg,416,416,3,181,224,225,254
1068_jpg.rf.cc78d5a6636f4b03102d325103608bf6.jpg,416,416,2,181,257,224,285
1068_jpg.rf.cc78d5a6636f4b03102d325103608bf6.jpg,416,416,1,182,286,222,313
1792_jpg.rf.c9e37cf6aedea300a6b8dc7f46a97c36.jpg,416,416,12,139,237,154,260
1792_jpg.rf.c9e37cf6aedea300a6b8dc7f46a97c36.jpg,416,416,13,161,236,175,258
1792_jpg.rf.c9e37cf6aedea300a6b8dc7f46a97c36.jpg,416,416,1,162,269,175,289
1792_jpg.rf.c9e37cf6aedea300a6b8dc7f46a97c36.jpg,416,416,14,182,235,195,256
1792_jpg.rf.c9e37cf6aedea300a6b8dc7f46a97c36.jpg,416,416,2,183,267,196,288
1792_jpg.rf.c9e37cf6aedea300a6b8dc7f46a97c36.jpg,416,416,15,202,233,216,253
1792_jpg.rf.c9e37cf6aedea300a6b8dc7f46a97c36.jpg,416,416,6,202,265,216,286
1792_jpg.rf.c9e37cf6aedea300a6b8dc7f46a97c36.jpg,416,416,16,222,231,235,252
1792_jpg.rf.c9e37cf6aedea300a6b8dc7f46a97c36.jpg,416,416,7,222,264,236,284
1792_jpg.rf.c9e37cf6aedea300a6b8dc7f46a97c36.jpg,416,416,17,242,230,256,251
1792_jpg.rf.c9e37cf6aedea300a6b8dc7f46a97c36.jpg,416,416,8,242,263,255,284
1792_jpg.rf.c9e37cf6aedea300a6b8dc7f46a97c36.jpg,416,416,18,263,228,276,250
1792_jpg.rf.c9e37cf6aedea300a6b8dc7f46a97c36.jpg,416,416,9,262,261,275,282
1792_jpg.rf.c9e37cf6aedea300a6b8dc7f46a97c36.jpg,416,416,19,282,227,296,250
1792_jpg.rf.c9e37cf6aedea300a6b8dc7f46a97c36.jpg,416,416,10,281,259,295,280
1792_jpg.rf.c9e37cf6aedea300a6b8dc7f46a97c36.jpg,416,416,20,301,225,316,248
1792_jpg.rf.c9e37cf6aedea300a6b8dc7f46a97c36.jpg,416,416,11,301,258,315,279
615_jpg.rf.cc4a75477d53a1dbb919630af8b882de.jpg,416,416,1,226,126,263,186
615_jpg.rf.cc4a75477d53a1dbb919630af8b882de.jpg,416,416,G,216,181,250,235
1201_jpg.rf.cabbf910bdcde993b0683cc8fd59e3f7.jpg,416,416,22,214,204,222,210
1201_jpg.rf.cabbf910bdcde993b0683cc8fd59e3f7.jpg,416,416,21,214,212,223,218
1201_jpg.rf.cabbf910bdcde993b0683cc8fd59e3f7.jpg,416,416,20,214,219,223,225
1201_jpg.rf.cabbf910bdcde993b0683cc8fd59e3f7.jpg,416,416,19,215,227,223,233
1201_jpg.rf.cabbf910bdcde993b0683cc8fd59e3f7.jpg,416,416,18,214,234,223,241
1201_jpg.rf.cabbf910bdcde993b0683cc8fd59e3f7.jpg,416,416,17,214,242,223,248
1201_jpg.rf.cabbf910bdcde993b0683cc8fd59e3f7.jpg,416,416,16,215,249,223,256
1201_jpg.rf.cabbf910bdcde993b0683cc8fd59e3f7.jpg,416,416,15,215,257,223,264
1201_jpg.rf.cabbf910bdcde993b0683cc8fd59e3f7.jpg,416,416,14,215,265,224,271
1201_jpg.rf.cabbf910bdcde993b0683cc8fd59e3f7.jpg,416,416,13,215,272,223,279
1201_jpg.rf.cabbf910bdcde993b0683cc8fd59e3f7.jpg,416,416,12,215,280,224,286
1201_jpg.rf.cabbf910bdcde993b0683cc8fd59e3f7.jpg,416,416,11,194,204,202,211
1201_jpg.rf.cabbf910bdcde993b0683cc8fd59e3f7.jpg,416,416,10,193,212,203,218
1201_jpg.rf.cabbf910bdcde993b0683cc8fd59e3f7.jpg,416,416,9,194,220,202,226
1201_jpg.rf.cabbf910bdcde993b0683cc8fd59e3f7.jpg,416,416,8,194,228,203,234
1201_jpg.rf.cabbf910bdcde993b0683cc8fd59e3f7.jpg,416,416,7,194,236,203,242
1201_jpg.rf.cabbf910bdcde993b0683cc8fd59e3f7.jpg,416,416,6,194,244,203,250
1201_jpg.rf.cabbf910bdcde993b0683cc8fd59e3f7.jpg,416,416,5,194,251,203,258
1201_jpg.rf.cabbf910bdcde993b0683cc8fd59e3f7.jpg,416,416,4,194,259,203,265
1201_jpg.rf.cabbf910bdcde993b0683cc8fd59e3f7.jpg,416,416,3,194,266,203,273
1201_jpg.rf.cabbf910bdcde993b0683cc8fd59e3f7.jpg,416,416,2,195,274,203,281
1201_jpg.rf.cabbf910bdcde993b0683cc8fd59e3f7.jpg,416,416,1,195,282,204,289
1201_jpg.rf.cabbf910bdcde993b0683cc8fd59e3f7.jpg,416,416,G,195,290,203,297
1201_jpg.rf.cabbf910bdcde993b0683cc8fd59e3f7.jpg,416,416,D,190,306,199,313
1201_jpg.rf.cabbf910bdcde993b0683cc8fd59e3f7.jpg,416,416,U,221,302,229,309
1109_jpg.rf.ce5a52eed4f7a9d9e740e4b6eb318f0e.jpg,416,416,1,102,317,152,347
1109_jpg.rf.ce5a52eed4f7a9d9e740e4b6eb318f0e.jpg,416,416,2,165,310,213,337
1109_jpg.rf.ce5a52eed4f7a9d9e740e4b6eb318f0e.jpg,416,416,3,226,304,272,332
1109_jpg.rf.ce5a52eed4f7a9d9e740e4b6eb318f0e.jpg,416,416,4,101,274,152,306
1109_jpg.rf.ce5a52eed4f7a9d9e740e4b6eb318f0e.jpg,416,416,5,168,271,217,301
1109_jpg.rf.ce5a52eed4f7a9d9e740e4b6eb318f0e.jpg,416,416,6,231,265,278,296
1109_jpg.rf.ce5a52eed4f7a9d9e740e4b6eb318f0e.jpg,416,416,7,101,232,153,266
1109_jpg.rf.ce5a52eed4f7a9d9e740e4b6eb318f0e.jpg,416,416,8,170,228,220,261
1109_jpg.rf.ce5a52eed4f7a9d9e740e4b6eb318f0e.jpg,416,416,9,235,224,285,256
1109_jpg.rf.ce5a52eed4f7a9d9e740e4b6eb318f0e.jpg,416,416,10,101,186,155,223
1109_jpg.rf.ce5a52eed4f7a9d9e740e4b6eb318f0e.jpg,416,416,11,172,184,224,219
1109_jpg.rf.ce5a52eed4f7a9d9e740e4b6eb318f0e.jpg,416,416,12,239,179,291,214
1109_jpg.rf.ce5a52eed4f7a9d9e740e4b6eb318f0e.jpg,416,416,13,104,138,159,176
1109_jpg.rf.ce5a52eed4f7a9d9e740e4b6eb318f0e.jpg,416,416,14,174,136,230,174
1109_jpg.rf.ce5a52eed4f7a9d9e740e4b6eb318f0e.jpg,416,416,15,244,132,299,170
1109_jpg.rf.ce5a52eed4f7a9d9e740e4b6eb318f0e.jpg,416,416,16,103,86,159,127
270_jpg.rf.c83e415aae98ff1d30a7e141522f468e.jpg,416,416,6,206,345,219,369
270_jpg.rf.c83e415aae98ff1d30a7e141522f468e.jpg,416,416,12,223,347,237,370
270_jpg.rf.c83e415aae98ff1d30a7e141522f468e.jpg,416,416,5,206,371,220,392
270_jpg.rf.c83e415aae98ff1d30a7e141522f468e.jpg,416,416,10,223,369,237,393
270_jpg.rf.c83e415aae98ff1d30a7e141522f468e.jpg,416,416,4,206,393,220,416
270_jpg.rf.c83e415aae98ff1d30a7e141522f468e.jpg,416,416,9,224,394,238,416
1018_jpg.rf.cc976c37adbd26c78defb628dca5cc64.jpg,416,416,12,222,91,242,127
1018_jpg.rf.cc976c37adbd26c78defb628dca5cc64.jpg,416,416,11,222,134,242,172
1018_jpg.rf.cc976c37adbd26c78defb628dca5cc64.jpg,416,416,5,222,179,242,216
1018_jpg.rf.cc976c37adbd26c78defb628dca5cc64.jpg,416,416,1,223,222,243,258
677_jpg.rf.cc8de3722e877cc99f92781502a3328f.jpg,416,416,10,73,31,174,127
677_jpg.rf.cc8de3722e877cc99f92781502a3328f.jpg,416,416,11,189,21,280,114
677_jpg.rf.cc8de3722e877cc99f92781502a3328f.jpg,416,416,12,296,12,385,103
677_jpg.rf.cc8de3722e877cc99f92781502a3328f.jpg,416,416,7,79,132,176,224
677_jpg.rf.cc8de3722e877cc99f92781502a3328f.jpg,416,416,8,189,120,280,210
677_jpg.rf.cc8de3722e877cc99f92781502a3328f.jpg,416,416,9,296,109,380,197
677_jpg.rf.cc8de3722e877cc99f92781502a3328f.jpg,416,416,4,84,226,179,314
677_jpg.rf.cc8de3722e877cc99f92781502a3328f.jpg,416,416,5,192,213,280,299
677_jpg.rf.cc8de3722e877cc99f92781502a3328f.jpg,416,416,6,293,199,377,283
677_jpg.rf.cc8de3722e877cc99f92781502a3328f.jpg,416,416,0,86,313,187,407
677_jpg.rf.cc8de3722e877cc99f92781502a3328f.jpg,416,416,2,194,300,278,383
677_jpg.rf.cc8de3722e877cc99f92781502a3328f.jpg,416,416,3,292,285,373,365
1825_jpg.rf.ce3f2511b2be4ad41e790e1eb0d011ec.jpg,416,416,33,39,63,91,111
1825_jpg.rf.ce3f2511b2be4ad41e790e1eb0d011ec.jpg,416,416,31,303,224,348,266
1825_jpg.rf.ce3f2511b2be4ad41e790e1eb0d011ec.jpg,416,416,30,306,304,351,347
1825_jpg.rf.ce3f2511b2be4ad41e790e1eb0d011ec.jpg,416,416,23,134,236,181,280
1825_jpg.rf.ce3f2511b2be4ad41e790e1eb0d011ec.jpg,416,416,22,138,319,186,364
1825_jpg.rf.ce3f2511b2be4ad41e790e1eb0d011ec.jpg,416,416,29,306,381,354,415
1365_jpg.rf.cecc182d060f36f86f9f2ae693f9955b.jpg,416,416,4,170,67,218,109
1365_jpg.rf.cecc182d060f36f86f9f2ae693f9955b.jpg,416,416,3,171,117,217,155
1365_jpg.rf.cecc182d060f36f86f9f2ae693f9955b.jpg,416,416,2,172,160,216,196
1509_jpg.rf.cf747a853f337232f71ac8bc1eadba61.jpg,416,416,7,159,36,197,88
1509_jpg.rf.cf747a853f337232f71ac8bc1eadba61.jpg,416,416,5,163,114,201,162
1509_jpg.rf.cf747a853f337232f71ac8bc1eadba61.jpg,416,416,6,235,111,273,158
1509_jpg.rf.cf747a853f337232f71ac8bc1eadba61.jpg,416,416,3,168,185,202,229
1509_jpg.rf.cf747a853f337232f71ac8bc1eadba61.jpg,416,416,4,237,182,271,226
1509_jpg.rf.cf747a853f337232f71ac8bc1eadba61.jpg,416,416,1,171,247,203,290
1509_jpg.rf.cf747a853f337232f71ac8bc1eadba61.jpg,416,416,2,237,243,269,286
500_jpg.rf.ce5e318ac294c49dcbb5bd06546bd45c.jpg,416,416,1,156,24,226,98
500_jpg.rf.ce5e318ac294c49dcbb5bd06546bd45c.jpg,416,416,G,158,126,225,195
1872_jpg.rf.cd0533253060fcc077e17bf3b8561af6.jpg,416,416,1,184,174,213,218
1872_jpg.rf.cd0533253060fcc077e17bf3b8561af6.jpg,416,416,0,183,225,212,270
1786_jpg.rf.ced5fee27f48e9f4d3b6ff42c8ccd0f4.jpg,416,416,8,165,0,204,46
1786_jpg.rf.ced5fee27f48e9f4d3b6ff42c8ccd0f4.jpg,416,416,6,166,49,204,112
1786_jpg.rf.ced5fee27f48e9f4d3b6ff42c8ccd0f4.jpg,416,416,7,212,50,250,114
1786_jpg.rf.ced5fee27f48e9f4d3b6ff42c8ccd0f4.jpg,416,416,4,169,115,204,172
1786_jpg.rf.ced5fee27f48e9f4d3b6ff42c8ccd0f4.jpg,416,416,5,212,114,248,172
1786_jpg.rf.ced5fee27f48e9f4d3b6ff42c8ccd0f4.jpg,416,416,2,171,174,206,226
1786_jpg.rf.ced5fee27f48e9f4d3b6ff42c8ccd0f4.jpg,416,416,3,212,172,246,225
1786_jpg.rf.ced5fee27f48e9f4d3b6ff42c8ccd0f4.jpg,416,416,G,171,225,205,273
1786_jpg.rf.ced5fee27f48e9f4d3b6ff42c8ccd0f4.jpg,416,416,1,212,223,245,272
2060_jpg.rf.cfcec3dd56049a785c8efd0c6ba1391b.jpg,416,416,3,147,95,179,119
2060_jpg.rf.cfcec3dd56049a785c8efd0c6ba1391b.jpg,416,416,4,216,94,248,118
2060_jpg.rf.cfcec3dd56049a785c8efd0c6ba1391b.jpg,416,416,1,151,136,181,156
2060_jpg.rf.cfcec3dd56049a785c8efd0c6ba1391b.jpg,416,416,2,214,135,244,154
1058_jpg.rf.ccf84f764617522e7dedf1abfa347f63.jpg,416,416,2,202,72,233,126
1058_jpg.rf.ccf84f764617522e7dedf1abfa347f63.jpg,416,416,1,204,130,230,183
1058_jpg.rf.ccf84f764617522e7dedf1abfa347f63.jpg,416,416,0,201,187,233,240
120_jpg.rf.cd77ca45d633d0788b499206cee7b925.jpg,416,416,36,55,66,186,148
120_jpg.rf.cd77ca45d633d0788b499206cee7b925.jpg,416,416,36,56,154,189,236
120_jpg.rf.cd77ca45d633d0788b499206cee7b925.jpg,416,416,28,58,241,187,324
120_jpg.rf.cd77ca45d633d0788b499206cee7b925.jpg,416,416,24,57,329,189,412
120_jpg.rf.cd77ca45d633d0788b499206cee7b925.jpg,416,416,25,204,326,337,410
120_jpg.rf.cd77ca45d633d0788b499206cee7b925.jpg,416,416,29,204,243,333,325
120_jpg.rf.cd77ca45d633d0788b499206cee7b925.jpg,416,416,33,204,154,333,237
120_jpg.rf.cd77ca45d633d0788b499206cee7b925.jpg,416,416,37,203,64,333,147
2091_jpg.rf.cf939a36ca175ed7f19ec454b9c44b71.jpg,416,416,4,75,135,111,168
2091_jpg.rf.cf939a36ca175ed7f19ec454b9c44b71.jpg,416,416,2,84,189,118,219
2091_jpg.rf.cf939a36ca175ed7f19ec454b9c44b71.jpg,416,416,3,164,177,190,203
2091_jpg.rf.cf939a36ca175ed7f19ec454b9c44b71.jpg,416,416,1,167,218,191,243
1443_jpg.rf.d145eba6e48ad4a68defe200cfd7ba8f.jpg,416,416,G,162,258,187,271
1443_jpg.rf.d145eba6e48ad4a68defe200cfd7ba8f.jpg,416,416,1,164,243,188,256
1443_jpg.rf.d145eba6e48ad4a68defe200cfd7ba8f.jpg,416,416,2,164,228,188,241
1443_jpg.rf.d145eba6e48ad4a68defe200cfd7ba8f.jpg,416,416,3,164,214,188,226
1443_jpg.rf.d145eba6e48ad4a68defe200cfd7ba8f.jpg,416,416,4,164,198,188,211
1443_jpg.rf.d145eba6e48ad4a68defe200cfd7ba8f.jpg,416,416,5,163,183,188,196
1443_jpg.rf.d145eba6e48ad4a68defe200cfd7ba8f.jpg,416,416,6,164,167,189,181
1443_jpg.rf.d145eba6e48ad4a68defe200cfd7ba8f.jpg,416,416,7,163,151,189,165
1443_jpg.rf.d145eba6e48ad4a68defe200cfd7ba8f.jpg,416,416,8,210,258,235,271
1443_jpg.rf.d145eba6e48ad4a68defe200cfd7ba8f.jpg,416,416,9,210,243,235,256
1443_jpg.rf.d145eba6e48ad4a68defe200cfd7ba8f.jpg,416,416,10,210,228,235,242
1443_jpg.rf.d145eba6e48ad4a68defe200cfd7ba8f.jpg,416,416,11,211,213,236,226
1443_jpg.rf.d145eba6e48ad4a68defe200cfd7ba8f.jpg,416,416,13,211,182,237,196
1443_jpg.rf.d145eba6e48ad4a68defe200cfd7ba8f.jpg,416,416,14,211,168,237,182
1879_jpg.rf.ce041e2132fd8cb96cff1cd6404faa13.jpg,416,416,23,94,32,179,65
1879_jpg.rf.ce041e2132fd8cb96cff1cd6404faa13.jpg,416,416,21,91,64,177,95
1879_jpg.rf.ce041e2132fd8cb96cff1cd6404faa13.jpg,416,416,19,95,93,177,125
1879_jpg.rf.ce041e2132fd8cb96cff1cd6404faa13.jpg,416,416,17,95,123,178,155
1879_jpg.rf.ce041e2132fd8cb96cff1cd6404faa13.jpg,416,416,15,96,151,177,183
1879_jpg.rf.ce041e2132fd8cb96cff1cd6404faa13.jpg,416,416,13,97,179,176,208
1879_jpg.rf.ce041e2132fd8cb96cff1cd6404faa13.jpg,416,416,9,97,231,176,261
1879_jpg.rf.ce041e2132fd8cb96cff1cd6404faa13.jpg,416,416,11,98,205,175,235
1879_jpg.rf.ce041e2132fd8cb96cff1cd6404faa13.jpg,416,416,7,99,255,176,284
1879_jpg.rf.ce041e2132fd8cb96cff1cd6404faa13.jpg,416,416,5,100,280,175,308
1879_jpg.rf.ce041e2132fd8cb96cff1cd6404faa13.jpg,416,416,2,98,303,173,331
1879_jpg.rf.ce041e2132fd8cb96cff1cd6404faa13.jpg,416,416,G,101,326,174,354
1879_jpg.rf.ce041e2132fd8cb96cff1cd6404faa13.jpg,416,416,1,175,323,242,351
1879_jpg.rf.ce041e2132fd8cb96cff1cd6404faa13.jpg,416,416,3,174,301,242,332
1879_jpg.rf.ce041e2132fd8cb96cff1cd6404faa13.jpg,416,416,6,173,279,245,309
1879_jpg.rf.ce041e2132fd8cb96cff1cd6404faa13.jpg,416,416,8,175,255,245,283
1879_jpg.rf.ce041e2132fd8cb96cff1cd6404faa13.jpg,416,416,10,175,229,249,258
1879_jpg.rf.ce041e2132fd8cb96cff1cd6404faa13.jpg,416,416,12,174,204,249,235
1879_jpg.rf.ce041e2132fd8cb96cff1cd6404faa13.jpg,416,416,14,174,178,250,209
1879_jpg.rf.ce041e2132fd8cb96cff1cd6404faa13.jpg,416,416,16,176,150,253,181
1879_jpg.rf.ce041e2132fd8cb96cff1cd6404faa13.jpg,416,416,18,176,122,254,153
1879_jpg.rf.ce041e2132fd8cb96cff1cd6404faa13.jpg,416,416,20,175,93,256,126
1879_jpg.rf.ce041e2132fd8cb96cff1cd6404faa13.jpg,416,416,22,174,67,258,95
1879_jpg.rf.ce041e2132fd8cb96cff1cd6404faa13.jpg,416,416,24,177,33,258,65
335_jpg.rf.d062e29d9500c18ad49a608cadbe7ac7.jpg,416,416,16,180,151,196,179
335_jpg.rf.d062e29d9500c18ad49a608cadbe7ac7.jpg,416,416,15,180,187,196,214
335_jpg.rf.d062e29d9500c18ad49a608cadbe7ac7.jpg,416,416,20,214,186,230,215
335_jpg.rf.d062e29d9500c18ad49a608cadbe7ac7.jpg,416,416,19,214,222,229,249
335_jpg.rf.d062e29d9500c18ad49a608cadbe7ac7.jpg,416,416,18,213,256,229,284
335_jpg.rf.d062e29d9500c18ad49a608cadbe7ac7.jpg,416,416,17,213,289,229,316
335_jpg.rf.d062e29d9500c18ad49a608cadbe7ac7.jpg,416,416,14,180,222,196,249
335_jpg.rf.d062e29d9500c18ad49a608cadbe7ac7.jpg,416,416,12,180,255,196,283
335_jpg.rf.d062e29d9500c18ad49a608cadbe7ac7.jpg,416,416,1,180,290,196,317
1807_jpg.rf.d01f56b1ed6ab2b34f3655ebad09878d.jpg,416,416,38,58,43,114,88
1807_jpg.rf.d01f56b1ed6ab2b34f3655ebad09878d.jpg,416,416,38,120,42,176,86
1807_jpg.rf.d01f56b1ed6ab2b34f3655ebad09878d.jpg,416,416,36,60,100,116,144
1807_jpg.rf.d01f56b1ed6ab2b34f3655ebad09878d.jpg,416,416,36,122,100,178,144
1807_jpg.rf.d01f56b1ed6ab2b34f3655ebad09878d.jpg,416,416,34,66,157,119,201
1807_jpg.rf.d01f56b1ed6ab2b34f3655ebad09878d.jpg,416,416,34,124,155,178,200
1807_jpg.rf.d01f56b1ed6ab2b34f3655ebad09878d.jpg,416,416,32,68,212,122,256
1807_jpg.rf.d01f56b1ed6ab2b34f3655ebad09878d.jpg,416,416,32,129,212,182,256
1807_jpg.rf.d01f56b1ed6ab2b34f3655ebad09878d.jpg,416,416,30,74,265,126,306
1807_jpg.rf.d01f56b1ed6ab2b34f3655ebad09878d.jpg,416,416,30,132,265,183,306
1807_jpg.rf.d01f56b1ed6ab2b34f3655ebad09878d.jpg,416,416,s,79,314,131,355
1807_jpg.rf.d01f56b1ed6ab2b34f3655ebad09878d.jpg,416,416,1,135,314,186,355
1807_jpg.rf.d01f56b1ed6ab2b34f3655ebad09878d.jpg,416,416,31,289,264,341,305
1807_jpg.rf.d01f56b1ed6ab2b34f3655ebad09878d.jpg,416,416,31,348,264,400,305
1807_jpg.rf.d01f56b1ed6ab2b34f3655ebad09878d.jpg,416,416,33,290,210,342,251
1807_jpg.rf.d01f56b1ed6ab2b34f3655ebad09878d.jpg,416,416,33,347,210,401,251
1807_jpg.rf.d01f56b1ed6ab2b34f3655ebad09878d.jpg,416,416,35,290,155,342,196
1807_jpg.rf.d01f56b1ed6ab2b34f3655ebad09878d.jpg,416,416,35,349,154,404,197
1807_jpg.rf.d01f56b1ed6ab2b34f3655ebad09878d.jpg,416,416,37,290,98,342,139
1807_jpg.rf.d01f56b1ed6ab2b34f3655ebad09878d.jpg,416,416,37,350,95,408,141
1807_jpg.rf.d01f56b1ed6ab2b34f3655ebad09878d.jpg,416,416,39,289,39,341,80
1807_jpg.rf.d01f56b1ed6ab2b34f3655ebad09878d.jpg,416,416,39,347,39,406,84
1807_jpg.rf.d01f56b1ed6ab2b34f3655ebad09878d.jpg,416,416,40,120,0,171,30
1322_jpg.rf.d1569d36415dcbdd625bcf373c7bfff8.jpg,416,416,47,93,79,108,98
1322_jpg.rf.d1569d36415dcbdd625bcf373c7bfff8.jpg,416,416,46,72,78,89,98
1322_jpg.rf.d1569d36415dcbdd625bcf373c7bfff8.jpg,416,416,45,132,106,149,127
1322_jpg.rf.d1569d36415dcbdd625bcf373c7bfff8.jpg,416,416,43,113,106,129,126
1322_jpg.rf.d1569d36415dcbdd625bcf373c7bfff8.jpg,416,416,42,93,107,109,126
1322_jpg.rf.d1569d36415dcbdd625bcf373c7bfff8.jpg,416,416,41,72,108,89,127
1322_jpg.rf.d1569d36415dcbdd625bcf373c7bfff8.jpg,416,416,40,132,133,149,153
1322_jpg.rf.d1569d36415dcbdd625bcf373c7bfff8.jpg,416,416,39,112,134,130,154
1322_jpg.rf.d1569d36415dcbdd625bcf373c7bfff8.jpg,416,416,38,92,134,110,154
1322_jpg.rf.d1569d36415dcbdd625bcf373c7bfff8.jpg,416,416,37,72,134,91,155
1322_jpg.rf.d1569d36415dcbdd625bcf373c7bfff8.jpg,416,416,36,131,159,148,179
1322_jpg.rf.d1569d36415dcbdd625bcf373c7bfff8.jpg,416,416,35,112,160,129,180
1322_jpg.rf.d1569d36415dcbdd625bcf373c7bfff8.jpg,416,416,33,92,160,110,181
1322_jpg.rf.d1569d36415dcbdd625bcf373c7bfff8.jpg,416,416,32,73,161,91,182
1322_jpg.rf.d1569d36415dcbdd625bcf373c7bfff8.jpg,416,416,31,131,184,148,204
1322_jpg.rf.d1569d36415dcbdd625bcf373c7bfff8.jpg,416,416,30,112,186,130,206
1322_jpg.rf.d1569d36415dcbdd625bcf373c7bfff8.jpg,416,416,29,92,187,110,208
1322_jpg.rf.d1569d36415dcbdd625bcf373c7bfff8.jpg,416,416,28,73,188,91,210
1322_jpg.rf.d1569d36415dcbdd625bcf373c7bfff8.jpg,416,416,27,131,210,148,230
1322_jpg.rf.d1569d36415dcbdd625bcf373c7bfff8.jpg,416,416,26,112,211,129,231
1322_jpg.rf.d1569d36415dcbdd625bcf373c7bfff8.jpg,416,416,25,94,213,110,234
1322_jpg.rf.d1569d36415dcbdd625bcf373c7bfff8.jpg,416,416,23,74,214,92,235
1322_jpg.rf.d1569d36415dcbdd625bcf373c7bfff8.jpg,416,416,22,131,234,148,254
1322_jpg.rf.d1569d36415dcbdd625bcf373c7bfff8.jpg,416,416,21,113,236,129,256
1322_jpg.rf.d1569d36415dcbdd625bcf373c7bfff8.jpg,416,416,20,93,238,111,257
1322_jpg.rf.d1569d36415dcbdd625bcf373c7bfff8.jpg,416,416,19,74,239,91,259
1322_jpg.rf.d1569d36415dcbdd625bcf373c7bfff8.jpg,416,416,18,132,259,148,279
1322_jpg.rf.d1569d36415dcbdd625bcf373c7bfff8.jpg,416,416,17,113,261,129,281
1322_jpg.rf.d1569d36415dcbdd625bcf373c7bfff8.jpg,416,416,16,93,264,111,284
1322_jpg.rf.d1569d36415dcbdd625bcf373c7bfff8.jpg,416,416,15,75,265,91,284
1322_jpg.rf.d1569d36415dcbdd625bcf373c7bfff8.jpg,416,416,12,132,283,147,302
1322_jpg.rf.d1569d36415dcbdd625bcf373c7bfff8.jpg,416,416,11,113,287,129,305
1322_jpg.rf.d1569d36415dcbdd625bcf373c7bfff8.jpg,416,416,10,94,288,110,307
1482_jpg.rf.d08579f8280d343534a439fb0e221d11.jpg,416,416,20,157,165,174,195
1482_jpg.rf.d08579f8280d343534a439fb0e221d11.jpg,416,416,21,176,165,193,195
1482_jpg.rf.d08579f8280d343534a439fb0e221d11.jpg,416,416,22,194,164,211,195
1482_jpg.rf.d08579f8280d343534a439fb0e221d11.jpg,416,416,23,212,163,229,194
1482_jpg.rf.d08579f8280d343534a439fb0e221d11.jpg,416,416,24,231,164,247,194
1482_jpg.rf.d08579f8280d343534a439fb0e221d11.jpg,416,416,M,249,163,266,193
1482_jpg.rf.d08579f8280d343534a439fb0e221d11.jpg,416,416,R,267,163,284,192
1482_jpg.rf.d08579f8280d343534a439fb0e221d11.jpg,416,416,19,267,195,283,224
1482_jpg.rf.d08579f8280d343534a439fb0e221d11.jpg,416,416,18,248,195,265,225
1482_jpg.rf.d08579f8280d343534a439fb0e221d11.jpg,416,416,17,231,196,248,225
1482_jpg.rf.d08579f8280d343534a439fb0e221d11.jpg,416,416,16,212,197,229,226
1482_jpg.rf.d08579f8280d343534a439fb0e221d11.jpg,416,416,15,194,197,211,226
1482_jpg.rf.d08579f8280d343534a439fb0e221d11.jpg,416,416,14,176,198,193,227
1482_jpg.rf.d08579f8280d343534a439fb0e221d11.jpg,416,416,13,157,198,175,227
1482_jpg.rf.d08579f8280d343534a439fb0e221d11.jpg,416,416,1,176,229,193,258
1482_jpg.rf.d08579f8280d343534a439fb0e221d11.jpg,416,416,8,194,229,211,257
1482_jpg.rf.d08579f8280d343534a439fb0e221d11.jpg,416,416,9,212,228,229,257
1482_jpg.rf.d08579f8280d343534a439fb0e221d11.jpg,416,416,10,231,228,247,257
1482_jpg.rf.d08579f8280d343534a439fb0e221d11.jpg,416,416,11,248,228,265,256
1482_jpg.rf.d08579f8280d343534a439fb0e221d11.jpg,416,416,12,267,228,284,256
473_jpg.rf.d3537781bb84df76fdce304aa7afc50c.jpg,416,416,4,197,90,229,150
473_jpg.rf.d3537781bb84df76fdce304aa7afc50c.jpg,416,416,3,247,147,276,197
473_jpg.rf.d3537781bb84df76fdce304aa7afc50c.jpg,416,416,2,199,152,226,209
473_jpg.rf.d3537781bb84df76fdce304aa7afc50c.jpg,416,416,1,247,202,276,251
1612_jpg.rf.d0e42a7d1acd1a086cc4f5499e50e9db.jpg,416,416,G,145,276,182,344
1612_jpg.rf.d0e42a7d1acd1a086cc4f5499e50e9db.jpg,416,416,1,188,276,225,344
624_jpg.rf.d34f26aa34ce562f889b8c539c449c0f.jpg,416,416,24,63,107,139,173
624_jpg.rf.d34f26aa34ce562f889b8c539c449c0f.jpg,416,416,25,138,102,213,170
624_jpg.rf.d34f26aa34ce562f889b8c539c449c0f.jpg,416,416,26,212,99,284,164
624_jpg.rf.d34f26aa34ce562f889b8c539c449c0f.jpg,416,416,21,64,171,139,231
624_jpg.rf.d34f26aa34ce562f889b8c539c449c0f.jpg,416,416,22,139,163,214,230
624_jpg.rf.d34f26aa34ce562f889b8c539c449c0f.jpg,416,416,23,212,161,284,226
624_jpg.rf.d34f26aa34ce562f889b8c539c449c0f.jpg,416,416,18,68,232,141,290
624_jpg.rf.d34f26aa34ce562f889b8c539c449c0f.jpg,416,416,19,138,226,213,290
624_jpg.rf.d34f26aa34ce562f889b8c539c449c0f.jpg,416,416,20,213,220,284,282
624_jpg.rf.d34f26aa34ce562f889b8c539c449c0f.jpg,416,416,15,71,289,142,349
624_jpg.rf.d34f26aa34ce562f889b8c539c449c0f.jpg,416,416,16,140,285,214,345
624_jpg.rf.d34f26aa34ce562f889b8c539c449c0f.jpg,416,416,17,213,280,284,343
624_jpg.rf.d34f26aa34ce562f889b8c539c449c0f.jpg,416,416,11,75,345,144,400
624_jpg.rf.d34f26aa34ce562f889b8c539c449c0f.jpg,416,416,12,143,343,214,400
624_jpg.rf.d34f26aa34ce562f889b8c539c449c0f.jpg,416,416,14,215,340,284,397
1860_jpg.rf.d16171e73c5ba6abf3d4e96236153360.jpg,416,416,10,183,57,217,105
1860_jpg.rf.d16171e73c5ba6abf3d4e96236153360.jpg,416,416,7,133,134,167,181
1860_jpg.rf.d16171e73c5ba6abf3d4e96236153360.jpg,416,416,8,187,120,218,165
1860_jpg.rf.d16171e73c5ba6abf3d4e96236153360.jpg,416,416,9,235,105,265,150
1860_jpg.rf.d16171e73c5ba6abf3d4e96236153360.jpg,416,416,4,138,194,171,238
1860_jpg.rf.d16171e73c5ba6abf3d4e96236153360.jpg,416,416,5,190,177,219,218
1860_jpg.rf.d16171e73c5ba6abf3d4e96236153360.jpg,416,416,6,236,162,263,201
1860_jpg.rf.d16171e73c5ba6abf3d4e96236153360.jpg,416,416,1,145,250,176,290
1860_jpg.rf.d16171e73c5ba6abf3d4e96236153360.jpg,416,416,2,194,230,220,268
1860_jpg.rf.d16171e73c5ba6abf3d4e96236153360.jpg,416,416,3,237,213,264,251
1860_jpg.rf.d16171e73c5ba6abf3d4e96236153360.jpg,416,416,G,196,278,223,316
575_jpg.rf.d51e3f1ec135704cffbcef47cb62db29.jpg,416,416,16,164,194,187,223
575_jpg.rf.d51e3f1ec135704cffbcef47cb62db29.jpg,416,416,17,191,193,214,224
575_jpg.rf.d51e3f1ec135704cffbcef47cb62db29.jpg,416,416,18,218,193,240,224
575_jpg.rf.d51e3f1ec135704cffbcef47cb62db29.jpg,416,416,19,244,193,266,224
575_jpg.rf.d51e3f1ec135704cffbcef47cb62db29.jpg,416,416,20,271,193,294,224
575_jpg.rf.d51e3f1ec135704cffbcef47cb62db29.jpg,416,416,21,297,193,321,224
575_jpg.rf.d51e3f1ec135704cffbcef47cb62db29.jpg,416,416,22,324,192,347,223
575_jpg.rf.d51e3f1ec135704cffbcef47cb62db29.jpg,416,416,23,350,193,374,224
575_jpg.rf.d51e3f1ec135704cffbcef47cb62db29.jpg,416,416,8,165,244,188,275
575_jpg.rf.d51e3f1ec135704cffbcef47cb62db29.jpg,416,416,9,191,244,213,274
575_jpg.rf.d51e3f1ec135704cffbcef47cb62db29.jpg,416,416,10,216,243,239,274
575_jpg.rf.d51e3f1ec135704cffbcef47cb62db29.jpg,416,416,11,243,244,265,274
575_jpg.rf.d51e3f1ec135704cffbcef47cb62db29.jpg,416,416,12,268,244,291,273
575_jpg.rf.d51e3f1ec135704cffbcef47cb62db29.jpg,416,416,13,295,244,317,273
575_jpg.rf.d51e3f1ec135704cffbcef47cb62db29.jpg,416,416,14,321,244,343,273
575_jpg.rf.d51e3f1ec135704cffbcef47cb62db29.jpg,416,416,15,346,244,368,272
575_jpg.rf.d51e3f1ec135704cffbcef47cb62db29.jpg,416,416,G,165,292,188,322
575_jpg.rf.d51e3f1ec135704cffbcef47cb62db29.jpg,416,416,1,192,292,214,320
575_jpg.rf.d51e3f1ec135704cffbcef47cb62db29.jpg,416,416,2,217,292,239,321
575_jpg.rf.d51e3f1ec135704cffbcef47cb62db29.jpg,416,416,3,242,292,264,320
575_jpg.rf.d51e3f1ec135704cffbcef47cb62db29.jpg,416,416,4,267,292,289,320
575_jpg.rf.d51e3f1ec135704cffbcef47cb62db29.jpg,416,416,5,292,292,314,320
575_jpg.rf.d51e3f1ec135704cffbcef47cb62db29.jpg,416,416,6,316,291,339,320
575_jpg.rf.d51e3f1ec135704cffbcef47cb62db29.jpg,416,416,7,341,291,364,319
592_jpg.rf.d3d36ef235b9e22b1636f42f5bc23563.jpg,416,416,3,42,228,99,258
592_jpg.rf.d3d36ef235b9e22b1636f42f5bc23563.jpg,416,416,4,99,227,154,257
592_jpg.rf.d3d36ef235b9e22b1636f42f5bc23563.jpg,416,416,5,208,227,265,258
592_jpg.rf.d3d36ef235b9e22b1636f42f5bc23563.jpg,416,416,6,265,228,323,257
592_jpg.rf.d3d36ef235b9e22b1636f42f5bc23563.jpg,416,416,G,104,271,156,299
592_jpg.rf.d3d36ef235b9e22b1636f42f5bc23563.jpg,416,416,M,156,271,210,300
592_jpg.rf.d3d36ef235b9e22b1636f42f5bc23563.jpg,416,416,1,210,272,264,300
592_jpg.rf.d3d36ef235b9e22b1636f42f5bc23563.jpg,416,416,2,264,271,322,300
386_jpg.rf.d3317fdeb5b3f62c2ff4c2d0d9d3fa79.jpg,416,416,34,215,24,250,83
386_jpg.rf.d3317fdeb5b3f62c2ff4c2d0d9d3fa79.jpg,416,416,33,159,27,195,88
386_jpg.rf.d3317fdeb5b3f62c2ff4c2d0d9d3fa79.jpg,416,416,32,105,32,139,91
386_jpg.rf.d3317fdeb5b3f62c2ff4c2d0d9d3fa79.jpg,416,416,31,216,100,250,161
386_jpg.rf.d3317fdeb5b3f62c2ff4c2d0d9d3fa79.jpg,416,416,30,163,105,197,166
386_jpg.rf.d3317fdeb5b3f62c2ff4c2d0d9d3fa79.jpg,416,416,29,109,112,143,170
386_jpg.rf.d3317fdeb5b3f62c2ff4c2d0d9d3fa79.jpg,416,416,28,220,177,251,231
386_jpg.rf.d3317fdeb5b3f62c2ff4c2d0d9d3fa79.jpg,416,416,27,166,183,198,238
386_jpg.rf.d3317fdeb5b3f62c2ff4c2d0d9d3fa79.jpg,416,416,26,113,187,146,241
386_jpg.rf.d3317fdeb5b3f62c2ff4c2d0d9d3fa79.jpg,416,416,25,221,246,252,304
386_jpg.rf.d3317fdeb5b3f62c2ff4c2d0d9d3fa79.jpg,416,416,24,168,252,201,309
386_jpg.rf.d3317fdeb5b3f62c2ff4c2d0d9d3fa79.jpg,416,416,23,115,261,148,317
386_jpg.rf.d3317fdeb5b3f62c2ff4c2d0d9d3fa79.jpg,416,416,22,224,319,255,374
386_jpg.rf.d3317fdeb5b3f62c2ff4c2d0d9d3fa79.jpg,416,416,20,119,331,151,385
45_jpg.rf.d389588fca272814d91acdf6e2da0e7d.jpg,416,416,13,198,193,214,203
45_jpg.rf.d389588fca272814d91acdf6e2da0e7d.jpg,416,416,12,198,203,213,211
45_jpg.rf.d389588fca272814d91acdf6e2da0e7d.jpg,416,416,11,199,212,214,220
45_jpg.rf.d389588fca272814d91acdf6e2da0e7d.jpg,416,416,10,199,221,214,229
45_jpg.rf.d389588fca272814d91acdf6e2da0e7d.jpg,416,416,9,199,230,215,238
45_jpg.rf.d389588fca272814d91acdf6e2da0e7d.jpg,416,416,8,168,203,185,213
45_jpg.rf.d389588fca272814d91acdf6e2da0e7d.jpg,416,416,7,168,213,185,222
45_jpg.rf.d389588fca272814d91acdf6e2da0e7d.jpg,416,416,6,169,222,185,231
45_jpg.rf.d389588fca272814d91acdf6e2da0e7d.jpg,416,416,5,168,231,185,240
45_jpg.rf.d389588fca272814d91acdf6e2da0e7d.jpg,416,416,1,169,240,185,249
1382_jpg.rf.d3edd254b078f4e2c781e2bc0ba3d340.jpg,416,416,5,203,15,241,60
1382_jpg.rf.d3edd254b078f4e2c781e2bc0ba3d340.jpg,416,416,4,202,74,236,118
1382_jpg.rf.d3edd254b078f4e2c781e2bc0ba3d340.jpg,416,416,3,200,128,233,168
1382_jpg.rf.d3edd254b078f4e2c781e2bc0ba3d340.jpg,416,416,2,196,177,230,214
1382_jpg.rf.d3edd254b078f4e2c781e2bc0ba3d340.jpg,416,416,1,196,227,225,259
1520_jpg.rf.d25e1d0002ddf7b158d9864e7167e795.jpg,416,416,6,48,0,105,80
1520_jpg.rf.d25e1d0002ddf7b158d9864e7167e795.jpg,416,416,5,54,105,109,182
1520_jpg.rf.d25e1d0002ddf7b158d9864e7167e795.jpg,416,416,4,59,204,112,275
1520_jpg.rf.d25e1d0002ddf7b158d9864e7167e795.jpg,416,416,3,65,290,112,352
1520_jpg.rf.d25e1d0002ddf7b158d9864e7167e795.jpg,416,416,2,69,368,114,415
1520_jpg.rf.d25e1d0002ddf7b158d9864e7167e795.jpg,416,416,14,291,5,365,108
1520_jpg.rf.d25e1d0002ddf7b158d9864e7167e795.jpg,416,416,13,281,135,349,220
1520_jpg.rf.d25e1d0002ddf7b158d9864e7167e795.jpg,416,416,12,274,243,335,321
1520_jpg.rf.d25e1d0002ddf7b158d9864e7167e795.jpg,416,416,11,266,337,322,404
337_jpg.rf.d51d07b6840698d871433f1c2ea9ce9f.jpg,416,416,12,165,143,198,161
337_jpg.rf.d51d07b6840698d871433f1c2ea9ce9f.jpg,416,416,14,218,144,253,163
337_jpg.rf.d51d07b6840698d871433f1c2ea9ce9f.jpg,416,416,11,218,164,252,183
337_jpg.rf.d51d07b6840698d871433f1c2ea9ce9f.jpg,416,416,10,165,161,198,181
337_jpg.rf.d51d07b6840698d871433f1c2ea9ce9f.jpg,416,416,9,218,183,251,201
337_jpg.rf.d51d07b6840698d871433f1c2ea9ce9f.jpg,416,416,8,167,180,200,197
337_jpg.rf.d51d07b6840698d871433f1c2ea9ce9f.jpg,416,416,7,217,201,251,219
337_jpg.rf.d51d07b6840698d871433f1c2ea9ce9f.jpg,416,416,6,167,199,200,216
337_jpg.rf.d51d07b6840698d871433f1c2ea9ce9f.jpg,416,416,5,217,219,250,237
337_jpg.rf.d51d07b6840698d871433f1c2ea9ce9f.jpg,416,416,4,168,216,199,234
337_jpg.rf.d51d07b6840698d871433f1c2ea9ce9f.jpg,416,416,3,216,236,249,254
337_jpg.rf.d51d07b6840698d871433f1c2ea9ce9f.jpg,416,416,2,168,233,199,250
337_jpg.rf.d51d07b6840698d871433f1c2ea9ce9f.jpg,416,416,M,217,252,249,270
337_jpg.rf.d51d07b6840698d871433f1c2ea9ce9f.jpg,416,416,1,169,249,199,266
565_jpg.rf.d2f70a6f0c2e1ca6d115c592a0bfbd16.jpg,416,416,4,181,36,197,67
565_jpg.rf.d2f70a6f0c2e1ca6d115c592a0bfbd16.jpg,416,416,3,183,86,199,118
565_jpg.rf.d2f70a6f0c2e1ca6d115c592a0bfbd16.jpg,416,416,2,186,134,201,165
565_jpg.rf.d2f70a6f0c2e1ca6d115c592a0bfbd16.jpg,416,416,1,188,179,203,212
1591_jpg.rf.d4abb98fbdf9c51956038a73eaab2f65.jpg,416,416,42,190,33,238,61
1591_jpg.rf.d4abb98fbdf9c51956038a73eaab2f65.jpg,416,416,43,294,41,339,66
1591_jpg.rf.d4abb98fbdf9c51956038a73eaab2f65.jpg,416,416,39,188,66,235,91
1591_jpg.rf.d4abb98fbdf9c51956038a73eaab2f65.jpg,416,416,40,243,69,289,93
1591_jpg.rf.d4abb98fbdf9c51956038a73eaab2f65.jpg,416,416,41,294,71,334,94
1591_jpg.rf.d4abb98fbdf9c51956038a73eaab2f65.jpg,416,416,36,187,97,234,121
1591_jpg.rf.d4abb98fbdf9c51956038a73eaab2f65.jpg,416,416,37,243,98,285,121
1591_jpg.rf.d4abb98fbdf9c51956038a73eaab2f65.jpg,416,416,38,292,100,331,122
1591_jpg.rf.d4abb98fbdf9c51956038a73eaab2f65.jpg,416,416,33,187,126,232,149
1591_jpg.rf.d4abb98fbdf9c51956038a73eaab2f65.jpg,416,416,34,240,127,283,149
1591_jpg.rf.d4abb98fbdf9c51956038a73eaab2f65.jpg,416,416,35,290,127,329,149
1591_jpg.rf.d4abb98fbdf9c51956038a73eaab2f65.jpg,416,416,30,186,155,230,177
1591_jpg.rf.d4abb98fbdf9c51956038a73eaab2f65.jpg,416,416,31,239,155,281,177
1591_jpg.rf.d4abb98fbdf9c51956038a73eaab2f65.jpg,416,416,32,286,154,327,175
1591_jpg.rf.d4abb98fbdf9c51956038a73eaab2f65.jpg,416,416,27,185,183,228,205
1591_jpg.rf.d4abb98fbdf9c51956038a73eaab2f65.jpg,416,416,28,237,182,279,204
1591_jpg.rf.d4abb98fbdf9c51956038a73eaab2f65.jpg,416,416,29,285,180,323,201
1591_jpg.rf.d4abb98fbdf9c51956038a73eaab2f65.jpg,416,416,24,184,211,226,233
1591_jpg.rf.d4abb98fbdf9c51956038a73eaab2f65.jpg,416,416,25,236,208,276,229
1591_jpg.rf.d4abb98fbdf9c51956038a73eaab2f65.jpg,416,416,26,283,206,322,226
1591_jpg.rf.d4abb98fbdf9c51956038a73eaab2f65.jpg,416,416,21,183,237,225,259
1591_jpg.rf.d4abb98fbdf9c51956038a73eaab2f65.jpg,416,416,22,234,234,274,255
1591_jpg.rf.d4abb98fbdf9c51956038a73eaab2f65.jpg,416,416,23,280,230,320,251
1591_jpg.rf.d4abb98fbdf9c51956038a73eaab2f65.jpg,416,416,20,279,255,316,275
1591_jpg.rf.d4abb98fbdf9c51956038a73eaab2f65.jpg,416,416,18,181,264,222,284
1591_jpg.rf.d4abb98fbdf9c51956038a73eaab2f65.jpg,416,416,19,232,259,272,280
1591_jpg.rf.d4abb98fbdf9c51956038a73eaab2f65.jpg,416,416,15,181,289,222,309
1591_jpg.rf.d4abb98fbdf9c51956038a73eaab2f65.jpg,416,416,16,230,284,270,304
1591_jpg.rf.d4abb98fbdf9c51956038a73eaab2f65.jpg,416,416,17,276,279,312,299
1591_jpg.rf.d4abb98fbdf9c51956038a73eaab2f65.jpg,416,416,12,180,313,220,334
1591_jpg.rf.d4abb98fbdf9c51956038a73eaab2f65.jpg,416,416,13,229,308,269,329
1591_jpg.rf.d4abb98fbdf9c51956038a73eaab2f65.jpg,416,416,14,275,302,311,323
1591_jpg.rf.d4abb98fbdf9c51956038a73eaab2f65.jpg,416,416,9,180,337,220,358
1591_jpg.rf.d4abb98fbdf9c51956038a73eaab2f65.jpg,416,416,10,229,332,264,351
1591_jpg.rf.d4abb98fbdf9c51956038a73eaab2f65.jpg,416,416,11,274,324,308,345
1591_jpg.rf.d4abb98fbdf9c51956038a73eaab2f65.jpg,416,416,6,179,362,217,381
1591_jpg.rf.d4abb98fbdf9c51956038a73eaab2f65.jpg,416,416,7,228,355,263,373
1591_jpg.rf.d4abb98fbdf9c51956038a73eaab2f65.jpg,416,416,8,271,348,307,366
1591_jpg.rf.d4abb98fbdf9c51956038a73eaab2f65.jpg,416,416,2,180,385,215,403
1591_jpg.rf.d4abb98fbdf9c51956038a73eaab2f65.jpg,416,416,3,227,377,262,395
1591_jpg.rf.d4abb98fbdf9c51956038a73eaab2f65.jpg,416,416,4,271,370,304,388
126_jpg.rf.d38c8a99bc003c6676c91df983195f49.jpg,416,416,P,122,110,160,170
102_jpg.rf.d3fcec6456158f4689171c9bd988ed1c.jpg,416,416,1,173,162,188,193
102_jpg.rf.d3fcec6456158f4689171c9bd988ed1c.jpg,416,416,2,189,163,203,193
102_jpg.rf.d3fcec6456158f4689171c9bd988ed1c.jpg,416,416,3,203,162,218,193
102_jpg.rf.d3fcec6456158f4689171c9bd988ed1c.jpg,416,416,4,175,201,188,230
102_jpg.rf.d3fcec6456158f4689171c9bd988ed1c.jpg,416,416,5,189,197,204,229
102_jpg.rf.d3fcec6456158f4689171c9bd988ed1c.jpg,416,416,6,204,197,219,229
102_jpg.rf.d3fcec6456158f4689171c9bd988ed1c.jpg,416,416,7,175,236,188,267
102_jpg.rf.d3fcec6456158f4689171c9bd988ed1c.jpg,416,416,8,189,235,204,265
102_jpg.rf.d3fcec6456158f4689171c9bd988ed1c.jpg,416,416,9,204,234,220,264
102_jpg.rf.d3fcec6456158f4689171c9bd988ed1c.jpg,416,416,0,191,272,206,303
102_jpg.rf.d3fcec6456158f4689171c9bd988ed1c.jpg,416,416,s,176,273,190,306
102_jpg.rf.d3fcec6456158f4689171c9bd988ed1c.jpg,416,416,-,205,270,221,301
955_jpg.rf.d6ce544ed40a37f4091914b5f5cba8e5.jpg,416,416,1,127,149,160,206
955_jpg.rf.d6ce544ed40a37f4091914b5f5cba8e5.jpg,416,416,2,166,147,196,202
955_jpg.rf.d6ce544ed40a37f4091914b5f5cba8e5.jpg,416,416,3,201,143,229,197
955_jpg.rf.d6ce544ed40a37f4091914b5f5cba8e5.jpg,416,416,4,130,209,162,265
955_jpg.rf.d6ce544ed40a37f4091914b5f5cba8e5.jpg,416,416,5,167,203,197,259
955_jpg.rf.d6ce544ed40a37f4091914b5f5cba8e5.jpg,416,416,6,202,200,230,253
955_jpg.rf.d6ce544ed40a37f4091914b5f5cba8e5.jpg,416,416,D,234,194,261,247
955_jpg.rf.d6ce544ed40a37f4091914b5f5cba8e5.jpg,416,416,7,132,268,163,326
955_jpg.rf.d6ce544ed40a37f4091914b5f5cba8e5.jpg,416,416,8,169,261,198,317
955_jpg.rf.d6ce544ed40a37f4091914b5f5cba8e5.jpg,416,416,9,203,255,231,309
955_jpg.rf.d6ce544ed40a37f4091914b5f5cba8e5.jpg,416,416,G,236,248,262,300
955_jpg.rf.d6ce544ed40a37f4091914b5f5cba8e5.jpg,416,416,0,172,318,201,375
495_jpg.rf.d19eaf87700c15507271ecbdb4753cfb.jpg,416,416,10,184,176,207,204
495_jpg.rf.d19eaf87700c15507271ecbdb4753cfb.jpg,416,416,9,224,196,247,223
495_jpg.rf.d19eaf87700c15507271ecbdb4753cfb.jpg,416,416,8,183,214,206,242
495_jpg.rf.d19eaf87700c15507271ecbdb4753cfb.jpg,416,416,7,224,233,246,258
495_jpg.rf.d19eaf87700c15507271ecbdb4753cfb.jpg,416,416,6,185,252,208,278
495_jpg.rf.d19eaf87700c15507271ecbdb4753cfb.jpg,416,416,5,222,269,245,295
495_jpg.rf.d19eaf87700c15507271ecbdb4753cfb.jpg,416,416,3,223,303,245,327
495_jpg.rf.d19eaf87700c15507271ecbdb4753cfb.jpg,416,416,2,186,321,208,344
495_jpg.rf.d19eaf87700c15507271ecbdb4753cfb.jpg,416,416,1,223,337,243,360
495_jpg.rf.d19eaf87700c15507271ecbdb4753cfb.jpg,416,416,G,188,353,208,375
1378_jpg.rf.d78aff5eb3905ef2e6acd570b5afbc12.jpg,416,416,1,213,27,258,103
1378_jpg.rf.d78aff5eb3905ef2e6acd570b5afbc12.jpg,416,416,L,214,141,258,210
147_jpg.rf.d5769db586f35ca3eb241dde8e259f3e.jpg,416,416,26,187,130,199,144
147_jpg.rf.d5769db586f35ca3eb241dde8e259f3e.jpg,416,416,26,201,129,211,144
147_jpg.rf.d5769db586f35ca3eb241dde8e259f3e.jpg,416,416,25,215,140,227,154
147_jpg.rf.d5769db586f35ca3eb241dde8e259f3e.jpg,416,416,25,230,140,240,153
147_jpg.rf.d5769db586f35ca3eb241dde8e259f3e.jpg,416,416,24,186,148,198,162
147_jpg.rf.d5769db586f35ca3eb241dde8e259f3e.jpg,416,416,24,201,148,211,163
147_jpg.rf.d5769db586f35ca3eb241dde8e259f3e.jpg,416,416,23,214,157,226,171
147_jpg.rf.d5769db586f35ca3eb241dde8e259f3e.jpg,416,416,23,230,157,240,171
147_jpg.rf.d5769db586f35ca3eb241dde8e259f3e.jpg,416,416,22,186,165,198,180
147_jpg.rf.d5769db586f35ca3eb241dde8e259f3e.jpg,416,416,22,201,166,211,180
147_jpg.rf.d5769db586f35ca3eb241dde8e259f3e.jpg,416,416,21,214,175,226,189
147_jpg.rf.d5769db586f35ca3eb241dde8e259f3e.jpg,416,416,21,230,175,240,189
147_jpg.rf.d5769db586f35ca3eb241dde8e259f3e.jpg,416,416,20,186,184,198,198
147_jpg.rf.d5769db586f35ca3eb241dde8e259f3e.jpg,416,416,20,201,184,211,197
147_jpg.rf.d5769db586f35ca3eb241dde8e259f3e.jpg,416,416,19,214,192,226,206
147_jpg.rf.d5769db586f35ca3eb241dde8e259f3e.jpg,416,416,19,229,193,239,207
147_jpg.rf.d5769db586f35ca3eb241dde8e259f3e.jpg,416,416,18,186,201,198,215
147_jpg.rf.d5769db586f35ca3eb241dde8e259f3e.jpg,416,416,18,201,202,211,216
147_jpg.rf.d5769db586f35ca3eb241dde8e259f3e.jpg,416,416,17,214,210,226,225
147_jpg.rf.d5769db586f35ca3eb241dde8e259f3e.jpg,416,416,17,229,210,239,224
147_jpg.rf.d5769db586f35ca3eb241dde8e259f3e.jpg,416,416,16,186,218,198,232
147_jpg.rf.d5769db586f35ca3eb241dde8e259f3e.jpg,416,416,16,200,219,210,233
147_jpg.rf.d5769db586f35ca3eb241dde8e259f3e.jpg,416,416,15,214,227,225,241
147_jpg.rf.d5769db586f35ca3eb241dde8e259f3e.jpg,416,416,15,229,227,239,242
147_jpg.rf.d5769db586f35ca3eb241dde8e259f3e.jpg,416,416,14,186,237,197,251
147_jpg.rf.d5769db586f35ca3eb241dde8e259f3e.jpg,416,416,14,201,235,211,250
147_jpg.rf.d5769db586f35ca3eb241dde8e259f3e.jpg,416,416,13,214,245,225,258
147_jpg.rf.d5769db586f35ca3eb241dde8e259f3e.jpg,416,416,13,229,244,238,258
147_jpg.rf.d5769db586f35ca3eb241dde8e259f3e.jpg,416,416,3,214,262,225,275
147_jpg.rf.d5769db586f35ca3eb241dde8e259f3e.jpg,416,416,3,228,262,238,275
569_jpg.rf.d8be56919384213057b6ffeebc31acf0.jpg,416,416,1,205,241,215,256
569_jpg.rf.d8be56919384213057b6ffeebc31acf0.jpg,416,416,2,218,241,228,255
569_jpg.rf.d8be56919384213057b6ffeebc31acf0.jpg,416,416,3,230,240,240,255
569_jpg.rf.d8be56919384213057b6ffeebc31acf0.jpg,416,416,4,206,258,216,272
569_jpg.rf.d8be56919384213057b6ffeebc31acf0.jpg,416,416,5,218,257,228,272
569_jpg.rf.d8be56919384213057b6ffeebc31acf0.jpg,416,416,6,230,256,241,271
569_jpg.rf.d8be56919384213057b6ffeebc31acf0.jpg,416,416,7,206,274,216,288
569_jpg.rf.d8be56919384213057b6ffeebc31acf0.jpg,416,416,6,219,273,228,288
569_jpg.rf.d8be56919384213057b6ffeebc31acf0.jpg,416,416,9,231,272,241,287
569_jpg.rf.d8be56919384213057b6ffeebc31acf0.jpg,416,416,s,206,289,216,304
569_jpg.rf.d8be56919384213057b6ffeebc31acf0.jpg,416,416,0,218,289,229,304
569_jpg.rf.d8be56919384213057b6ffeebc31acf0.jpg,416,416,M,231,289,241,303
1910_jpg.rf.d71100716d9cc5fcdc74de3dd56965ef.jpg,416,416,3,173,39,300,146
1910_jpg.rf.d71100716d9cc5fcdc74de3dd56965ef.jpg,416,416,2,175,121,294,233
730_jpg.rf.d74869c1990f1dc2a7b4a4aadeb2465b.jpg,416,416,1,179,183,198,214
730_jpg.rf.d74869c1990f1dc2a7b4a4aadeb2465b.jpg,416,416,2,208,182,227,213
730_jpg.rf.d74869c1990f1dc2a7b4a4aadeb2465b.jpg,416,416,3,236,179,255,211
730_jpg.rf.d74869c1990f1dc2a7b4a4aadeb2465b.jpg,416,416,4,264,176,283,208
730_jpg.rf.d74869c1990f1dc2a7b4a4aadeb2465b.jpg,416,416,5,292,174,311,206
863_jpg.rf.d76c193ae104194e950e78cfac61f0c2.jpg,416,416,10,223,76,259,126
863_jpg.rf.d76c193ae104194e950e78cfac61f0c2.jpg,416,416,5,175,77,210,127
863_jpg.rf.d76c193ae104194e950e78cfac61f0c2.jpg,416,416,9,224,131,259,177
863_jpg.rf.d76c193ae104194e950e78cfac61f0c2.jpg,416,416,4,176,132,210,177
863_jpg.rf.d76c193ae104194e950e78cfac61f0c2.jpg,416,416,8,224,181,259,226
863_jpg.rf.d76c193ae104194e950e78cfac61f0c2.jpg,416,416,7,224,231,257,276
863_jpg.rf.d76c193ae104194e950e78cfac61f0c2.jpg,416,416,6,226,281,257,322
863_jpg.rf.d76c193ae104194e950e78cfac61f0c2.jpg,416,416,3,176,183,211,227
863_jpg.rf.d76c193ae104194e950e78cfac61f0c2.jpg,416,416,2,177,231,211,275
863_jpg.rf.d76c193ae104194e950e78cfac61f0c2.jpg,416,416,1,179,280,212,322
597_jpg.rf.d9180d77033328cb24257f0e4225bc90.jpg,416,416,4,260,157,333,186
597_jpg.rf.d9180d77033328cb24257f0e4225bc90.jpg,416,416,3,260,180,333,209
597_jpg.rf.d9180d77033328cb24257f0e4225bc90.jpg,416,416,2,260,200,332,230
597_jpg.rf.d9180d77033328cb24257f0e4225bc90.jpg,416,416,1,259,223,331,249
597_jpg.rf.d9180d77033328cb24257f0e4225bc90.jpg,416,416,E,259,243,330,272
1026_jpg.rf.d58aecf41f6d6f190f50a407b0113c5f.jpg,416,416,18,68,139,161,256
1026_jpg.rf.d58aecf41f6d6f190f50a407b0113c5f.jpg,416,416,19,229,117,326,241
1026_jpg.rf.d58aecf41f6d6f190f50a407b0113c5f.jpg,416,416,15,94,329,180,415
753_jpg.rf.d7b5890bd150242e9cda795247c46f32.jpg,416,416,5,235,37,263,90
753_jpg.rf.d7b5890bd150242e9cda795247c46f32.jpg,416,416,4,234,101,262,155
753_jpg.rf.d7b5890bd150242e9cda795247c46f32.jpg,416,416,3,234,163,261,215
753_jpg.rf.d7b5890bd150242e9cda795247c46f32.jpg,416,416,2,234,223,261,272
753_jpg.rf.d7b5890bd150242e9cda795247c46f32.jpg,416,416,1,234,279,261,329
1395_jpg.rf.d3e3b5272407a4b272e30bad1988bf76.jpg,416,416,B,168,148,214,184
1395_jpg.rf.d3e3b5272407a4b272e30bad1988bf76.jpg,416,416,B,180,347,221,377
915_jpg.rf.d5f9c1135865b7f5ada58258dfe2e31c.jpg,416,416,1,123,167,176,208
1871_jpg.rf.d861c98496cbfd6a17b331eba3a3c193.jpg,416,416,8,164,248,182,263
1871_jpg.rf.d861c98496cbfd6a17b331eba3a3c193.jpg,416,416,17,185,247,203,262
1871_jpg.rf.d861c98496cbfd6a17b331eba3a3c193.jpg,416,416,25,205,245,223,261
1871_jpg.rf.d861c98496cbfd6a17b331eba3a3c193.jpg,416,416,7,164,264,182,279
1871_jpg.rf.d861c98496cbfd6a17b331eba3a3c193.jpg,416,416,16,184,263,202,278
1871_jpg.rf.d861c98496cbfd6a17b331eba3a3c193.jpg,416,416,24,205,262,223,277
1871_jpg.rf.d861c98496cbfd6a17b331eba3a3c193.jpg,416,416,6,164,280,182,295
1871_jpg.rf.d861c98496cbfd6a17b331eba3a3c193.jpg,416,416,15,185,279,203,294
1871_jpg.rf.d861c98496cbfd6a17b331eba3a3c193.jpg,416,416,23,205,277,223,293
1871_jpg.rf.d861c98496cbfd6a17b331eba3a3c193.jpg,416,416,5,164,296,182,312
1871_jpg.rf.d861c98496cbfd6a17b331eba3a3c193.jpg,416,416,14,184,295,202,310
1871_jpg.rf.d861c98496cbfd6a17b331eba3a3c193.jpg,416,416,22,204,293,222,308
1871_jpg.rf.d861c98496cbfd6a17b331eba3a3c193.jpg,416,416,21,205,309,223,324
1871_jpg.rf.d861c98496cbfd6a17b331eba3a3c193.jpg,416,416,13,185,310,203,325
1871_jpg.rf.d861c98496cbfd6a17b331eba3a3c193.jpg,416,416,4,164,312,182,327
1871_jpg.rf.d861c98496cbfd6a17b331eba3a3c193.jpg,416,416,3,164,329,182,344
1871_jpg.rf.d861c98496cbfd6a17b331eba3a3c193.jpg,416,416,12,185,326,203,341
1871_jpg.rf.d861c98496cbfd6a17b331eba3a3c193.jpg,416,416,20,204,324,222,339
1871_jpg.rf.d861c98496cbfd6a17b331eba3a3c193.jpg,416,416,19,205,339,223,354
1871_jpg.rf.d861c98496cbfd6a17b331eba3a3c193.jpg,416,416,18,205,354,223,369
1871_jpg.rf.d861c98496cbfd6a17b331eba3a3c193.jpg,416,416,10,185,358,203,373
1871_jpg.rf.d861c98496cbfd6a17b331eba3a3c193.jpg,416,416,11,185,342,203,357
1871_jpg.rf.d861c98496cbfd6a17b331eba3a3c193.jpg,416,416,2,164,345,182,360
1871_jpg.rf.d861c98496cbfd6a17b331eba3a3c193.jpg,416,416,1,164,360,182,375
1871_jpg.rf.d861c98496cbfd6a17b331eba3a3c193.jpg,416,416,G,164,376,182,391
1871_jpg.rf.d861c98496cbfd6a17b331eba3a3c193.jpg,416,416,9,184,372,202,387
1871_jpg.rf.d861c98496cbfd6a17b331eba3a3c193.jpg,416,416,8,300,243,315,256
963_jpg.rf.d92de3d3c87c775e12771d72b83ecc40.jpg,416,416,6,187,210,203,225
963_jpg.rf.d92de3d3c87c775e12771d72b83ecc40.jpg,416,416,7,210,208,225,223
963_jpg.rf.d92de3d3c87c775e12771d72b83ecc40.jpg,416,416,4,188,228,204,243
963_jpg.rf.d92de3d3c87c775e12771d72b83ecc40.jpg,416,416,5,211,225,226,241
963_jpg.rf.d92de3d3c87c775e12771d72b83ecc40.jpg,416,416,2,189,246,205,262
963_jpg.rf.d92de3d3c87c775e12771d72b83ecc40.jpg,416,416,3,212,243,227,258
963_jpg.rf.d92de3d3c87c775e12771d72b83ecc40.jpg,416,416,G,190,264,205,280
963_jpg.rf.d92de3d3c87c775e12771d72b83ecc40.jpg,416,416,1,213,260,227,275
2089_jpg.rf.d8d7f4b4ab5d7497af55b114e60aabb1.jpg,416,416,10,74,105,107,130
2089_jpg.rf.d8d7f4b4ab5d7497af55b114e60aabb1.jpg,416,416,11,188,103,217,126
2089_jpg.rf.d8d7f4b4ab5d7497af55b114e60aabb1.jpg,416,416,8,78,140,111,164
2089_jpg.rf.d8d7f4b4ab5d7497af55b114e60aabb1.jpg,416,416,9,190,135,217,156
2089_jpg.rf.d8d7f4b4ab5d7497af55b114e60aabb1.jpg,416,416,7,191,165,216,185
2089_jpg.rf.d8d7f4b4ab5d7497af55b114e60aabb1.jpg,416,416,5,191,194,216,214
2089_jpg.rf.d8d7f4b4ab5d7497af55b114e60aabb1.jpg,416,416,3,192,220,216,238
2089_jpg.rf.d8d7f4b4ab5d7497af55b114e60aabb1.jpg,416,416,1,193,245,216,262
2089_jpg.rf.d8d7f4b4ab5d7497af55b114e60aabb1.jpg,416,416,6,84,173,114,194
2089_jpg.rf.d8d7f4b4ab5d7497af55b114e60aabb1.jpg,416,416,4,87,203,116,224
2089_jpg.rf.d8d7f4b4ab5d7497af55b114e60aabb1.jpg,416,416,2,91,232,120,252
2089_jpg.rf.d8d7f4b4ab5d7497af55b114e60aabb1.jpg,416,416,G,95,259,122,278
2089_jpg.rf.d8d7f4b4ab5d7497af55b114e60aabb1.jpg,416,416,s,70,263,96,282
405_jpg.rf.d62b8c723421ab2bd7634fb4e0ca1220.jpg,416,416,5,150,13,195,97
405_jpg.rf.d62b8c723421ab2bd7634fb4e0ca1220.jpg,416,416,6,202,14,246,95
405_jpg.rf.d62b8c723421ab2bd7634fb4e0ca1220.jpg,416,416,4,200,109,242,183
405_jpg.rf.d62b8c723421ab2bd7634fb4e0ca1220.jpg,416,416,3,150,109,192,183
405_jpg.rf.d62b8c723421ab2bd7634fb4e0ca1220.jpg,416,416,2,200,194,238,262
405_jpg.rf.d62b8c723421ab2bd7634fb4e0ca1220.jpg,416,416,1,153,194,192,264
982_jpg.rf.d7f0f57d109db10a669fc76adfae174c.jpg,416,416,46,6,132,81,224
982_jpg.rf.d7f0f57d109db10a669fc76adfae174c.jpg,416,416,47,127,134,197,224
982_jpg.rf.d7f0f57d109db10a669fc76adfae174c.jpg,416,416,45,334,232,393,310
982_jpg.rf.d7f0f57d109db10a669fc76adfae174c.jpg,416,416,40,326,319,383,390
982_jpg.rf.d7f0f57d109db10a669fc76adfae174c.jpg,416,416,41,15,239,85,325
982_jpg.rf.d7f0f57d109db10a669fc76adfae174c.jpg,416,416,42,129,236,195,310
982_jpg.rf.d7f0f57d109db10a669fc76adfae174c.jpg,416,416,39,238,323,293,396
1894_jpg.rf.d7ce23d3fa2979af3ecc09ba2c6d932d.jpg,416,416,6,179,87,205,121
1894_jpg.rf.d7ce23d3fa2979af3ecc09ba2c6d932d.jpg,416,416,4,178,122,205,156
1894_jpg.rf.d7ce23d3fa2979af3ecc09ba2c6d932d.jpg,416,416,2,178,157,205,191
1894_jpg.rf.d7ce23d3fa2979af3ecc09ba2c6d932d.jpg,416,416,B,178,192,205,226
1894_jpg.rf.d7ce23d3fa2979af3ecc09ba2c6d932d.jpg,416,416,7,220,88,247,122
1894_jpg.rf.d7ce23d3fa2979af3ecc09ba2c6d932d.jpg,416,416,5,220,123,247,156
1894_jpg.rf.d7ce23d3fa2979af3ecc09ba2c6d932d.jpg,416,416,3,220,158,247,192
1894_jpg.rf.d7ce23d3fa2979af3ecc09ba2c6d932d.jpg,416,416,L,219,193,246,226
139_jpg.rf.d8ceac7f7e4902cdc2fddff9d37cb008.jpg,416,416,31,232,154,244,164
139_jpg.rf.d8ceac7f7e4902cdc2fddff9d37cb008.jpg,416,416,30,232,165,245,176
139_jpg.rf.d8ceac7f7e4902cdc2fddff9d37cb008.jpg,416,416,29,232,177,244,187
139_jpg.rf.d8ceac7f7e4902cdc2fddff9d37cb008.jpg,416,416,28,232,189,245,199
139_jpg.rf.d8ceac7f7e4902cdc2fddff9d37cb008.jpg,416,416,27,232,200,244,210
139_jpg.rf.d8ceac7f7e4902cdc2fddff9d37cb008.jpg,416,416,26,232,211,245,221
139_jpg.rf.d8ceac7f7e4902cdc2fddff9d37cb008.jpg,416,416,25,232,223,245,233
139_jpg.rf.d8ceac7f7e4902cdc2fddff9d37cb008.jpg,416,416,24,232,234,245,244
139_jpg.rf.d8ceac7f7e4902cdc2fddff9d37cb008.jpg,416,416,23,233,246,245,256
139_jpg.rf.d8ceac7f7e4902cdc2fddff9d37cb008.jpg,416,416,22,233,257,245,267
139_jpg.rf.d8ceac7f7e4902cdc2fddff9d37cb008.jpg,416,416,21,233,269,246,279
139_jpg.rf.d8ceac7f7e4902cdc2fddff9d37cb008.jpg,416,416,20,233,280,246,291
139_jpg.rf.d8ceac7f7e4902cdc2fddff9d37cb008.jpg,416,416,19,233,292,246,303
139_jpg.rf.d8ceac7f7e4902cdc2fddff9d37cb008.jpg,416,416,18,233,304,246,314
139_jpg.rf.d8ceac7f7e4902cdc2fddff9d37cb008.jpg,416,416,17,234,315,247,326
139_jpg.rf.d8ceac7f7e4902cdc2fddff9d37cb008.jpg,416,416,16,234,328,247,338
139_jpg.rf.d8ceac7f7e4902cdc2fddff9d37cb008.jpg,416,416,15,199,154,212,165
139_jpg.rf.d8ceac7f7e4902cdc2fddff9d37cb008.jpg,416,416,14,199,166,212,176
139_jpg.rf.d8ceac7f7e4902cdc2fddff9d37cb008.jpg,416,416,12,199,177,211,187
139_jpg.rf.d8ceac7f7e4902cdc2fddff9d37cb008.jpg,416,416,11,199,188,212,199
139_jpg.rf.d8ceac7f7e4902cdc2fddff9d37cb008.jpg,416,416,10,200,200,213,210
139_jpg.rf.d8ceac7f7e4902cdc2fddff9d37cb008.jpg,416,416,9,199,211,212,222
139_jpg.rf.d8ceac7f7e4902cdc2fddff9d37cb008.jpg,416,416,8,200,223,212,234
139_jpg.rf.d8ceac7f7e4902cdc2fddff9d37cb008.jpg,416,416,7,200,234,213,244
139_jpg.rf.d8ceac7f7e4902cdc2fddff9d37cb008.jpg,416,416,6,200,246,213,256
139_jpg.rf.d8ceac7f7e4902cdc2fddff9d37cb008.jpg,416,416,5,200,258,213,268
139_jpg.rf.d8ceac7f7e4902cdc2fddff9d37cb008.jpg,416,416,4,200,269,213,280
139_jpg.rf.d8ceac7f7e4902cdc2fddff9d37cb008.jpg,416,416,3,201,281,214,291
139_jpg.rf.d8ceac7f7e4902cdc2fddff9d37cb008.jpg,416,416,2,200,293,213,303
139_jpg.rf.d8ceac7f7e4902cdc2fddff9d37cb008.jpg,416,416,1,200,305,213,315
139_jpg.rf.d8ceac7f7e4902cdc2fddff9d37cb008.jpg,416,416,G,200,316,213,326
626_jpg.rf.da4821d105c53852fb467adb78c83f76.jpg,416,416,4,167,147,223,179
626_jpg.rf.da4821d105c53852fb467adb78c83f76.jpg,416,416,3,168,187,223,218
626_jpg.rf.da4821d105c53852fb467adb78c83f76.jpg,416,416,2,168,226,222,258
626_jpg.rf.da4821d105c53852fb467adb78c83f76.jpg,416,416,1,169,264,224,295
1278_jpg.rf.d821baf98dbf2f4d4a86f1e0465dd1ba.jpg,416,416,18,118,220,146,241
1278_jpg.rf.d821baf98dbf2f4d4a86f1e0465dd1ba.jpg,416,416,19,148,219,177,239
1278_jpg.rf.d821baf98dbf2f4d4a86f1e0465dd1ba.jpg,416,416,20,178,218,209,239
1278_jpg.rf.d821baf98dbf2f4d4a86f1e0465dd1ba.jpg,416,416,17,179,236,210,257
1278_jpg.rf.d821baf98dbf2f4d4a86f1e0465dd1ba.jpg,416,416,14,179,254,210,275
1278_jpg.rf.d821baf98dbf2f4d4a86f1e0465dd1ba.jpg,416,416,11,179,272,210,293
1278_jpg.rf.d821baf98dbf2f4d4a86f1e0465dd1ba.jpg,416,416,16,147,237,178,258
1278_jpg.rf.d821baf98dbf2f4d4a86f1e0465dd1ba.jpg,416,416,15,117,237,147,258
1278_jpg.rf.d821baf98dbf2f4d4a86f1e0465dd1ba.jpg,416,416,12,117,255,147,275
1278_jpg.rf.d821baf98dbf2f4d4a86f1e0465dd1ba.jpg,416,416,13,148,255,179,275
1278_jpg.rf.d821baf98dbf2f4d4a86f1e0465dd1ba.jpg,416,416,10,147,272,178,292
1278_jpg.rf.d821baf98dbf2f4d4a86f1e0465dd1ba.jpg,416,416,9,117,272,147,292
1278_jpg.rf.d821baf98dbf2f4d4a86f1e0465dd1ba.jpg,416,416,6,117,289,147,309
1278_jpg.rf.d821baf98dbf2f4d4a86f1e0465dd1ba.jpg,416,416,7,148,289,179,309
1278_jpg.rf.d821baf98dbf2f4d4a86f1e0465dd1ba.jpg,416,416,8,179,290,210,310
1278_jpg.rf.d821baf98dbf2f4d4a86f1e0465dd1ba.jpg,416,416,3,117,306,147,326
1278_jpg.rf.d821baf98dbf2f4d4a86f1e0465dd1ba.jpg,416,416,4,148,307,179,327
1278_jpg.rf.d821baf98dbf2f4d4a86f1e0465dd1ba.jpg,416,416,5,179,308,210,328
1278_jpg.rf.d821baf98dbf2f4d4a86f1e0465dd1ba.jpg,416,416,0,117,323,147,343
1278_jpg.rf.d821baf98dbf2f4d4a86f1e0465dd1ba.jpg,416,416,1,148,324,179,344
1278_jpg.rf.d821baf98dbf2f4d4a86f1e0465dd1ba.jpg,416,416,2,179,325,210,345
1078_jpg.rf.d9a09bc018bc4bec7cd9750e1a5cb110.jpg,416,416,3,191,120,213,151
1078_jpg.rf.d9a09bc018bc4bec7cd9750e1a5cb110.jpg,416,416,2,195,167,216,193
1078_jpg.rf.d9a09bc018bc4bec7cd9750e1a5cb110.jpg,416,416,1,199,207,218,231
1936_jpg.rf.d839dcfb7fcde66a03f2ab12f2ce213d.jpg,416,416,B,182,238,222,290
1936_jpg.rf.d839dcfb7fcde66a03f2ab12f2ce213d.jpg,416,416,1,178,167,223,226
1936_jpg.rf.d839dcfb7fcde66a03f2ab12f2ce213d.jpg,416,416,2,176,89,223,152
699_jpg.rf.d8ad09fc6fdcd51b3562f9682d607729.jpg,416,416,8,110,57,189,104
699_jpg.rf.d8ad09fc6fdcd51b3562f9682d607729.jpg,416,416,9,233,55,311,102
699_jpg.rf.d8ad09fc6fdcd51b3562f9682d607729.jpg,416,416,7,234,108,308,151
699_jpg.rf.d8ad09fc6fdcd51b3562f9682d607729.jpg,416,416,5,234,156,307,196
699_jpg.rf.d8ad09fc6fdcd51b3562f9682d607729.jpg,416,416,3,236,197,302,233
699_jpg.rf.d8ad09fc6fdcd51b3562f9682d607729.jpg,416,416,1,235,236,301,271
699_jpg.rf.d8ad09fc6fdcd51b3562f9682d607729.jpg,416,416,B,133,237,199,272
699_jpg.rf.d8ad09fc6fdcd51b3562f9682d607729.jpg,416,416,2,131,199,197,234
699_jpg.rf.d8ad09fc6fdcd51b3562f9682d607729.jpg,416,416,4,122,157,195,197
699_jpg.rf.d8ad09fc6fdcd51b3562f9682d607729.jpg,416,416,6,117,110,191,153
1115_jpg.rf.db23c5060dc87efadbbba34125d92e93.jpg,416,416,15,59,336,115,371
1115_jpg.rf.db23c5060dc87efadbbba34125d92e93.jpg,416,416,16,218,344,281,382
1115_jpg.rf.db23c5060dc87efadbbba34125d92e93.jpg,416,416,13,63,388,118,416
1411_jpg.rf.d897a41d79989f64fa0834ef1a22be2e.jpg,416,416,1,302,232,312,240
1411_jpg.rf.d897a41d79989f64fa0834ef1a22be2e.jpg,416,416,2,321,235,331,243
1411_jpg.rf.d897a41d79989f64fa0834ef1a22be2e.jpg,416,416,3,340,239,350,247
1411_jpg.rf.d897a41d79989f64fa0834ef1a22be2e.jpg,416,416,4,302,224,312,232
1411_jpg.rf.d897a41d79989f64fa0834ef1a22be2e.jpg,416,416,7,303,216,312,224
1411_jpg.rf.d897a41d79989f64fa0834ef1a22be2e.jpg,416,416,10,303,208,312,216
1411_jpg.rf.d897a41d79989f64fa0834ef1a22be2e.jpg,416,416,11,322,210,332,218
1411_jpg.rf.d897a41d79989f64fa0834ef1a22be2e.jpg,416,416,12,342,213,352,221
1411_jpg.rf.d897a41d79989f64fa0834ef1a22be2e.jpg,416,416,13,304,199,314,207
1411_jpg.rf.d897a41d79989f64fa0834ef1a22be2e.jpg,416,416,14,323,201,333,210
309_jpg.rf.da3f26bfa2369efb714d268f5440512c.jpg,416,416,12,293,173,373,290
309_jpg.rf.da3f26bfa2369efb714d268f5440512c.jpg,416,416,9,147,323,236,415
309_jpg.rf.da3f26bfa2369efb714d268f5440512c.jpg,416,416,10,292,311,370,415
962_jpg.rf.d97ae7c5919a04680a59c6161ded1723.jpg,416,416,11,188,19,208,56
962_jpg.rf.d97ae7c5919a04680a59c6161ded1723.jpg,416,416,9,189,58,208,93
962_jpg.rf.d97ae7c5919a04680a59c6161ded1723.jpg,416,416,7,189,94,207,127
962_jpg.rf.d97ae7c5919a04680a59c6161ded1723.jpg,416,416,5,189,128,207,159
962_jpg.rf.d97ae7c5919a04680a59c6161ded1723.jpg,416,416,12,226,20,246,56
962_jpg.rf.d97ae7c5919a04680a59c6161ded1723.jpg,416,416,10,225,58,244,92
962_jpg.rf.d97ae7c5919a04680a59c6161ded1723.jpg,416,416,8,225,94,243,126
962_jpg.rf.d97ae7c5919a04680a59c6161ded1723.jpg,416,416,6,224,128,242,158
962_jpg.rf.d97ae7c5919a04680a59c6161ded1723.jpg,416,416,3,223,160,240,188
962_jpg.rf.d97ae7c5919a04680a59c6161ded1723.jpg,416,416,G,223,188,239,216
1567_jpg.rf.db3afaccd7a5b2c51b43bbaae2e772a6.jpg,416,416,25,123,21,182,68
1567_jpg.rf.db3afaccd7a5b2c51b43bbaae2e772a6.jpg,416,416,23,134,100,180,140
1567_jpg.rf.db3afaccd7a5b2c51b43bbaae2e772a6.jpg,416,416,21,137,160,181,198
1567_jpg.rf.db3afaccd7a5b2c51b43bbaae2e772a6.jpg,416,416,19,141,213,180,245
1567_jpg.rf.db3afaccd7a5b2c51b43bbaae2e772a6.jpg,416,416,17,146,255,181,284
1567_jpg.rf.db3afaccd7a5b2c51b43bbaae2e772a6.jpg,416,416,15,149,289,183,318
1567_jpg.rf.db3afaccd7a5b2c51b43bbaae2e772a6.jpg,416,416,24,296,1,332,33
1567_jpg.rf.db3afaccd7a5b2c51b43bbaae2e772a6.jpg,416,416,22,291,58,322,93
1567_jpg.rf.db3afaccd7a5b2c51b43bbaae2e772a6.jpg,416,416,20,281,109,312,138
1567_jpg.rf.db3afaccd7a5b2c51b43bbaae2e772a6.jpg,416,416,18,275,150,308,180
1567_jpg.rf.db3afaccd7a5b2c51b43bbaae2e772a6.jpg,416,416,16,269,189,295,213
1567_jpg.rf.db3afaccd7a5b2c51b43bbaae2e772a6.jpg,416,416,14,263,224,288,245
1567_jpg.rf.db3afaccd7a5b2c51b43bbaae2e772a6.jpg,416,416,12,257,252,282,273
762_jpg.rf.da5ded794e336e672ae23605bd616a25.jpg,416,416,6,123,6,161,66
762_jpg.rf.da5ded794e336e672ae23605bd616a25.jpg,416,416,5,126,65,164,121
762_jpg.rf.da5ded794e336e672ae23605bd616a25.jpg,416,416,4,129,117,165,171
762_jpg.rf.da5ded794e336e672ae23605bd616a25.jpg,416,416,3,130,167,166,220
762_jpg.rf.da5ded794e336e672ae23605bd616a25.jpg,416,416,2,132,217,166,267
762_jpg.rf.da5ded794e336e672ae23605bd616a25.jpg,416,416,1,133,262,168,312
762_jpg.rf.da5ded794e336e672ae23605bd616a25.jpg,416,416,B,135,306,170,354
762_jpg.rf.da5ded794e336e672ae23605bd616a25.jpg,416,416,9,168,216,204,269
762_jpg.rf.da5ded794e336e672ae23605bd616a25.jpg,416,416,10,167,169,204,219
762_jpg.rf.da5ded794e336e672ae23605bd616a25.jpg,416,416,11,164,118,204,172
762_jpg.rf.da5ded794e336e672ae23605bd616a25.jpg,416,416,12,164,63,203,122
111_jpg.rf.db02b5cc020ab6f73c7d5f4de633bcac.jpg,416,416,1,167,75,242,161
721_jpg.rf.dbf12e12e11c51af5f51c791bf821a5d.jpg,416,416,8,187,233,212,256
721_jpg.rf.dbf12e12e11c51af5f51c791bf821a5d.jpg,416,416,9,234,232,257,254
721_jpg.rf.dbf12e12e11c51af5f51c791bf821a5d.jpg,416,416,6,187,255,213,277
721_jpg.rf.dbf12e12e11c51af5f51c791bf821a5d.jpg,416,416,7,234,252,258,274
721_jpg.rf.dbf12e12e11c51af5f51c791bf821a5d.jpg,416,416,5,235,272,259,293
721_jpg.rf.dbf12e12e11c51af5f51c791bf821a5d.jpg,416,416,4,187,275,213,298
721_jpg.rf.dbf12e12e11c51af5f51c791bf821a5d.jpg,416,416,3,234,292,258,313
721_jpg.rf.dbf12e12e11c51af5f51c791bf821a5d.jpg,416,416,2,188,296,213,318
721_jpg.rf.dbf12e12e11c51af5f51c791bf821a5d.jpg,416,416,1,234,311,257,332
721_jpg.rf.dbf12e12e11c51af5f51c791bf821a5d.jpg,416,416,0,188,315,214,338
958_jpg.rf.d9a8f62eddacd216c1cd019e8041178b.jpg,416,416,3,201,75,229,119
958_jpg.rf.d9a8f62eddacd216c1cd019e8041178b.jpg,416,416,2,203,132,231,172
1889_jpg.rf.dc53c685ca112e045cae0acaee5fc909.jpg,416,416,2,155,88,210,176
1889_jpg.rf.dc53c685ca112e045cae0acaee5fc909.jpg,416,416,1,161,174,213,246
1889_jpg.rf.dc53c685ca112e045cae0acaee5fc909.jpg,416,416,0,166,246,218,318
1541_jpg.rf.daf1cb7b685b3927c738def614003414.jpg,416,416,1,143,129,171,167
1541_jpg.rf.daf1cb7b685b3927c738def614003414.jpg,416,416,2,185,128,213,165
1541_jpg.rf.daf1cb7b685b3927c738def614003414.jpg,416,416,3,228,127,256,165
1541_jpg.rf.daf1cb7b685b3927c738def614003414.jpg,416,416,4,144,190,172,228
1541_jpg.rf.daf1cb7b685b3927c738def614003414.jpg,416,416,5,186,190,214,228
1541_jpg.rf.daf1cb7b685b3927c738def614003414.jpg,416,416,6,228,190,256,228
1541_jpg.rf.daf1cb7b685b3927c738def614003414.jpg,416,416,7,146,252,174,288
1541_jpg.rf.daf1cb7b685b3927c738def614003414.jpg,416,416,8,187,251,214,287
1541_jpg.rf.daf1cb7b685b3927c738def614003414.jpg,416,416,9,228,250,255,286
1541_jpg.rf.daf1cb7b685b3927c738def614003414.jpg,416,416,0,189,310,214,342
378_jpg.rf.dbf83d782758d16bc1f5e39077acf0c9.jpg,416,416,3,148,133,164,163
378_jpg.rf.dbf83d782758d16bc1f5e39077acf0c9.jpg,416,416,2,149,174,164,199
378_jpg.rf.dbf83d782758d16bc1f5e39077acf0c9.jpg,416,416,1,149,211,165,239
1178_jpg.rf.da882abebf019b2138f5ba4d2f9e5edd.jpg,416,416,0,142,102,189,171
1178_jpg.rf.da882abebf019b2138f5ba4d2f9e5edd.jpg,416,416,1,202,111,252,181
153_jpg.rf.dc53df88e1a937b3480ef7463443c33b.jpg,416,416,10,210,38,297,94
153_jpg.rf.dc53df88e1a937b3480ef7463443c33b.jpg,416,416,9,213,102,290,153
153_jpg.rf.dc53df88e1a937b3480ef7463443c33b.jpg,416,416,8,214,157,288,201
153_jpg.rf.dc53df88e1a937b3480ef7463443c33b.jpg,416,416,7,215,204,283,242
153_jpg.rf.dc53df88e1a937b3480ef7463443c33b.jpg,416,416,6,219,246,280,279
153_jpg.rf.dc53df88e1a937b3480ef7463443c33b.jpg,416,416,5,219,282,277,312
153_jpg.rf.dc53df88e1a937b3480ef7463443c33b.jpg,416,416,4,94,40,184,97
153_jpg.rf.dc53df88e1a937b3480ef7463443c33b.jpg,416,416,3,107,105,187,155
153_jpg.rf.dc53df88e1a937b3480ef7463443c33b.jpg,416,416,2,118,162,190,204
153_jpg.rf.dc53df88e1a937b3480ef7463443c33b.jpg,416,416,1,125,209,195,245
153_jpg.rf.dc53df88e1a937b3480ef7463443c33b.jpg,416,416,G,139,286,200,315
79_jpg.rf.db102617908a6712d9fecba1a297d16f.jpg,416,416,s,121,234,139,253
1288_jpg.rf.d9e0d7a70e58c6a776d054924b34d8d4.jpg,416,416,7,222,49,256,111
1288_jpg.rf.d9e0d7a70e58c6a776d054924b34d8d4.jpg,416,416,6,227,139,259,200
1288_jpg.rf.d9e0d7a70e58c6a776d054924b34d8d4.jpg,416,416,5,231,226,263,290
1288_jpg.rf.d9e0d7a70e58c6a776d054924b34d8d4.jpg,416,416,4,236,314,269,379
1714_jpg.rf.d97cd8d0c52066851dafcded6521201f.jpg,416,416,R,314,139,327,161
1714_jpg.rf.d97cd8d0c52066851dafcded6521201f.jpg,416,416,9,314,161,327,182
1714_jpg.rf.d97cd8d0c52066851dafcded6521201f.jpg,416,416,8,313,183,327,203
1714_jpg.rf.d97cd8d0c52066851dafcded6521201f.jpg,416,416,7,314,203,327,224
1714_jpg.rf.d97cd8d0c52066851dafcded6521201f.jpg,416,416,6,314,224,327,244
1345_jpg.rf.dcf8019d184b0aab8bea4857c9c40bce.jpg,416,416,1,94,80,169,159
1345_jpg.rf.dcf8019d184b0aab8bea4857c9c40bce.jpg,416,416,2,244,142,332,223
1345_jpg.rf.dcf8019d184b0aab8bea4857c9c40bce.jpg,416,416,G,86,173,163,250
990_jpg.rf.da9b3bd70061c484c3dd0eb28b83339b.jpg,416,416,G,136,212,172,252
990_jpg.rf.da9b3bd70061c484c3dd0eb28b83339b.jpg,416,416,1,240,201,274,241
307_jpg.rf.de319becc64086733c813c640649dcf5.jpg,416,416,P,92,194,146,236
307_jpg.rf.de319becc64086733c813c640649dcf5.jpg,416,416,2,203,199,255,238
307_jpg.rf.de319becc64086733c813c640649dcf5.jpg,416,416,3,256,200,309,238
1737_jpg.rf.de1b005cc74c0ff0f7c77893c776be12.jpg,416,416,G,211,44,299,138
598_jpg.rf.dcaba0626940ba9520370fc90652a9e6.jpg,416,416,2,88,213,198,303
598_jpg.rf.dcaba0626940ba9520370fc90652a9e6.jpg,416,416,1,89,279,198,364
598_jpg.rf.dcaba0626940ba9520370fc90652a9e6.jpg,416,416,0,230,164,310,248
2022_jpg.rf.de707aab32b20061baef2aef0a2f58a5.jpg,416,416,S,204,141,258,214
1766_jpg.rf.dc1b70b80e2bd160e392499c1c5dd16c.jpg,416,416,5,55,278,137,352
1766_jpg.rf.dc1b70b80e2bd160e392499c1c5dd16c.jpg,416,416,6,285,237,362,309
1766_jpg.rf.dc1b70b80e2bd160e392499c1c5dd16c.jpg,416,416,4,290,366,361,415
553_jpg.rf.dd6efa1c309ef40543e083d18b0cf33e.jpg,416,416,G,162,326,198,389
1253_jpg.rf.e031471273c0ba18383ba69e2a0bdb8c.jpg,416,416,4,69,116,92,144
1253_jpg.rf.e031471273c0ba18383ba69e2a0bdb8c.jpg,416,416,3,72,154,92,179
1253_jpg.rf.e031471273c0ba18383ba69e2a0bdb8c.jpg,416,416,2,74,189,95,216
1253_jpg.rf.e031471273c0ba18383ba69e2a0bdb8c.jpg,416,416,C,84,293,103,317
385_jpg.rf.de545d456247ca7916019554d019a4f4.jpg,416,416,9,216,27,292,102
385_jpg.rf.de545d456247ca7916019554d019a4f4.jpg,416,416,8,215,109,284,173
385_jpg.rf.de545d456247ca7916019554d019a4f4.jpg,416,416,7,215,176,280,238
385_jpg.rf.de545d456247ca7916019554d019a4f4.jpg,416,416,6,213,240,276,293
385_jpg.rf.de545d456247ca7916019554d019a4f4.jpg,416,416,5,215,291,273,344
385_jpg.rf.de545d456247ca7916019554d019a4f4.jpg,416,416,4,131,112,207,185
385_jpg.rf.de545d456247ca7916019554d019a4f4.jpg,416,416,3,137,185,207,251
385_jpg.rf.de545d456247ca7916019554d019a4f4.jpg,416,416,2,140,247,206,305
385_jpg.rf.de545d456247ca7916019554d019a4f4.jpg,416,416,1,144,302,207,351
1906_jpg.rf.dd8e30d07681b45a44432573dac3da11.jpg,416,416,23,156,319,169,342
1906_jpg.rf.dd8e30d07681b45a44432573dac3da11.jpg,416,416,21,155,347,168,372
1906_jpg.rf.dd8e30d07681b45a44432573dac3da11.jpg,416,416,22,178,346,191,371
1906_jpg.rf.dd8e30d07681b45a44432573dac3da11.jpg,416,416,19,155,377,168,402
1906_jpg.rf.dd8e30d07681b45a44432573dac3da11.jpg,416,416,20,178,376,191,401
1442_jpg.rf.e1cf45d67f96d641bf0b1b1a9d9820f4.jpg,416,416,9,179,187,222,273
1442_jpg.rf.e1cf45d67f96d641bf0b1b1a9d9820f4.jpg,416,416,8,178,296,219,381
1442_jpg.rf.e1cf45d67f96d641bf0b1b1a9d9820f4.jpg,416,416,21,260,197,295,274
1442_jpg.rf.e1cf45d67f96d641bf0b1b1a9d9820f4.jpg,416,416,20,258,291,293,368
973_jpg.rf.de97eb411e6a403db4ab5b193af04c6f.jpg,416,416,42,101,1,135,44
973_jpg.rf.de97eb411e6a403db4ab5b193af04c6f.jpg,416,416,43,141,2,176,46
973_jpg.rf.de97eb411e6a403db4ab5b193af04c6f.jpg,416,416,45,180,5,213,49
973_jpg.rf.de97eb411e6a403db4ab5b193af04c6f.jpg,416,416,46,219,5,252,49
973_jpg.rf.de97eb411e6a403db4ab5b193af04c6f.jpg,416,416,38,105,69,137,109
973_jpg.rf.de97eb411e6a403db4ab5b193af04c6f.jpg,416,416,39,144,71,178,111
973_jpg.rf.de97eb411e6a403db4ab5b193af04c6f.jpg,416,416,40,182,72,213,110
973_jpg.rf.de97eb411e6a403db4ab5b193af04c6f.jpg,416,416,41,219,71,252,112
973_jpg.rf.de97eb411e6a403db4ab5b193af04c6f.jpg,416,416,33,104,138,136,175
973_jpg.rf.de97eb411e6a403db4ab5b193af04c6f.jpg,416,416,35,144,138,176,175
973_jpg.rf.de97eb411e6a403db4ab5b193af04c6f.jpg,416,416,36,181,139,214,176
973_jpg.rf.de97eb411e6a403db4ab5b193af04c6f.jpg,416,416,37,218,138,250,175
973_jpg.rf.de97eb411e6a403db4ab5b193af04c6f.jpg,416,416,29,107,200,139,238
973_jpg.rf.de97eb411e6a403db4ab5b193af04c6f.jpg,416,416,30,143,199,175,237
973_jpg.rf.de97eb411e6a403db4ab5b193af04c6f.jpg,416,416,31,179,198,212,236
973_jpg.rf.de97eb411e6a403db4ab5b193af04c6f.jpg,416,416,32,216,197,249,235
973_jpg.rf.de97eb411e6a403db4ab5b193af04c6f.jpg,416,416,25,109,261,142,298
973_jpg.rf.de97eb411e6a403db4ab5b193af04c6f.jpg,416,416,26,146,258,178,296
973_jpg.rf.de97eb411e6a403db4ab5b193af04c6f.jpg,416,416,27,182,257,214,295
973_jpg.rf.de97eb411e6a403db4ab5b193af04c6f.jpg,416,416,28,218,256,249,292
973_jpg.rf.de97eb411e6a403db4ab5b193af04c6f.jpg,416,416,20,112,319,143,356
973_jpg.rf.de97eb411e6a403db4ab5b193af04c6f.jpg,416,416,21,148,315,178,353
973_jpg.rf.de97eb411e6a403db4ab5b193af04c6f.jpg,416,416,22,184,315,213,350
973_jpg.rf.de97eb411e6a403db4ab5b193af04c6f.jpg,416,416,23,219,311,247,348
973_jpg.rf.de97eb411e6a403db4ab5b193af04c6f.jpg,416,416,16,114,374,144,411
973_jpg.rf.de97eb411e6a403db4ab5b193af04c6f.jpg,416,416,17,150,372,180,408
973_jpg.rf.de97eb411e6a403db4ab5b193af04c6f.jpg,416,416,18,185,367,215,404
973_jpg.rf.de97eb411e6a403db4ab5b193af04c6f.jpg,416,416,19,218,366,248,402
642_jpg.rf.dfce27162672481c6ec801c5d61e0fbf.jpg,416,416,5,53,229,67,240
642_jpg.rf.dfce27162672481c6ec801c5d61e0fbf.jpg,416,416,3,54,243,67,254
642_jpg.rf.dfce27162672481c6ec801c5d61e0fbf.jpg,416,416,1,53,258,67,268
642_jpg.rf.dfce27162672481c6ec801c5d61e0fbf.jpg,416,416,6,94,228,107,239
642_jpg.rf.dfce27162672481c6ec801c5d61e0fbf.jpg,416,416,4,94,243,107,253
642_jpg.rf.dfce27162672481c6ec801c5d61e0fbf.jpg,416,416,2,93,258,108,269
642_jpg.rf.dfce27162672481c6ec801c5d61e0fbf.jpg,416,416,5,38,229,50,240
642_jpg.rf.dfce27162672481c6ec801c5d61e0fbf.jpg,416,416,3,38,243,51,254
642_jpg.rf.dfce27162672481c6ec801c5d61e0fbf.jpg,416,416,6,78,228,91,239
642_jpg.rf.dfce27162672481c6ec801c5d61e0fbf.jpg,416,416,4,79,243,91,254
642_jpg.rf.dfce27162672481c6ec801c5d61e0fbf.jpg,416,416,2,78,258,91,269
642_jpg.rf.dfce27162672481c6ec801c5d61e0fbf.jpg,416,416,B,59,273,70,283
642_jpg.rf.dfce27162672481c6ec801c5d61e0fbf.jpg,416,416,B,73,272,87,283
642_jpg.rf.dfce27162672481c6ec801c5d61e0fbf.jpg,416,416,B,189,25,207,39
642_jpg.rf.dfce27162672481c6ec801c5d61e0fbf.jpg,416,416,1,211,25,228,38
642_jpg.rf.dfce27162672481c6ec801c5d61e0fbf.jpg,416,416,2,233,25,250,38
642_jpg.rf.dfce27162672481c6ec801c5d61e0fbf.jpg,416,416,3,254,25,271,38
642_jpg.rf.dfce27162672481c6ec801c5d61e0fbf.jpg,416,416,4,276,26,293,39
642_jpg.rf.dfce27162672481c6ec801c5d61e0fbf.jpg,416,416,5,297,26,314,39
642_jpg.rf.dfce27162672481c6ec801c5d61e0fbf.jpg,416,416,6,318,26,335,39
642_jpg.rf.dfce27162672481c6ec801c5d61e0fbf.jpg,416,416,4,150,94,174,117
642_jpg.rf.dfce27162672481c6ec801c5d61e0fbf.jpg,416,416,4,182,94,212,117
167_jpg.rf.de19088e8a4fc323eeadc85e1ca23d6e.jpg,416,416,3,196,24,222,68
167_jpg.rf.de19088e8a4fc323eeadc85e1ca23d6e.jpg,416,416,2,192,87,216,128
167_jpg.rf.de19088e8a4fc323eeadc85e1ca23d6e.jpg,416,416,1,189,152,212,190
167_jpg.rf.de19088e8a4fc323eeadc85e1ca23d6e.jpg,416,416,G,184,214,207,253
131_jpg.rf.e1fbc36a80fd5372f7660964f1876d5e.jpg,416,416,9,288,68,344,129
131_jpg.rf.e1fbc36a80fd5372f7660964f1876d5e.jpg,416,416,8,287,135,341,195
131_jpg.rf.e1fbc36a80fd5372f7660964f1876d5e.jpg,416,416,7,287,201,341,259
131_jpg.rf.e1fbc36a80fd5372f7660964f1876d5e.jpg,416,416,6,286,259,338,322
131_jpg.rf.e1fbc36a80fd5372f7660964f1876d5e.jpg,416,416,5,212,137,271,200
131_jpg.rf.e1fbc36a80fd5372f7660964f1876d5e.jpg,416,416,4,212,205,274,268
131_jpg.rf.e1fbc36a80fd5372f7660964f1876d5e.jpg,416,416,3,213,270,271,331
131_jpg.rf.e1fbc36a80fd5372f7660964f1876d5e.jpg,416,416,1,211,330,274,393
1525_jpg.rf.e0eb3e22b257bed787291eac81c9bcdd.jpg,416,416,23,128,73,160,92
1525_jpg.rf.e0eb3e22b257bed787291eac81c9bcdd.jpg,416,416,24,192,74,223,92
1525_jpg.rf.e0eb3e22b257bed787291eac81c9bcdd.jpg,416,416,25,255,74,286,92
1525_jpg.rf.e0eb3e22b257bed787291eac81c9bcdd.jpg,416,416,22,255,100,286,118
1525_jpg.rf.e0eb3e22b257bed787291eac81c9bcdd.jpg,416,416,21,193,101,224,119
1525_jpg.rf.e0eb3e22b257bed787291eac81c9bcdd.jpg,416,416,20,129,101,160,119
1525_jpg.rf.e0eb3e22b257bed787291eac81c9bcdd.jpg,416,416,17,129,127,161,145
1525_jpg.rf.e0eb3e22b257bed787291eac81c9bcdd.jpg,416,416,18,193,127,225,145
1525_jpg.rf.e0eb3e22b257bed787291eac81c9bcdd.jpg,416,416,19,256,127,287,145
1525_jpg.rf.e0eb3e22b257bed787291eac81c9bcdd.jpg,416,416,14,130,153,162,171
1525_jpg.rf.e0eb3e22b257bed787291eac81c9bcdd.jpg,416,416,15,194,153,224,171
1525_jpg.rf.e0eb3e22b257bed787291eac81c9bcdd.jpg,416,416,16,257,153,287,171
1525_jpg.rf.e0eb3e22b257bed787291eac81c9bcdd.jpg,416,416,11,131,180,163,198
1525_jpg.rf.e0eb3e22b257bed787291eac81c9bcdd.jpg,416,416,12,194,180,227,198
1525_jpg.rf.e0eb3e22b257bed787291eac81c9bcdd.jpg,416,416,13,256,179,289,197
1525_jpg.rf.e0eb3e22b257bed787291eac81c9bcdd.jpg,416,416,8,133,206,164,224
1525_jpg.rf.e0eb3e22b257bed787291eac81c9bcdd.jpg,416,416,9,195,206,226,224
1525_jpg.rf.e0eb3e22b257bed787291eac81c9bcdd.jpg,416,416,10,257,206,288,224
1525_jpg.rf.e0eb3e22b257bed787291eac81c9bcdd.jpg,416,416,5,133,233,164,251
1525_jpg.rf.e0eb3e22b257bed787291eac81c9bcdd.jpg,416,416,6,196,232,227,250
1525_jpg.rf.e0eb3e22b257bed787291eac81c9bcdd.jpg,416,416,7,258,231,290,249
1525_jpg.rf.e0eb3e22b257bed787291eac81c9bcdd.jpg,416,416,4,258,258,290,276
1525_jpg.rf.e0eb3e22b257bed787291eac81c9bcdd.jpg,416,416,3,196,258,227,276
1525_jpg.rf.e0eb3e22b257bed787291eac81c9bcdd.jpg,416,416,2,133,259,165,277
1525_jpg.rf.e0eb3e22b257bed787291eac81c9bcdd.jpg,416,416,1,133,286,165,304
1387_jpg.rf.e361f084f96b15ee06d16a40b6c30d5d.jpg,416,416,3,185,184,216,220
1387_jpg.rf.e361f084f96b15ee06d16a40b6c30d5d.jpg,416,416,2,242,224,272,258
1387_jpg.rf.e361f084f96b15ee06d16a40b6c30d5d.jpg,416,416,G,242,264,273,300
1387_jpg.rf.e361f084f96b15ee06d16a40b6c30d5d.jpg,416,416,1,132,228,163,264
1387_jpg.rf.e361f084f96b15ee06d16a40b6c30d5d.jpg,416,416,B,133,270,163,306
1788_jpg.rf.dfac791407a760300dfad154b247c661.jpg,416,416,12,117,46,183,91
1788_jpg.rf.dfac791407a760300dfad154b247c661.jpg,416,416,9,117,86,183,127
1788_jpg.rf.dfac791407a760300dfad154b247c661.jpg,416,416,14,186,45,253,92
1788_jpg.rf.dfac791407a760300dfad154b247c661.jpg,416,416,10,187,87,251,128
1788_jpg.rf.dfac791407a760300dfad154b247c661.jpg,416,416,11,256,88,321,131
1788_jpg.rf.dfac791407a760300dfad154b247c661.jpg,416,416,6,119,150,182,196
1788_jpg.rf.dfac791407a760300dfad154b247c661.jpg,416,416,3,121,191,183,231
1788_jpg.rf.dfac791407a760300dfad154b247c661.jpg,416,416,7,185,152,250,196
1788_jpg.rf.dfac791407a760300dfad154b247c661.jpg,416,416,4,186,191,249,234
1788_jpg.rf.dfac791407a760300dfad154b247c661.jpg,416,416,1,187,229,247,269
1788_jpg.rf.dfac791407a760300dfad154b247c661.jpg,416,416,8,254,153,316,199
1788_jpg.rf.dfac791407a760300dfad154b247c661.jpg,416,416,5,252,192,314,234
1788_jpg.rf.dfac791407a760300dfad154b247c661.jpg,416,416,2,251,230,311,270
375_jpg.rf.de5392578aba7c950e24bdda74f1c937.jpg,416,416,S,16,245,126,386
375_jpg.rf.de5392578aba7c950e24bdda74f1c937.jpg,416,416,U,159,244,263,388
375_jpg.rf.de5392578aba7c950e24bdda74f1c937.jpg,416,416,P,298,247,401,382
890_jpg.rf.df63cc337e53e7905776e1361eb8e853.jpg,416,416,12,206,188,219,199
890_jpg.rf.df63cc337e53e7905776e1361eb8e853.jpg,416,416,6,178,188,190,197
890_jpg.rf.df63cc337e53e7905776e1361eb8e853.jpg,416,416,11,206,204,218,215
890_jpg.rf.df63cc337e53e7905776e1361eb8e853.jpg,416,416,10,206,221,219,232
890_jpg.rf.df63cc337e53e7905776e1361eb8e853.jpg,416,416,9,205,238,218,249
890_jpg.rf.df63cc337e53e7905776e1361eb8e853.jpg,416,416,8,206,255,218,265
890_jpg.rf.df63cc337e53e7905776e1361eb8e853.jpg,416,416,7,206,271,218,281
890_jpg.rf.df63cc337e53e7905776e1361eb8e853.jpg,416,416,5,178,204,190,214
890_jpg.rf.df63cc337e53e7905776e1361eb8e853.jpg,416,416,4,179,219,191,230
890_jpg.rf.df63cc337e53e7905776e1361eb8e853.jpg,416,416,3,179,235,190,246
890_jpg.rf.df63cc337e53e7905776e1361eb8e853.jpg,416,416,2,179,252,189,262
890_jpg.rf.df63cc337e53e7905776e1361eb8e853.jpg,416,416,1,178,268,190,278
890_jpg.rf.df63cc337e53e7905776e1361eb8e853.jpg,416,416,G,178,284,190,295
989_jpg.rf.df963431cae4d7d77a5fbfe2ec85d354.jpg,416,416,4,158,179,189,247
989_jpg.rf.df963431cae4d7d77a5fbfe2ec85d354.jpg,416,416,G,160,286,190,348
989_jpg.rf.df963431cae4d7d77a5fbfe2ec85d354.jpg,416,416,1,199,287,229,348
989_jpg.rf.df963431cae4d7d77a5fbfe2ec85d354.jpg,416,416,2,238,286,268,348
989_jpg.rf.df963431cae4d7d77a5fbfe2ec85d354.jpg,416,416,3,276,286,307,351
1380_jpg.rf.e436e1990cbcaca4c1222093f69f3ea4.jpg,416,416,7,126,134,172,162
1380_jpg.rf.e436e1990cbcaca4c1222093f69f3ea4.jpg,416,416,6,217,179,261,205
1380_jpg.rf.e436e1990cbcaca4c1222093f69f3ea4.jpg,416,416,5,126,177,169,203
1380_jpg.rf.e436e1990cbcaca4c1222093f69f3ea4.jpg,416,416,4,214,219,257,245
1380_jpg.rf.e436e1990cbcaca4c1222093f69f3ea4.jpg,416,416,3,123,218,166,244
1380_jpg.rf.e436e1990cbcaca4c1222093f69f3ea4.jpg,416,416,2,211,258,254,283
1380_jpg.rf.e436e1990cbcaca4c1222093f69f3ea4.jpg,416,416,1,123,258,163,282
1739_jpg.rf.e2655e6e9473e169e8bd1e6136e91e1f.jpg,416,416,0,233,137,259,182
1156_jpg.rf.e38b66a1556fdf9dac9f519a14802708.jpg,416,416,1,131,156,186,196
1156_jpg.rf.e38b66a1556fdf9dac9f519a14802708.jpg,416,416,2,233,151,284,188
1156_jpg.rf.e38b66a1556fdf9dac9f519a14802708.jpg,416,416,3,130,107,185,148
1156_jpg.rf.e38b66a1556fdf9dac9f519a14802708.jpg,416,416,4,234,108,285,146
1156_jpg.rf.e38b66a1556fdf9dac9f519a14802708.jpg,416,416,5,131,60,186,99
1156_jpg.rf.e38b66a1556fdf9dac9f519a14802708.jpg,416,416,6,236,63,287,100
1733_jpg.rf.e4ca3975847543c8a4d6453a22ebabf1.jpg,416,416,2,224,172,238,188
1733_jpg.rf.e4ca3975847543c8a4d6453a22ebabf1.jpg,416,416,1,223,197,238,213
1733_jpg.rf.e4ca3975847543c8a4d6453a22ebabf1.jpg,416,416,G,223,222,239,238
202_jpg.rf.e4b5e7585d70bd73c2d306c503352026.jpg,416,416,18,109,34,169,107
202_jpg.rf.e4b5e7585d70bd73c2d306c503352026.jpg,416,416,18,185,29,238,103
202_jpg.rf.e4b5e7585d70bd73c2d306c503352026.jpg,416,416,19,254,0,313,55
202_jpg.rf.e4b5e7585d70bd73c2d306c503352026.jpg,416,416,19,329,0,386,52
202_jpg.rf.e4b5e7585d70bd73c2d306c503352026.jpg,416,416,17,330,70,388,142
202_jpg.rf.e4b5e7585d70bd73c2d306c503352026.jpg,416,416,17,255,75,315,146
202_jpg.rf.e4b5e7585d70bd73c2d306c503352026.jpg,416,416,16,185,120,240,193
202_jpg.rf.e4b5e7585d70bd73c2d306c503352026.jpg,416,416,16,113,122,173,194
202_jpg.rf.e4b5e7585d70bd73c2d306c503352026.jpg,416,416,14,116,218,174,286
202_jpg.rf.e4b5e7585d70bd73c2d306c503352026.jpg,416,416,14,187,209,241,284
202_jpg.rf.e4b5e7585d70bd73c2d306c503352026.jpg,416,416,15,256,166,316,236
202_jpg.rf.e4b5e7585d70bd73c2d306c503352026.jpg,416,416,15,332,161,388,235
202_jpg.rf.e4b5e7585d70bd73c2d306c503352026.jpg,416,416,13,259,256,318,324
202_jpg.rf.e4b5e7585d70bd73c2d306c503352026.jpg,416,416,13,332,250,387,323
202_jpg.rf.e4b5e7585d70bd73c2d306c503352026.jpg,416,416,3,259,345,319,411
202_jpg.rf.e4b5e7585d70bd73c2d306c503352026.jpg,416,416,3,332,339,387,410
1376_jpg.rf.e4c538cc6e99e4438553f250ca510cd6.jpg,416,416,4,200,183,283,212
1376_jpg.rf.e4c538cc6e99e4438553f250ca510cd6.jpg,416,416,3,200,224,283,254
1376_jpg.rf.e4c538cc6e99e4438553f250ca510cd6.jpg,416,416,2,200,203,283,234
1376_jpg.rf.e4c538cc6e99e4438553f250ca510cd6.jpg,416,416,1,200,244,284,274
1376_jpg.rf.e4c538cc6e99e4438553f250ca510cd6.jpg,416,416,E,199,265,283,295
631_jpg.rf.e2d19d9b204f139037efd3069d155cc1.jpg,416,416,5,211,169,224,185
631_jpg.rf.e2d19d9b204f139037efd3069d155cc1.jpg,416,416,4,210,189,224,207
631_jpg.rf.e2d19d9b204f139037efd3069d155cc1.jpg,416,416,3,211,210,224,229
631_jpg.rf.e2d19d9b204f139037efd3069d155cc1.jpg,416,416,2,211,232,225,250
631_jpg.rf.e2d19d9b204f139037efd3069d155cc1.jpg,416,416,1,211,252,225,271
101_jpg.rf.e475313b7e2b44b2bce03e5737ae5a28.jpg,416,416,3,201,119,221,153
101_jpg.rf.e475313b7e2b44b2bce03e5737ae5a28.jpg,416,416,2,202,158,220,190
101_jpg.rf.e475313b7e2b44b2bce03e5737ae5a28.jpg,416,416,1,202,193,220,224
1125_jpg.rf.e43d555f2a400607092052490582ac31.jpg,416,416,G,142,306,154,316
1125_jpg.rf.e43d555f2a400607092052490582ac31.jpg,416,416,1,142,289,154,299
1125_jpg.rf.e43d555f2a400607092052490582ac31.jpg,416,416,2,142,272,154,282
1125_jpg.rf.e43d555f2a400607092052490582ac31.jpg,416,416,3,142,255,154,265
1125_jpg.rf.e43d555f2a400607092052490582ac31.jpg,416,416,4,142,239,154,248
1125_jpg.rf.e43d555f2a400607092052490582ac31.jpg,416,416,5,142,222,154,231
1125_jpg.rf.e43d555f2a400607092052490582ac31.jpg,416,416,6,141,204,153,214
1125_jpg.rf.e43d555f2a400607092052490582ac31.jpg,416,416,7,142,188,154,197
1125_jpg.rf.e43d555f2a400607092052490582ac31.jpg,416,416,8,142,171,154,180
1125_jpg.rf.e43d555f2a400607092052490582ac31.jpg,416,416,9,142,153,154,163
1125_jpg.rf.e43d555f2a400607092052490582ac31.jpg,416,416,10,142,136,154,146
1125_jpg.rf.e43d555f2a400607092052490582ac31.jpg,416,416,11,142,119,154,129
1125_jpg.rf.e43d555f2a400607092052490582ac31.jpg,416,416,12,142,102,154,112
1125_jpg.rf.e43d555f2a400607092052490582ac31.jpg,416,416,13,142,84,154,95
1125_jpg.rf.e43d555f2a400607092052490582ac31.jpg,416,416,14,142,67,154,78
1125_jpg.rf.e43d555f2a400607092052490582ac31.jpg,416,416,15,167,288,180,298
1125_jpg.rf.e43d555f2a400607092052490582ac31.jpg,416,416,16,167,272,179,281
1125_jpg.rf.e43d555f2a400607092052490582ac31.jpg,416,416,17,167,255,179,265
1125_jpg.rf.e43d555f2a400607092052490582ac31.jpg,416,416,18,168,239,180,248
1125_jpg.rf.e43d555f2a400607092052490582ac31.jpg,416,416,19,167,222,180,232
1125_jpg.rf.e43d555f2a400607092052490582ac31.jpg,416,416,20,167,205,179,214
1125_jpg.rf.e43d555f2a400607092052490582ac31.jpg,416,416,21,168,188,180,197
1125_jpg.rf.e43d555f2a400607092052490582ac31.jpg,416,416,22,167,171,180,181
1125_jpg.rf.e43d555f2a400607092052490582ac31.jpg,416,416,23,167,154,180,164
1125_jpg.rf.e43d555f2a400607092052490582ac31.jpg,416,416,24,167,137,180,147
1125_jpg.rf.e43d555f2a400607092052490582ac31.jpg,416,416,25,168,120,180,130
1125_jpg.rf.e43d555f2a400607092052490582ac31.jpg,416,416,26,168,103,181,113
1125_jpg.rf.e43d555f2a400607092052490582ac31.jpg,416,416,27,168,86,180,96
1125_jpg.rf.e43d555f2a400607092052490582ac31.jpg,416,416,28,168,69,180,79
1331_jpg.rf.e4b9885c418fb8b6bb7c84eac4ffa9d0.jpg,416,416,38,257,123,277,161
1331_jpg.rf.e4b9885c418fb8b6bb7c84eac4ffa9d0.jpg,416,416,1,150,190,178,234
229_jpg.rf.e3e4c60fb52fb38b09f26ac7373c83a3.jpg,416,416,4,181,69,220,111
229_jpg.rf.e3e4c60fb52fb38b09f26ac7373c83a3.jpg,416,416,3,183,125,222,166
229_jpg.rf.e3e4c60fb52fb38b09f26ac7373c83a3.jpg,416,416,2,186,178,222,212
229_jpg.rf.e3e4c60fb52fb38b09f26ac7373c83a3.jpg,416,416,1,187,226,227,263
238_jpg.rf.e3829abb0740052cb255dd53e288453b.jpg,416,416,G,182,270,214,283
238_jpg.rf.e3829abb0740052cb255dd53e288453b.jpg,416,416,M,181,260,213,273
238_jpg.rf.e3829abb0740052cb255dd53e288453b.jpg,416,416,1,181,251,213,262
238_jpg.rf.e3829abb0740052cb255dd53e288453b.jpg,416,416,2,181,241,213,252
238_jpg.rf.e3829abb0740052cb255dd53e288453b.jpg,416,416,3,181,231,213,242
238_jpg.rf.e3829abb0740052cb255dd53e288453b.jpg,416,416,4,181,221,213,231
238_jpg.rf.e3829abb0740052cb255dd53e288453b.jpg,416,416,5,182,211,213,221
1884_jpg.rf.e25259a9c64c6e8a73bfb287b17e2e4f.jpg,416,416,6,254,18,303,93
1884_jpg.rf.e25259a9c64c6e8a73bfb287b17e2e4f.jpg,416,416,5,254,96,304,161
1884_jpg.rf.e25259a9c64c6e8a73bfb287b17e2e4f.jpg,416,416,4,260,165,305,225
1884_jpg.rf.e25259a9c64c6e8a73bfb287b17e2e4f.jpg,416,416,3,262,228,306,284
1884_jpg.rf.e25259a9c64c6e8a73bfb287b17e2e4f.jpg,416,416,2,168,108,217,173
1884_jpg.rf.e25259a9c64c6e8a73bfb287b17e2e4f.jpg,416,416,1,175,177,221,238
1884_jpg.rf.e25259a9c64c6e8a73bfb287b17e2e4f.jpg,416,416,G,181,239,225,297
2090_jpg.rf.e5b4e5c94c777645ef7eca4193e60805.jpg,416,416,10,216,136,251,168
2090_jpg.rf.e5b4e5c94c777645ef7eca4193e60805.jpg,416,416,9,184,136,212,166
2090_jpg.rf.e5b4e5c94c777645ef7eca4193e60805.jpg,416,416,8,155,136,181,164
2090_jpg.rf.e5b4e5c94c777645ef7eca4193e60805.jpg,416,416,5,156,169,182,197
2090_jpg.rf.e5b4e5c94c777645ef7eca4193e60805.jpg,416,416,6,186,172,214,200
2090_jpg.rf.e5b4e5c94c777645ef7eca4193e60805.jpg,416,416,7,218,173,251,204
2090_jpg.rf.e5b4e5c94c777645ef7eca4193e60805.jpg,416,416,2,158,201,184,227
2090_jpg.rf.e5b4e5c94c777645ef7eca4193e60805.jpg,416,416,3,187,205,215,232
2090_jpg.rf.e5b4e5c94c777645ef7eca4193e60805.jpg,416,416,4,220,209,251,238
2090_jpg.rf.e5b4e5c94c777645ef7eca4193e60805.jpg,416,416,1,220,243,251,273
2090_jpg.rf.e5b4e5c94c777645ef7eca4193e60805.jpg,416,416,G,161,231,184,256
2090_jpg.rf.e5b4e5c94c777645ef7eca4193e60805.jpg,416,416,s,138,229,159,251
291_jpg.rf.e713be2255fac0e3b6e948f0c25b121e.jpg,416,416,8,190,154,207,185
291_jpg.rf.e713be2255fac0e3b6e948f0c25b121e.jpg,416,416,9,229,153,246,182
291_jpg.rf.e713be2255fac0e3b6e948f0c25b121e.jpg,416,416,5,191,193,208,225
291_jpg.rf.e713be2255fac0e3b6e948f0c25b121e.jpg,416,416,6,229,190,247,221
291_jpg.rf.e713be2255fac0e3b6e948f0c25b121e.jpg,416,416,4,229,227,247,258
291_jpg.rf.e713be2255fac0e3b6e948f0c25b121e.jpg,416,416,3,191,231,209,264
291_jpg.rf.e713be2255fac0e3b6e948f0c25b121e.jpg,416,416,2,231,268,247,297
291_jpg.rf.e713be2255fac0e3b6e948f0c25b121e.jpg,416,416,L,192,272,209,302
639_jpg.rf.e48858b343f8adf2d4d73b560d3bffd4.jpg,416,416,2,215,71,241,117
639_jpg.rf.e48858b343f8adf2d4d73b560d3bffd4.jpg,416,416,1,218,131,244,174
639_jpg.rf.e48858b343f8adf2d4d73b560d3bffd4.jpg,416,416,G,220,187,246,231
815_jpg.rf.e5646778e562d66ef5f4d2f6b27dec3e.jpg,416,416,5,194,161,220,188
815_jpg.rf.e5646778e562d66ef5f4d2f6b27dec3e.jpg,416,416,4,196,202,221,228
815_jpg.rf.e5646778e562d66ef5f4d2f6b27dec3e.jpg,416,416,3,197,240,221,265
815_jpg.rf.e5646778e562d66ef5f4d2f6b27dec3e.jpg,416,416,2,198,275,221,297
815_jpg.rf.e5646778e562d66ef5f4d2f6b27dec3e.jpg,416,416,G,200,308,222,329
897_jpg.rf.e60b1e4a0570785e53f68d1dcf2b8332.jpg,416,416,6,217,53,260,93
897_jpg.rf.e60b1e4a0570785e53f68d1dcf2b8332.jpg,416,416,5,217,87,257,127
897_jpg.rf.e60b1e4a0570785e53f68d1dcf2b8332.jpg,416,416,4,217,122,257,160
897_jpg.rf.e60b1e4a0570785e53f68d1dcf2b8332.jpg,416,416,3,217,153,257,191
897_jpg.rf.e60b1e4a0570785e53f68d1dcf2b8332.jpg,416,416,2,217,185,258,221
897_jpg.rf.e60b1e4a0570785e53f68d1dcf2b8332.jpg,416,416,1,216,212,257,249
897_jpg.rf.e60b1e4a0570785e53f68d1dcf2b8332.jpg,416,416,E,216,242,257,278
882_jpg.rf.e4c50a60ba4f68fa3de317ddf8240156.jpg,416,416,4,168,208,195,239
882_jpg.rf.e4c50a60ba4f68fa3de317ddf8240156.jpg,416,416,1,199,207,227,238
882_jpg.rf.e4c50a60ba4f68fa3de317ddf8240156.jpg,416,416,2,232,206,259,237
882_jpg.rf.e4c50a60ba4f68fa3de317ddf8240156.jpg,416,416,3,265,205,291,236
974_jpg.rf.e6adbba67a2bd8589822bc593cb28a9a.jpg,416,416,11,197,165,220,183
974_jpg.rf.e6adbba67a2bd8589822bc593cb28a9a.jpg,416,416,6,167,164,190,183
974_jpg.rf.e6adbba67a2bd8589822bc593cb28a9a.jpg,416,416,5,166,187,189,206
974_jpg.rf.e6adbba67a2bd8589822bc593cb28a9a.jpg,416,416,10,194,189,217,208
974_jpg.rf.e6adbba67a2bd8589822bc593cb28a9a.jpg,416,416,9,193,213,216,232
974_jpg.rf.e6adbba67a2bd8589822bc593cb28a9a.jpg,416,416,4,163,212,186,228
974_jpg.rf.e6adbba67a2bd8589822bc593cb28a9a.jpg,416,416,3,163,235,186,251
974_jpg.rf.e6adbba67a2bd8589822bc593cb28a9a.jpg,416,416,8,191,236,214,253
974_jpg.rf.e6adbba67a2bd8589822bc593cb28a9a.jpg,416,416,7,189,259,212,276
974_jpg.rf.e6adbba67a2bd8589822bc593cb28a9a.jpg,416,416,2,161,257,184,274
974_jpg.rf.e6adbba67a2bd8589822bc593cb28a9a.jpg,416,416,1,160,280,183,296
322_jpg.rf.e5949e896f0dd74568bcd2c01cca760e.jpg,416,416,12,184,231,200,244
322_jpg.rf.e5949e896f0dd74568bcd2c01cca760e.jpg,416,416,13,220,229,233,241
322_jpg.rf.e5949e896f0dd74568bcd2c01cca760e.jpg,416,416,11,218,242,234,254
322_jpg.rf.e5949e896f0dd74568bcd2c01cca760e.jpg,416,416,10,184,243,200,256
322_jpg.rf.e5949e896f0dd74568bcd2c01cca760e.jpg,416,416,9,219,254,234,266
322_jpg.rf.e5949e896f0dd74568bcd2c01cca760e.jpg,416,416,8,184,256,200,269
322_jpg.rf.e5949e896f0dd74568bcd2c01cca760e.jpg,416,416,7,219,266,234,277
322_jpg.rf.e5949e896f0dd74568bcd2c01cca760e.jpg,416,416,6,184,268,200,281
322_jpg.rf.e5949e896f0dd74568bcd2c01cca760e.jpg,416,416,5,219,277,234,290
322_jpg.rf.e5949e896f0dd74568bcd2c01cca760e.jpg,416,416,4,185,281,201,294
322_jpg.rf.e5949e896f0dd74568bcd2c01cca760e.jpg,416,416,3,220,289,235,302
322_jpg.rf.e5949e896f0dd74568bcd2c01cca760e.jpg,416,416,2,185,294,201,307
322_jpg.rf.e5949e896f0dd74568bcd2c01cca760e.jpg,416,416,G,185,306,201,319
1416_jpg.rf.e95bb72438953a9843555b0e692bdf2b.jpg,416,416,G,169,209,217,282
1416_jpg.rf.e95bb72438953a9843555b0e692bdf2b.jpg,416,416,1,169,112,222,197
1416_jpg.rf.e95bb72438953a9843555b0e692bdf2b.jpg,416,416,2,167,0,230,92
1287_jpg.rf.e7eddcfb72cbf69b1ce09e2564ae3ec9.jpg,416,416,0,152,42,218,117
149_jpg.rf.e8c78d1794aaf2eaddaefc266d5d42f6.jpg,416,416,11,255,17,298,78
149_jpg.rf.e8c78d1794aaf2eaddaefc266d5d42f6.jpg,416,416,10,255,83,293,141
149_jpg.rf.e8c78d1794aaf2eaddaefc266d5d42f6.jpg,416,416,9,252,148,289,199
149_jpg.rf.e8c78d1794aaf2eaddaefc266d5d42f6.jpg,416,416,8,248,202,286,252
149_jpg.rf.e8c78d1794aaf2eaddaefc266d5d42f6.jpg,416,416,7,248,257,285,305
149_jpg.rf.e8c78d1794aaf2eaddaefc266d5d42f6.jpg,416,416,6,245,308,281,354
149_jpg.rf.e8c78d1794aaf2eaddaefc266d5d42f6.jpg,416,416,5,199,18,239,77
149_jpg.rf.e8c78d1794aaf2eaddaefc266d5d42f6.jpg,416,416,4,198,82,238,138
149_jpg.rf.e8c78d1794aaf2eaddaefc266d5d42f6.jpg,416,416,3,196,142,236,198
149_jpg.rf.e8c78d1794aaf2eaddaefc266d5d42f6.jpg,416,416,2,194,200,235,251
149_jpg.rf.e8c78d1794aaf2eaddaefc266d5d42f6.jpg,416,416,1,194,256,233,305
149_jpg.rf.e8c78d1794aaf2eaddaefc266d5d42f6.jpg,416,416,G,194,305,233,352
923_jpg.rf.e748eabd86b3ac0d7565d4b8034931ba.jpg,416,416,G,148,246,196,268
923_jpg.rf.e748eabd86b3ac0d7565d4b8034931ba.jpg,416,416,1,149,204,197,226
923_jpg.rf.e748eabd86b3ac0d7565d4b8034931ba.jpg,416,416,2,150,164,198,185
923_jpg.rf.e748eabd86b3ac0d7565d4b8034931ba.jpg,416,416,3,152,122,199,144
1582_jpg.rf.e9eb561a08705bd64bb3c86e63f2286d.jpg,416,416,1,175,207,199,254
1582_jpg.rf.e9eb561a08705bd64bb3c86e63f2286d.jpg,416,416,2,201,206,225,254
1582_jpg.rf.e9eb561a08705bd64bb3c86e63f2286d.jpg,416,416,3,227,206,251,253
1582_jpg.rf.e9eb561a08705bd64bb3c86e63f2286d.jpg,416,416,4,175,257,199,304
1582_jpg.rf.e9eb561a08705bd64bb3c86e63f2286d.jpg,416,416,5,200,257,224,304
1582_jpg.rf.e9eb561a08705bd64bb3c86e63f2286d.jpg,416,416,6,225,256,249,304
1582_jpg.rf.e9eb561a08705bd64bb3c86e63f2286d.jpg,416,416,7,175,307,199,355
1582_jpg.rf.e9eb561a08705bd64bb3c86e63f2286d.jpg,416,416,8,200,306,224,354
1582_jpg.rf.e9eb561a08705bd64bb3c86e63f2286d.jpg,416,416,9,225,306,249,353
1582_jpg.rf.e9eb561a08705bd64bb3c86e63f2286d.jpg,416,416,-,175,356,199,403
1582_jpg.rf.e9eb561a08705bd64bb3c86e63f2286d.jpg,416,416,0,200,355,224,402
23_jpg.rf.e9648e64b41a98b481d5cec8ab21037c.jpg,416,416,R,36,333,46,351
23_jpg.rf.e9648e64b41a98b481d5cec8ab21037c.jpg,416,416,10,54,352,66,372
23_jpg.rf.e9648e64b41a98b481d5cec8ab21037c.jpg,416,416,9,36,356,47,375
23_jpg.rf.e9648e64b41a98b481d5cec8ab21037c.jpg,416,416,8,54,374,65,394
23_jpg.rf.e9648e64b41a98b481d5cec8ab21037c.jpg,416,416,7,35,379,45,397
23_jpg.rf.e9648e64b41a98b481d5cec8ab21037c.jpg,416,416,6,55,398,64,416
23_jpg.rf.e9648e64b41a98b481d5cec8ab21037c.jpg,416,416,1,133,51,139,64
23_jpg.rf.e9648e64b41a98b481d5cec8ab21037c.jpg,416,416,2,155,55,161,67
23_jpg.rf.e9648e64b41a98b481d5cec8ab21037c.jpg,416,416,3,175,58,182,70
23_jpg.rf.e9648e64b41a98b481d5cec8ab21037c.jpg,416,416,4,196,61,202,73
23_jpg.rf.e9648e64b41a98b481d5cec8ab21037c.jpg,416,416,5,214,64,220,75
23_jpg.rf.e9648e64b41a98b481d5cec8ab21037c.jpg,416,416,6,232,65,238,76
23_jpg.rf.e9648e64b41a98b481d5cec8ab21037c.jpg,416,416,8,267,70,272,81
23_jpg.rf.e9648e64b41a98b481d5cec8ab21037c.jpg,416,416,9,284,71,289,82
23_jpg.rf.e9648e64b41a98b481d5cec8ab21037c.jpg,416,416,10,299,73,305,84
23_jpg.rf.e9648e64b41a98b481d5cec8ab21037c.jpg,416,416,R,314,75,320,85
23_jpg.rf.e9648e64b41a98b481d5cec8ab21037c.jpg,416,416,R,350,291,357,304
23_jpg.rf.e9648e64b41a98b481d5cec8ab21037c.jpg,416,416,10,361,306,369,319
23_jpg.rf.e9648e64b41a98b481d5cec8ab21037c.jpg,416,416,9,352,307,358,320
23_jpg.rf.e9648e64b41a98b481d5cec8ab21037c.jpg,416,416,8,363,322,370,335
23_jpg.rf.e9648e64b41a98b481d5cec8ab21037c.jpg,416,416,7,353,323,360,337
23_jpg.rf.e9648e64b41a98b481d5cec8ab21037c.jpg,416,416,6,364,337,372,351
23_jpg.rf.e9648e64b41a98b481d5cec8ab21037c.jpg,416,416,4,366,354,373,367
23_jpg.rf.e9648e64b41a98b481d5cec8ab21037c.jpg,416,416,3,356,356,363,369
23_jpg.rf.e9648e64b41a98b481d5cec8ab21037c.jpg,416,416,2,367,370,375,384
23_jpg.rf.e9648e64b41a98b481d5cec8ab21037c.jpg,416,416,1,358,372,365,386
23_jpg.rf.e9648e64b41a98b481d5cec8ab21037c.jpg,416,416,B,370,387,376,400
23_jpg.rf.e9648e64b41a98b481d5cec8ab21037c.jpg,416,416,B,360,390,366,402
1428_jpg.rf.e976ba2560bf30e594f5789943ec929d.jpg,416,416,19,160,112,181,146
1428_jpg.rf.e976ba2560bf30e594f5789943ec929d.jpg,416,416,18,161,150,181,185
1428_jpg.rf.e976ba2560bf30e594f5789943ec929d.jpg,416,416,M,161,190,180,226
1428_jpg.rf.e976ba2560bf30e594f5789943ec929d.jpg,416,416,8,160,231,180,268
1428_jpg.rf.e976ba2560bf30e594f5789943ec929d.jpg,416,416,7,160,273,180,309
1428_jpg.rf.e976ba2560bf30e594f5789943ec929d.jpg,416,416,6,160,316,180,353
1428_jpg.rf.e976ba2560bf30e594f5789943ec929d.jpg,416,416,4,160,359,179,399
1428_jpg.rf.e976ba2560bf30e594f5789943ec929d.jpg,416,416,22,189,358,208,397
1428_jpg.rf.e976ba2560bf30e594f5789943ec929d.jpg,416,416,23,189,315,209,353
1428_jpg.rf.e976ba2560bf30e594f5789943ec929d.jpg,416,416,24,189,273,208,308
1428_jpg.rf.e976ba2560bf30e594f5789943ec929d.jpg,416,416,25,189,233,209,267
1428_jpg.rf.e976ba2560bf30e594f5789943ec929d.jpg,416,416,26,190,192,208,225
1428_jpg.rf.e976ba2560bf30e594f5789943ec929d.jpg,416,416,27,190,154,209,187
1428_jpg.rf.e976ba2560bf30e594f5789943ec929d.jpg,416,416,28,189,113,209,148
1867_jpg.rf.e8f6690610d03ce01e9d55a3555dd129.jpg,416,416,3,155,37,261,147
1867_jpg.rf.e8f6690610d03ce01e9d55a3555dd129.jpg,416,416,10,268,34,389,154
1867_jpg.rf.e8f6690610d03ce01e9d55a3555dd129.jpg,416,416,2,161,147,255,244
1867_jpg.rf.e8f6690610d03ce01e9d55a3555dd129.jpg,416,416,9,264,150,373,252
1867_jpg.rf.e8f6690610d03ce01e9d55a3555dd129.jpg,416,416,L,163,240,251,319
693_jpg.rf.e4f31ccc9a0ed743f648a734f9211ec0.jpg,416,416,9,218,66,232,93
693_jpg.rf.e4f31ccc9a0ed743f648a734f9211ec0.jpg,416,416,8,237,111,250,137
693_jpg.rf.e4f31ccc9a0ed743f648a734f9211ec0.jpg,416,416,7,218,112,231,138
693_jpg.rf.e4f31ccc9a0ed743f648a734f9211ec0.jpg,416,416,6,236,154,250,179
693_jpg.rf.e4f31ccc9a0ed743f648a734f9211ec0.jpg,416,416,5,217,157,231,182
693_jpg.rf.e4f31ccc9a0ed743f648a734f9211ec0.jpg,416,416,4,235,196,249,220
693_jpg.rf.e4f31ccc9a0ed743f648a734f9211ec0.jpg,416,416,3,218,198,231,222
693_jpg.rf.e4f31ccc9a0ed743f648a734f9211ec0.jpg,416,416,2,236,236,248,258
693_jpg.rf.e4f31ccc9a0ed743f648a734f9211ec0.jpg,416,416,1,218,237,231,261
724_jpg.rf.e793275f4409cf24a74092c1265e6c91.jpg,416,416,F,177,293,234,365
1268_jpg.rf.dae7ffb7ac47b80bd921f78768f0ea2e.jpg,416,416,32,194,24,214,49
1268_jpg.rf.dae7ffb7ac47b80bd921f78768f0ea2e.jpg,416,416,31,260,59,280,84
1268_jpg.rf.dae7ffb7ac47b80bd921f78768f0ea2e.jpg,416,416,30,259,90,278,113
1268_jpg.rf.dae7ffb7ac47b80bd921f78768f0ea2e.jpg,416,416,29,258,118,277,141
1268_jpg.rf.dae7ffb7ac47b80bd921f78768f0ea2e.jpg,416,416,28,256,146,276,168
1268_jpg.rf.dae7ffb7ac47b80bd921f78768f0ea2e.jpg,416,416,27,256,173,275,194
1268_jpg.rf.dae7ffb7ac47b80bd921f78768f0ea2e.jpg,416,416,26,256,199,274,220
1268_jpg.rf.dae7ffb7ac47b80bd921f78768f0ea2e.jpg,416,416,25,255,224,273,245
1268_jpg.rf.dae7ffb7ac47b80bd921f78768f0ea2e.jpg,416,416,24,234,59,254,84
1268_jpg.rf.dae7ffb7ac47b80bd921f78768f0ea2e.jpg,416,416,23,233,90,252,113
1268_jpg.rf.dae7ffb7ac47b80bd921f78768f0ea2e.jpg,416,416,22,233,118,251,140
1268_jpg.rf.dae7ffb7ac47b80bd921f78768f0ea2e.jpg,416,416,21,232,146,251,167
1268_jpg.rf.dae7ffb7ac47b80bd921f78768f0ea2e.jpg,416,416,20,231,173,250,194
1268_jpg.rf.dae7ffb7ac47b80bd921f78768f0ea2e.jpg,416,416,19,231,199,249,220
1268_jpg.rf.dae7ffb7ac47b80bd921f78768f0ea2e.jpg,416,416,18,230,224,248,244
1268_jpg.rf.dae7ffb7ac47b80bd921f78768f0ea2e.jpg,416,416,17,207,59,227,83
1268_jpg.rf.dae7ffb7ac47b80bd921f78768f0ea2e.jpg,416,416,16,208,89,227,111
1268_jpg.rf.dae7ffb7ac47b80bd921f78768f0ea2e.jpg,416,416,15,207,117,226,140
1268_jpg.rf.dae7ffb7ac47b80bd921f78768f0ea2e.jpg,416,416,14,207,146,226,167
1268_jpg.rf.dae7ffb7ac47b80bd921f78768f0ea2e.jpg,416,416,13,207,173,225,194
1268_jpg.rf.dae7ffb7ac47b80bd921f78768f0ea2e.jpg,416,416,12,207,198,224,219
1268_jpg.rf.dae7ffb7ac47b80bd921f78768f0ea2e.jpg,416,416,11,207,223,225,244
1268_jpg.rf.dae7ffb7ac47b80bd921f78768f0ea2e.jpg,416,416,10,181,58,201,82
1268_jpg.rf.dae7ffb7ac47b80bd921f78768f0ea2e.jpg,416,416,9,181,88,201,112
1268_jpg.rf.dae7ffb7ac47b80bd921f78768f0ea2e.jpg,416,416,8,181,117,201,140
1268_jpg.rf.dae7ffb7ac47b80bd921f78768f0ea2e.jpg,416,416,7,182,145,201,167
1268_jpg.rf.dae7ffb7ac47b80bd921f78768f0ea2e.jpg,416,416,6,182,172,201,194
1268_jpg.rf.dae7ffb7ac47b80bd921f78768f0ea2e.jpg,416,416,5,183,198,200,219
1268_jpg.rf.dae7ffb7ac47b80bd921f78768f0ea2e.jpg,416,416,4,183,223,201,243
1268_jpg.rf.dae7ffb7ac47b80bd921f78768f0ea2e.jpg,416,416,3,194,250,212,270
1268_jpg.rf.dae7ffb7ac47b80bd921f78768f0ea2e.jpg,416,416,2,194,274,212,293
1268_jpg.rf.dae7ffb7ac47b80bd921f78768f0ea2e.jpg,416,416,1,194,298,212,317
2049_jpg.rf.e8158a81bd286e0c6688484dcb52b58f.jpg,416,416,6,233,283,256,300
2049_jpg.rf.e8158a81bd286e0c6688484dcb52b58f.jpg,416,416,5,234,302,257,320
2049_jpg.rf.e8158a81bd286e0c6688484dcb52b58f.jpg,416,416,4,234,322,257,339
2049_jpg.rf.e8158a81bd286e0c6688484dcb52b58f.jpg,416,416,3,234,341,257,359
2049_jpg.rf.e8158a81bd286e0c6688484dcb52b58f.jpg,416,416,2,234,361,257,379
2049_jpg.rf.e8158a81bd286e0c6688484dcb52b58f.jpg,416,416,1,234,381,257,398
2049_jpg.rf.e8158a81bd286e0c6688484dcb52b58f.jpg,416,416,7,266,361,289,378
2049_jpg.rf.e8158a81bd286e0c6688484dcb52b58f.jpg,416,416,8,266,341,289,358
2049_jpg.rf.e8158a81bd286e0c6688484dcb52b58f.jpg,416,416,9,266,321,289,339
2049_jpg.rf.e8158a81bd286e0c6688484dcb52b58f.jpg,416,416,10,265,302,288,319
2049_jpg.rf.e8158a81bd286e0c6688484dcb52b58f.jpg,416,416,11,264,282,287,300
1094_jpg.rf.e761a800fc1eb996e7f9836be13201d8.jpg,416,416,1,232,258,241,268
1094_jpg.rf.e761a800fc1eb996e7f9836be13201d8.jpg,416,416,2,194,264,204,276
1094_jpg.rf.e761a800fc1eb996e7f9836be13201d8.jpg,416,416,3,233,277,242,288
1094_jpg.rf.e761a800fc1eb996e7f9836be13201d8.jpg,416,416,4,214,280,224,292
1094_jpg.rf.e761a800fc1eb996e7f9836be13201d8.jpg,416,416,5,195,283,206,295
1094_jpg.rf.e761a800fc1eb996e7f9836be13201d8.jpg,416,416,6,233,294,242,305
1094_jpg.rf.e761a800fc1eb996e7f9836be13201d8.jpg,416,416,7,215,298,225,310
1094_jpg.rf.e761a800fc1eb996e7f9836be13201d8.jpg,416,416,8,195,302,206,314
1094_jpg.rf.e761a800fc1eb996e7f9836be13201d8.jpg,416,416,9,234,312,242,323
1094_jpg.rf.e761a800fc1eb996e7f9836be13201d8.jpg,416,416,10,215,316,225,329
1094_jpg.rf.e761a800fc1eb996e7f9836be13201d8.jpg,416,416,11,195,321,206,333
1094_jpg.rf.e761a800fc1eb996e7f9836be13201d8.jpg,416,416,12,235,330,243,341
1094_jpg.rf.e761a800fc1eb996e7f9836be13201d8.jpg,416,416,13,216,335,226,346
1094_jpg.rf.e761a800fc1eb996e7f9836be13201d8.jpg,416,416,14,196,340,207,352
1094_jpg.rf.e761a800fc1eb996e7f9836be13201d8.jpg,416,416,s,187,361,198,374
1899_jpg.rf.ea101063aa5b2224a350da93700d9af1.jpg,416,416,2,141,194,181,225
1899_jpg.rf.ea101063aa5b2224a350da93700d9af1.jpg,416,416,1,143,228,180,257
1899_jpg.rf.ea101063aa5b2224a350da93700d9af1.jpg,416,416,U,85,316,121,344
1899_jpg.rf.ea101063aa5b2224a350da93700d9af1.jpg,416,416,D,218,322,255,353
171_jpg.rf.ea7ee04693129d23aecf99b0c22bf4f2.jpg,416,416,10,137,13,176,68
171_jpg.rf.ea7ee04693129d23aecf99b0c22bf4f2.jpg,416,416,9,236,74,270,123
171_jpg.rf.ea7ee04693129d23aecf99b0c22bf4f2.jpg,416,416,8,141,72,177,123
171_jpg.rf.ea7ee04693129d23aecf99b0c22bf4f2.jpg,416,416,7,233,126,267,173
171_jpg.rf.ea7ee04693129d23aecf99b0c22bf4f2.jpg,416,416,6,141,126,177,173
171_jpg.rf.ea7ee04693129d23aecf99b0c22bf4f2.jpg,416,416,5,230,173,264,214
171_jpg.rf.ea7ee04693129d23aecf99b0c22bf4f2.jpg,416,416,3,229,216,259,257
171_jpg.rf.ea7ee04693129d23aecf99b0c22bf4f2.jpg,416,416,2,144,219,178,261
171_jpg.rf.ea7ee04693129d23aecf99b0c22bf4f2.jpg,416,416,1,228,258,258,296
2025_jpg.rf.e912dd88f25dbce40dbcdfafe35a8978.jpg,416,416,3,189,269,259,379
1999_jpg.rf.eb08f0ba49b8a7424652e047085bf620.jpg,416,416,3,155,80,202,112
1999_jpg.rf.eb08f0ba49b8a7424652e047085bf620.jpg,416,416,2,155,143,202,173
1999_jpg.rf.eb08f0ba49b8a7424652e047085bf620.jpg,416,416,G,159,199,204,225
1999_jpg.rf.eb08f0ba49b8a7424652e047085bf620.jpg,416,416,B,160,251,203,275
529_jpg.rf.ec2da2c50c190e05bc7d41efda83f478.jpg,416,416,4,178,317,189,337
529_jpg.rf.ec2da2c50c190e05bc7d41efda83f478.jpg,416,416,10,178,222,190,242
529_jpg.rf.ec2da2c50c190e05bc7d41efda83f478.jpg,416,416,7,158,252,170,274
529_jpg.rf.ec2da2c50c190e05bc7d41efda83f478.jpg,416,416,8,179,254,189,274
529_jpg.rf.ec2da2c50c190e05bc7d41efda83f478.jpg,416,416,5,158,286,169,305
529_jpg.rf.ec2da2c50c190e05bc7d41efda83f478.jpg,416,416,6,178,286,189,305
529_jpg.rf.ec2da2c50c190e05bc7d41efda83f478.jpg,416,416,G,158,350,169,369
529_jpg.rf.ec2da2c50c190e05bc7d41efda83f478.jpg,416,416,L,177,350,188,368
529_jpg.rf.ec2da2c50c190e05bc7d41efda83f478.jpg,416,416,8,29,252,41,273
1845_jpg.rf.eb4feed93e9c02662f1dc7602fbe448d.jpg,416,416,G,134,128,148,164
1845_jpg.rf.eb4feed93e9c02662f1dc7602fbe448d.jpg,416,416,4,150,128,164,164
1845_jpg.rf.eb4feed93e9c02662f1dc7602fbe448d.jpg,416,416,3,168,128,181,164
1845_jpg.rf.eb4feed93e9c02662f1dc7602fbe448d.jpg,416,416,4,185,128,198,164
1845_jpg.rf.eb4feed93e9c02662f1dc7602fbe448d.jpg,416,416,5,203,129,216,164
1845_jpg.rf.eb4feed93e9c02662f1dc7602fbe448d.jpg,416,416,6,220,129,234,165
1845_jpg.rf.eb4feed93e9c02662f1dc7602fbe448d.jpg,416,416,7,237,128,252,165
1845_jpg.rf.eb4feed93e9c02662f1dc7602fbe448d.jpg,416,416,8,254,128,269,165
1845_jpg.rf.eb4feed93e9c02662f1dc7602fbe448d.jpg,416,416,9,271,128,287,165
1845_jpg.rf.eb4feed93e9c02662f1dc7602fbe448d.jpg,416,416,2,201,247,221,297
1522_jpg.rf.ec46e39ab5a06310d80f67fa5ee7b7a6.jpg,416,416,26,86,44,148,119
1522_jpg.rf.ec46e39ab5a06310d80f67fa5ee7b7a6.jpg,416,416,24,83,135,146,212
1522_jpg.rf.ec46e39ab5a06310d80f67fa5ee7b7a6.jpg,416,416,25,232,88,295,163
1522_jpg.rf.ec46e39ab5a06310d80f67fa5ee7b7a6.jpg,416,416,23,233,180,296,255
1522_jpg.rf.ec46e39ab5a06310d80f67fa5ee7b7a6.jpg,416,416,22,84,227,147,307
1522_jpg.rf.ec46e39ab5a06310d80f67fa5ee7b7a6.jpg,416,416,20,84,319,147,399
1522_jpg.rf.ec46e39ab5a06310d80f67fa5ee7b7a6.jpg,416,416,21,233,276,296,351
1522_jpg.rf.ec46e39ab5a06310d80f67fa5ee7b7a6.jpg,416,416,19,235,364,297,416
1522_jpg.rf.ec46e39ab5a06310d80f67fa5ee7b7a6.jpg,416,416,26,158,42,217,118
1522_jpg.rf.ec46e39ab5a06310d80f67fa5ee7b7a6.jpg,416,416,24,158,133,217,209
1522_jpg.rf.ec46e39ab5a06310d80f67fa5ee7b7a6.jpg,416,416,22,159,225,218,302
1522_jpg.rf.ec46e39ab5a06310d80f67fa5ee7b7a6.jpg,416,416,20,159,320,218,397
1522_jpg.rf.ec46e39ab5a06310d80f67fa5ee7b7a6.jpg,416,416,25,308,85,366,161
1522_jpg.rf.ec46e39ab5a06310d80f67fa5ee7b7a6.jpg,416,416,23,310,176,370,257
1522_jpg.rf.ec46e39ab5a06310d80f67fa5ee7b7a6.jpg,416,416,21,311,269,367,348
1522_jpg.rf.ec46e39ab5a06310d80f67fa5ee7b7a6.jpg,416,416,19,313,362,369,416
1512_jpg.rf.d4ea1d3df910eaeaa5584c427a13cba0.jpg,416,416,3,152,70,205,141
1512_jpg.rf.d4ea1d3df910eaeaa5584c427a13cba0.jpg,416,416,4,240,69,293,140
1512_jpg.rf.d4ea1d3df910eaeaa5584c427a13cba0.jpg,416,416,G,157,166,208,232
1512_jpg.rf.d4ea1d3df910eaeaa5584c427a13cba0.jpg,416,416,2,240,162,291,228
1346_jpg.rf.373fa76e774b79ecf1150364668052de.jpg,416,416,14,228,84,242,109
1346_jpg.rf.373fa76e774b79ecf1150364668052de.jpg,416,416,12,228,120,243,146
1346_jpg.rf.373fa76e774b79ecf1150364668052de.jpg,416,416,11,230,157,244,183
1346_jpg.rf.373fa76e774b79ecf1150364668052de.jpg,416,416,10,230,193,244,220
1346_jpg.rf.373fa76e774b79ecf1150364668052de.jpg,416,416,9,230,229,244,256
1346_jpg.rf.373fa76e774b79ecf1150364668052de.jpg,416,416,8,230,265,245,291
1346_jpg.rf.373fa76e774b79ecf1150364668052de.jpg,416,416,7,193,119,208,147
1346_jpg.rf.373fa76e774b79ecf1150364668052de.jpg,416,416,6,194,157,209,184
1346_jpg.rf.373fa76e774b79ecf1150364668052de.jpg,416,416,5,194,195,209,222
1346_jpg.rf.373fa76e774b79ecf1150364668052de.jpg,416,416,4,195,232,210,259
1346_jpg.rf.373fa76e774b79ecf1150364668052de.jpg,416,416,3,196,268,210,296
1346_jpg.rf.373fa76e774b79ecf1150364668052de.jpg,416,416,2,196,304,211,332
1346_jpg.rf.373fa76e774b79ecf1150364668052de.jpg,416,416,1,197,341,213,370
505_jpg.rf.3760600674f0f8c1400a84793827d85c.jpg,416,416,9,196,37,276,117
505_jpg.rf.3760600674f0f8c1400a84793827d85c.jpg,416,416,8,182,131,255,207
505_jpg.rf.3760600674f0f8c1400a84793827d85c.jpg,416,416,7,172,211,240,282
505_jpg.rf.3760600674f0f8c1400a84793827d85c.jpg,416,416,5,165,279,228,349
505_jpg.rf.3760600674f0f8c1400a84793827d85c.jpg,416,416,3,156,344,217,406
267_jpg.rf.382ef77009c6e43345b67118c20bb743.jpg,416,416,10,31,12,87,81
267_jpg.rf.382ef77009c6e43345b67118c20bb743.jpg,416,416,9,26,95,83,167
267_jpg.rf.382ef77009c6e43345b67118c20bb743.jpg,416,416,8,24,182,76,253
1633_jpg.rf.38a7fe3cb7c2bed682c2e13284fcc867.jpg,416,416,2,242,205,264,239
1633_jpg.rf.38a7fe3cb7c2bed682c2e13284fcc867.jpg,416,416,1,241,244,263,278
1633_jpg.rf.38a7fe3cb7c2bed682c2e13284fcc867.jpg,416,416,L,241,282,262,316
1565_jpg.rf.379abdc00c6e478eedbf3242a4a81434.jpg,416,416,20,146,70,184,107
1565_jpg.rf.379abdc00c6e478eedbf3242a4a81434.jpg,416,416,17,147,103,184,139
1565_jpg.rf.379abdc00c6e478eedbf3242a4a81434.jpg,416,416,14,148,134,185,168
1565_jpg.rf.379abdc00c6e478eedbf3242a4a81434.jpg,416,416,10,149,165,185,199
1565_jpg.rf.379abdc00c6e478eedbf3242a4a81434.jpg,416,416,18,187,101,223,134
1565_jpg.rf.379abdc00c6e478eedbf3242a4a81434.jpg,416,416,15,188,130,223,164
1565_jpg.rf.379abdc00c6e478eedbf3242a4a81434.jpg,416,416,11,188,159,222,193
1565_jpg.rf.379abdc00c6e478eedbf3242a4a81434.jpg,416,416,19,225,96,260,132
1565_jpg.rf.379abdc00c6e478eedbf3242a4a81434.jpg,416,416,16,225,127,259,161
1565_jpg.rf.379abdc00c6e478eedbf3242a4a81434.jpg,416,416,12,225,155,258,189
1565_jpg.rf.379abdc00c6e478eedbf3242a4a81434.jpg,416,416,7,152,214,187,250
1565_jpg.rf.379abdc00c6e478eedbf3242a4a81434.jpg,416,416,4,153,243,188,279
1565_jpg.rf.379abdc00c6e478eedbf3242a4a81434.jpg,416,416,8,190,210,224,244
1565_jpg.rf.379abdc00c6e478eedbf3242a4a81434.jpg,416,416,5,191,238,224,273
1565_jpg.rf.379abdc00c6e478eedbf3242a4a81434.jpg,416,416,2,192,268,226,302
1565_jpg.rf.379abdc00c6e478eedbf3242a4a81434.jpg,416,416,9,226,206,258,239
1565_jpg.rf.379abdc00c6e478eedbf3242a4a81434.jpg,416,416,6,227,231,259,266
1565_jpg.rf.379abdc00c6e478eedbf3242a4a81434.jpg,416,416,3,227,262,260,296
764_jpg.rf.385b29b10a755344619186905fb45f98.jpg,416,416,10,249,134,273,170
764_jpg.rf.385b29b10a755344619186905fb45f98.jpg,416,416,9,251,169,273,203
764_jpg.rf.385b29b10a755344619186905fb45f98.jpg,416,416,8,252,201,274,238
764_jpg.rf.385b29b10a755344619186905fb45f98.jpg,416,416,7,253,236,274,273
764_jpg.rf.385b29b10a755344619186905fb45f98.jpg,416,416,6,254,271,275,305
764_jpg.rf.385b29b10a755344619186905fb45f98.jpg,416,416,4,228,170,250,206
764_jpg.rf.385b29b10a755344619186905fb45f98.jpg,416,416,3,228,204,251,239
764_jpg.rf.385b29b10a755344619186905fb45f98.jpg,416,416,1,228,271,252,309
718_jpg.rf.390752ef8e5745e358ee6adf06b91048.jpg,416,416,22,16,12,107,56
718_jpg.rf.390752ef8e5745e358ee6adf06b91048.jpg,416,416,23,107,12,206,57
718_jpg.rf.390752ef8e5745e358ee6adf06b91048.jpg,416,416,24,206,12,308,59
718_jpg.rf.390752ef8e5745e358ee6adf06b91048.jpg,416,416,25,308,14,406,61
718_jpg.rf.390752ef8e5745e358ee6adf06b91048.jpg,416,416,18,17,72,110,117
718_jpg.rf.390752ef8e5745e358ee6adf06b91048.jpg,416,416,19,108,71,207,118
718_jpg.rf.390752ef8e5745e358ee6adf06b91048.jpg,416,416,20,206,73,307,122
718_jpg.rf.390752ef8e5745e358ee6adf06b91048.jpg,416,416,21,306,75,401,122
718_jpg.rf.390752ef8e5745e358ee6adf06b91048.jpg,416,416,14,20,128,111,174
718_jpg.rf.390752ef8e5745e358ee6adf06b91048.jpg,416,416,15,109,131,204,178
718_jpg.rf.390752ef8e5745e358ee6adf06b91048.jpg,416,416,16,204,134,303,180
718_jpg.rf.390752ef8e5745e358ee6adf06b91048.jpg,416,416,17,302,136,397,181
718_jpg.rf.390752ef8e5745e358ee6adf06b91048.jpg,416,416,10,21,185,111,233
718_jpg.rf.390752ef8e5745e358ee6adf06b91048.jpg,416,416,11,110,190,204,237
718_jpg.rf.390752ef8e5745e358ee6adf06b91048.jpg,416,416,12,204,193,302,239
718_jpg.rf.390752ef8e5745e358ee6adf06b91048.jpg,416,416,13,303,193,396,240
718_jpg.rf.390752ef8e5745e358ee6adf06b91048.jpg,416,416,6,23,239,115,288
718_jpg.rf.390752ef8e5745e358ee6adf06b91048.jpg,416,416,7,110,247,205,292
718_jpg.rf.390752ef8e5745e358ee6adf06b91048.jpg,416,416,8,204,248,300,295
718_jpg.rf.390752ef8e5745e358ee6adf06b91048.jpg,416,416,9,301,252,393,295
718_jpg.rf.390752ef8e5745e358ee6adf06b91048.jpg,416,416,2,26,293,116,340
718_jpg.rf.390752ef8e5745e358ee6adf06b91048.jpg,416,416,3,111,301,204,346
718_jpg.rf.390752ef8e5745e358ee6adf06b91048.jpg,416,416,4,204,304,297,350
718_jpg.rf.390752ef8e5745e358ee6adf06b91048.jpg,416,416,5,297,306,390,349
718_jpg.rf.390752ef8e5745e358ee6adf06b91048.jpg,416,416,P,27,346,114,393
718_jpg.rf.390752ef8e5745e358ee6adf06b91048.jpg,416,416,E,113,353,203,400
718_jpg.rf.390752ef8e5745e358ee6adf06b91048.jpg,416,416,1,296,361,386,403
652_jpg.rf.3960fe1acdc1e9336241f969c0b09307.jpg,416,416,40,168,293,187,315
652_jpg.rf.3960fe1acdc1e9336241f969c0b09307.jpg,416,416,39,168,324,187,346
652_jpg.rf.3960fe1acdc1e9336241f969c0b09307.jpg,416,416,38,168,354,187,376
652_jpg.rf.3960fe1acdc1e9336241f969c0b09307.jpg,416,416,37,168,384,188,408
1314_jpg.rf.376c05285ea296d0942ac4a13bd1a940.jpg,416,416,3,245,146,270,169
1314_jpg.rf.376c05285ea296d0942ac4a13bd1a940.jpg,416,416,2,195,145,222,169
1314_jpg.rf.376c05285ea296d0942ac4a13bd1a940.jpg,416,416,G,245,186,271,210
563_jpg.rf.3a2a18f433e72bb3c97baa9d7907ec94.jpg,416,416,7,162,193,179,205
563_jpg.rf.3a2a18f433e72bb3c97baa9d7907ec94.jpg,416,416,6,162,208,179,219
563_jpg.rf.3a2a18f433e72bb3c97baa9d7907ec94.jpg,416,416,5,162,222,179,234
563_jpg.rf.3a2a18f433e72bb3c97baa9d7907ec94.jpg,416,416,4,162,236,179,248
563_jpg.rf.3a2a18f433e72bb3c97baa9d7907ec94.jpg,416,416,3,163,250,179,261
563_jpg.rf.3a2a18f433e72bb3c97baa9d7907ec94.jpg,416,416,2,163,264,178,276
563_jpg.rf.3a2a18f433e72bb3c97baa9d7907ec94.jpg,416,416,1,162,277,180,290
563_jpg.rf.3a2a18f433e72bb3c97baa9d7907ec94.jpg,416,416,14,189,179,208,191
563_jpg.rf.3a2a18f433e72bb3c97baa9d7907ec94.jpg,416,416,13,190,194,208,206
563_jpg.rf.3a2a18f433e72bb3c97baa9d7907ec94.jpg,416,416,12,189,209,208,221
563_jpg.rf.3a2a18f433e72bb3c97baa9d7907ec94.jpg,416,416,11,190,224,208,235
563_jpg.rf.3a2a18f433e72bb3c97baa9d7907ec94.jpg,416,416,10,189,238,208,250
563_jpg.rf.3a2a18f433e72bb3c97baa9d7907ec94.jpg,416,416,9,189,253,207,264
563_jpg.rf.3a2a18f433e72bb3c97baa9d7907ec94.jpg,416,416,8,190,266,207,280
1556_jpg.rf.3aad1d4045c692230e6b94466e8ed510.jpg,416,416,4,201,80,251,135
1556_jpg.rf.3aad1d4045c692230e6b94466e8ed510.jpg,416,416,3,201,138,249,190
1556_jpg.rf.3aad1d4045c692230e6b94466e8ed510.jpg,416,416,2,202,192,249,239
1556_jpg.rf.3aad1d4045c692230e6b94466e8ed510.jpg,416,416,1,202,243,248,290
1556_jpg.rf.3aad1d4045c692230e6b94466e8ed510.jpg,416,416,1,375,218,416,261
242_jpg.rf.3ac930415238d03caf99a6f992c0f5f3.jpg,416,416,1,165,161,214,188
242_jpg.rf.3ac930415238d03caf99a6f992c0f5f3.jpg,416,416,G,165,226,216,253
1342_jpg.rf.3949e81a1c6112af10ad5820f81ee7fb.jpg,416,416,2,251,215,293,233
444_jpg.rf.3adc883f3fbec11f3159a90f26b7c16f.jpg,416,416,2,62,56,219,184
444_jpg.rf.3adc883f3fbec11f3159a90f26b7c16f.jpg,416,416,3,245,46,373,163
444_jpg.rf.3adc883f3fbec11f3159a90f26b7c16f.jpg,416,416,1,241,184,349,286
444_jpg.rf.3adc883f3fbec11f3159a90f26b7c16f.jpg,416,416,0,90,216,214,319
653_jpg.rf.3adcee29db554a3f9d00491dbe40ebb2.jpg,416,416,2,173,223,223,246
653_jpg.rf.3adcee29db554a3f9d00491dbe40ebb2.jpg,416,416,1,174,253,224,275
653_jpg.rf.3adcee29db554a3f9d00491dbe40ebb2.jpg,416,416,4,261,224,314,248
653_jpg.rf.3adcee29db554a3f9d00491dbe40ebb2.jpg,416,416,3,262,255,312,278
462_jpg.rf.3c3b08eb3316af8ff1b24b53193c3471.jpg,416,416,27,176,178,194,195
462_jpg.rf.3c3b08eb3316af8ff1b24b53193c3471.jpg,416,416,26,218,197,234,214
462_jpg.rf.3c3b08eb3316af8ff1b24b53193c3471.jpg,416,416,25,177,202,196,219
462_jpg.rf.3c3b08eb3316af8ff1b24b53193c3471.jpg,416,416,24,131,208,153,226
462_jpg.rf.3c3b08eb3316af8ff1b24b53193c3471.jpg,416,416,23,218,219,234,236
462_jpg.rf.3c3b08eb3316af8ff1b24b53193c3471.jpg,416,416,22,177,225,196,242
462_jpg.rf.3c3b08eb3316af8ff1b24b53193c3471.jpg,416,416,21,133,233,154,251
462_jpg.rf.3c3b08eb3316af8ff1b24b53193c3471.jpg,416,416,20,218,242,234,258
462_jpg.rf.3c3b08eb3316af8ff1b24b53193c3471.jpg,416,416,19,177,249,196,265
462_jpg.rf.3c3b08eb3316af8ff1b24b53193c3471.jpg,416,416,18,133,257,155,275
462_jpg.rf.3c3b08eb3316af8ff1b24b53193c3471.jpg,416,416,17,218,263,234,279
462_jpg.rf.3c3b08eb3316af8ff1b24b53193c3471.jpg,416,416,16,178,271,196,288
462_jpg.rf.3c3b08eb3316af8ff1b24b53193c3471.jpg,416,416,15,134,280,156,298
462_jpg.rf.3c3b08eb3316af8ff1b24b53193c3471.jpg,416,416,14,217,284,233,300
462_jpg.rf.3c3b08eb3316af8ff1b24b53193c3471.jpg,416,416,12,178,293,196,310
462_jpg.rf.3c3b08eb3316af8ff1b24b53193c3471.jpg,416,416,11,136,304,155,320
462_jpg.rf.3c3b08eb3316af8ff1b24b53193c3471.jpg,416,416,G,180,315,197,330
1011_jpg.rf.3b120a1eed593c137c0cbce065f043c6.jpg,416,416,1,155,190,180,237
1011_jpg.rf.3b120a1eed593c137c0cbce065f043c6.jpg,416,416,4,156,252,181,299
1011_jpg.rf.3b120a1eed593c137c0cbce065f043c6.jpg,416,416,7,157,314,182,360
1011_jpg.rf.3b120a1eed593c137c0cbce065f043c6.jpg,416,416,s,158,369,182,415
1011_jpg.rf.3b120a1eed593c137c0cbce065f043c6.jpg,416,416,0,183,369,207,415
1011_jpg.rf.3b120a1eed593c137c0cbce065f043c6.jpg,416,416,-,208,365,232,411
1011_jpg.rf.3b120a1eed593c137c0cbce065f043c6.jpg,416,416,9,206,306,231,353
1011_jpg.rf.3b120a1eed593c137c0cbce065f043c6.jpg,416,416,8,182,310,206,356
1011_jpg.rf.3b120a1eed593c137c0cbce065f043c6.jpg,416,416,5,182,250,206,296
1011_jpg.rf.3b120a1eed593c137c0cbce065f043c6.jpg,416,416,2,181,188,205,234
1011_jpg.rf.3b120a1eed593c137c0cbce065f043c6.jpg,416,416,3,206,187,231,233
1011_jpg.rf.3b120a1eed593c137c0cbce065f043c6.jpg,416,416,6,206,247,231,293
1961_jpg.rf.3bba893808db7bb16b0bf6264ed7ea37.jpg,416,416,4,160,122,183,155
1961_jpg.rf.3bba893808db7bb16b0bf6264ed7ea37.jpg,416,416,0,161,158,184,191
1961_jpg.rf.3bba893808db7bb16b0bf6264ed7ea37.jpg,416,416,1,186,158,208,189
1961_jpg.rf.3bba893808db7bb16b0bf6264ed7ea37.jpg,416,416,2,210,156,232,189
1961_jpg.rf.3bba893808db7bb16b0bf6264ed7ea37.jpg,416,416,3,234,157,255,188
1961_jpg.rf.3bba893808db7bb16b0bf6264ed7ea37.jpg,416,416,s,162,238,185,270
1091_jpg.rf.3c05682c740cce73b45dda41f796bce1.jpg,416,416,3,199,252,228,275
1091_jpg.rf.3c05682c740cce73b45dda41f796bce1.jpg,416,416,2,199,282,228,305
1091_jpg.rf.3c05682c740cce73b45dda41f796bce1.jpg,416,416,1,201,313,230,337
1091_jpg.rf.3c05682c740cce73b45dda41f796bce1.jpg,416,416,G,201,344,230,369
1091_jpg.rf.3c05682c740cce73b45dda41f796bce1.jpg,416,416,B,203,375,232,400
1292_jpg.rf.3d12270d69c684023faa35ef01b8b811.jpg,416,416,12,145,312,190,323
1292_jpg.rf.3d12270d69c684023faa35ef01b8b811.jpg,416,416,10,145,323,190,334
1292_jpg.rf.3d12270d69c684023faa35ef01b8b811.jpg,416,416,8,145,335,190,346
1292_jpg.rf.3d12270d69c684023faa35ef01b8b811.jpg,416,416,6,145,346,190,357
1292_jpg.rf.3d12270d69c684023faa35ef01b8b811.jpg,416,416,4,145,357,190,368
1292_jpg.rf.3d12270d69c684023faa35ef01b8b811.jpg,416,416,2,145,367,190,378
1292_jpg.rf.3d12270d69c684023faa35ef01b8b811.jpg,416,416,11,195,308,238,320
1292_jpg.rf.3d12270d69c684023faa35ef01b8b811.jpg,416,416,9,195,319,238,331
1292_jpg.rf.3d12270d69c684023faa35ef01b8b811.jpg,416,416,7,195,330,238,342
1292_jpg.rf.3d12270d69c684023faa35ef01b8b811.jpg,416,416,5,195,341,238,353
1292_jpg.rf.3d12270d69c684023faa35ef01b8b811.jpg,416,416,3,195,353,238,364
1292_jpg.rf.3d12270d69c684023faa35ef01b8b811.jpg,416,416,1,195,363,238,374
340_jpg.rf.3cb2b314b738dd99efd1ba8713abc6b1.jpg,416,416,21,167,243,189,261
340_jpg.rf.3cb2b314b738dd99efd1ba8713abc6b1.jpg,416,416,22,230,244,252,260
340_jpg.rf.3cb2b314b738dd99efd1ba8713abc6b1.jpg,416,416,20,230,265,252,282
340_jpg.rf.3cb2b314b738dd99efd1ba8713abc6b1.jpg,416,416,19,167,265,189,283
340_jpg.rf.3cb2b314b738dd99efd1ba8713abc6b1.jpg,416,416,18,231,287,253,305
340_jpg.rf.3cb2b314b738dd99efd1ba8713abc6b1.jpg,416,416,17,167,287,189,305
340_jpg.rf.3cb2b314b738dd99efd1ba8713abc6b1.jpg,416,416,16,231,308,253,326
340_jpg.rf.3cb2b314b738dd99efd1ba8713abc6b1.jpg,416,416,15,166,308,189,326
340_jpg.rf.3cb2b314b738dd99efd1ba8713abc6b1.jpg,416,416,14,230,329,252,347
340_jpg.rf.3cb2b314b738dd99efd1ba8713abc6b1.jpg,416,416,13,166,329,189,347
340_jpg.rf.3cb2b314b738dd99efd1ba8713abc6b1.jpg,416,416,12,232,350,253,369
340_jpg.rf.3cb2b314b738dd99efd1ba8713abc6b1.jpg,416,416,11,167,351,190,369
340_jpg.rf.3cb2b314b738dd99efd1ba8713abc6b1.jpg,416,416,1,169,371,190,390
1634_jpg.rf.3d6933cbbdd0fb14f7d1308d2fefb2f5.jpg,416,416,2,216,246,232,274
1634_jpg.rf.3d6933cbbdd0fb14f7d1308d2fefb2f5.jpg,416,416,G,217,297,232,324
429_jpg.rf.3cae44696fc2a8783aa0665320fa13b7.jpg,416,416,5,212,149,238,162
429_jpg.rf.3cae44696fc2a8783aa0665320fa13b7.jpg,416,416,4,213,167,238,179
429_jpg.rf.3cae44696fc2a8783aa0665320fa13b7.jpg,416,416,3,213,184,239,196
429_jpg.rf.3cae44696fc2a8783aa0665320fa13b7.jpg,416,416,2,214,201,239,212
429_jpg.rf.3cae44696fc2a8783aa0665320fa13b7.jpg,416,416,1,216,219,239,229
1938_jpg.rf.3cd3584b52a893a285586714d496c9d1.jpg,416,416,1,147,10,245,107
1938_jpg.rf.3cd3584b52a893a285586714d496c9d1.jpg,416,416,G,168,136,260,217
273_jpg.rf.3c47ef2d34b7ea9ea730af4bd285fec1.jpg,416,416,8,223,210,263,235
273_jpg.rf.3c47ef2d34b7ea9ea730af4bd285fec1.jpg,416,416,7,219,241,262,265
273_jpg.rf.3c47ef2d34b7ea9ea730af4bd285fec1.jpg,416,416,6,219,271,260,296
273_jpg.rf.3c47ef2d34b7ea9ea730af4bd285fec1.jpg,416,416,5,220,302,258,326
273_jpg.rf.3c47ef2d34b7ea9ea730af4bd285fec1.jpg,416,416,4,149,208,187,232
273_jpg.rf.3c47ef2d34b7ea9ea730af4bd285fec1.jpg,416,416,3,148,239,187,263
273_jpg.rf.3c47ef2d34b7ea9ea730af4bd285fec1.jpg,416,416,2,147,270,187,294
273_jpg.rf.3c47ef2d34b7ea9ea730af4bd285fec1.jpg,416,416,1,147,300,185,324
816_jpg.rf.3f7f1865321cdfb95ef4839846ee43eb.jpg,416,416,12,121,144,151,189
816_jpg.rf.3f7f1865321cdfb95ef4839846ee43eb.jpg,416,416,R,198,143,234,192
816_jpg.rf.3f7f1865321cdfb95ef4839846ee43eb.jpg,416,416,10,121,206,151,250
816_jpg.rf.3f7f1865321cdfb95ef4839846ee43eb.jpg,416,416,11,199,209,234,256
816_jpg.rf.3f7f1865321cdfb95ef4839846ee43eb.jpg,416,416,9,200,273,234,320
816_jpg.rf.3f7f1865321cdfb95ef4839846ee43eb.jpg,416,416,8,122,265,153,310
816_jpg.rf.3f7f1865321cdfb95ef4839846ee43eb.jpg,416,416,7,199,335,234,384
1756_jpg.rf.3ed9b20ffd1128da6561a6a260040bc9.jpg,416,416,3,148,255,168,271
1756_jpg.rf.3ed9b20ffd1128da6561a6a260040bc9.jpg,416,416,2,224,255,244,271
1756_jpg.rf.3ed9b20ffd1128da6561a6a260040bc9.jpg,416,416,4,224,231,244,247
1756_jpg.rf.3ed9b20ffd1128da6561a6a260040bc9.jpg,416,416,5,148,231,168,247
1756_jpg.rf.3ed9b20ffd1128da6561a6a260040bc9.jpg,416,416,7,147,208,167,223
1756_jpg.rf.3ed9b20ffd1128da6561a6a260040bc9.jpg,416,416,9,147,184,166,200
1756_jpg.rf.3ed9b20ffd1128da6561a6a260040bc9.jpg,416,416,11,146,160,166,176
1756_jpg.rf.3ed9b20ffd1128da6561a6a260040bc9.jpg,416,416,13,145,136,165,153
1756_jpg.rf.3ed9b20ffd1128da6561a6a260040bc9.jpg,416,416,16,220,86,241,102
1756_jpg.rf.3ed9b20ffd1128da6561a6a260040bc9.jpg,416,416,14,221,110,241,126
1756_jpg.rf.3ed9b20ffd1128da6561a6a260040bc9.jpg,416,416,12,221,135,242,150
1425_jpg.rf.3d6736209d41fbb607ba349f8e9d904d.jpg,416,416,B,187,254,205,287
1425_jpg.rf.3d6736209d41fbb607ba349f8e9d904d.jpg,416,416,2,187,211,205,244
1425_jpg.rf.3d6736209d41fbb607ba349f8e9d904d.jpg,416,416,3,221,210,238,243
1425_jpg.rf.3d6736209d41fbb607ba349f8e9d904d.jpg,416,416,4,186,168,204,201
1425_jpg.rf.3d6736209d41fbb607ba349f8e9d904d.jpg,416,416,5,221,166,239,200
1425_jpg.rf.3d6736209d41fbb607ba349f8e9d904d.jpg,416,416,6,186,121,205,157
1110_jpg.rf.3d1f12a7224570e60174423a3d490eb5.jpg,416,416,B,168,209,177,225
1110_jpg.rf.3d1f12a7224570e60174423a3d490eb5.jpg,416,416,G,178,208,187,224
1110_jpg.rf.3d1f12a7224570e60174423a3d490eb5.jpg,416,416,1,188,206,197,221
1110_jpg.rf.3d1f12a7224570e60174423a3d490eb5.jpg,416,416,2,198,204,206,219
1110_jpg.rf.3d1f12a7224570e60174423a3d490eb5.jpg,416,416,3,178,182,187,198
1110_jpg.rf.3d1f12a7224570e60174423a3d490eb5.jpg,416,416,4,189,181,197,196
1110_jpg.rf.3d1f12a7224570e60174423a3d490eb5.jpg,416,416,5,198,181,206,195
696_jpg.rf.3d148f784aa3dbe568b07b976254a0b6.jpg,416,416,3,149,113,211,146
696_jpg.rf.3d148f784aa3dbe568b07b976254a0b6.jpg,416,416,2,150,172,208,201
696_jpg.rf.3d148f784aa3dbe568b07b976254a0b6.jpg,416,416,1,148,226,204,252
696_jpg.rf.3d148f784aa3dbe568b07b976254a0b6.jpg,416,416,G,148,273,203,299
1856_jpg.rf.3ded8c5f815c5bc4d577472ada708a4e.jpg,416,416,2,145,227,173,263
1856_jpg.rf.3ded8c5f815c5bc4d577472ada708a4e.jpg,416,416,3,243,224,270,260
1856_jpg.rf.3ded8c5f815c5bc4d577472ada708a4e.jpg,416,416,G,146,267,173,304
1856_jpg.rf.3ded8c5f815c5bc4d577472ada708a4e.jpg,416,416,1,242,264,269,301
1856_jpg.rf.3ded8c5f815c5bc4d577472ada708a4e.jpg,416,416,B,148,308,175,344
1615_jpg.rf.3c41c0d5ac023321b1f198e7fa631184.jpg,416,416,15,165,56,200,94
1615_jpg.rf.3c41c0d5ac023321b1f198e7fa631184.jpg,416,416,16,199,55,234,93
1615_jpg.rf.3c41c0d5ac023321b1f198e7fa631184.jpg,416,416,13,166,95,200,133
1615_jpg.rf.3c41c0d5ac023321b1f198e7fa631184.jpg,416,416,14,199,95,233,132
1615_jpg.rf.3c41c0d5ac023321b1f198e7fa631184.jpg,416,416,11,166,134,200,169
1615_jpg.rf.3c41c0d5ac023321b1f198e7fa631184.jpg,416,416,12,199,134,233,169
1615_jpg.rf.3c41c0d5ac023321b1f198e7fa631184.jpg,416,416,9,167,170,200,205
1615_jpg.rf.3c41c0d5ac023321b1f198e7fa631184.jpg,416,416,10,200,170,232,204
1615_jpg.rf.3c41c0d5ac023321b1f198e7fa631184.jpg,416,416,7,168,205,199,239
1615_jpg.rf.3c41c0d5ac023321b1f198e7fa631184.jpg,416,416,8,198,204,231,237
1615_jpg.rf.3c41c0d5ac023321b1f198e7fa631184.jpg,416,416,5,167,238,199,272
1615_jpg.rf.3c41c0d5ac023321b1f198e7fa631184.jpg,416,416,6,200,238,231,270
1615_jpg.rf.3c41c0d5ac023321b1f198e7fa631184.jpg,416,416,3,168,272,199,303
1615_jpg.rf.3c41c0d5ac023321b1f198e7fa631184.jpg,416,416,4,200,271,230,303
1615_jpg.rf.3c41c0d5ac023321b1f198e7fa631184.jpg,416,416,1,168,303,199,337
1615_jpg.rf.3c41c0d5ac023321b1f198e7fa631184.jpg,416,416,2,199,303,230,338
557_jpg.rf.3c7d7da64852c2916dd600d8b113195d.jpg,416,416,1,150,147,180,170
557_jpg.rf.3c7d7da64852c2916dd600d8b113195d.jpg,416,416,2,185,146,218,171
557_jpg.rf.3c7d7da64852c2916dd600d8b113195d.jpg,416,416,3,223,146,256,171
557_jpg.rf.3c7d7da64852c2916dd600d8b113195d.jpg,416,416,4,149,175,182,199
557_jpg.rf.3c7d7da64852c2916dd600d8b113195d.jpg,416,416,5,186,174,218,199
557_jpg.rf.3c7d7da64852c2916dd600d8b113195d.jpg,416,416,6,223,174,257,199
557_jpg.rf.3c7d7da64852c2916dd600d8b113195d.jpg,416,416,7,150,202,181,225
557_jpg.rf.3c7d7da64852c2916dd600d8b113195d.jpg,416,416,8,187,202,220,225
557_jpg.rf.3c7d7da64852c2916dd600d8b113195d.jpg,416,416,9,222,202,256,226
557_jpg.rf.3c7d7da64852c2916dd600d8b113195d.jpg,416,416,0,187,229,220,252
1830_jpg.rf.4009f048eb9a47d08ea98ea851fc7967.jpg,416,416,4,142,224,176,277
1830_jpg.rf.4009f048eb9a47d08ea98ea851fc7967.jpg,416,416,5,178,224,212,277
1830_jpg.rf.4009f048eb9a47d08ea98ea851fc7967.jpg,416,416,6,214,224,248,277
1830_jpg.rf.4009f048eb9a47d08ea98ea851fc7967.jpg,416,416,7,250,222,284,275
1830_jpg.rf.4009f048eb9a47d08ea98ea851fc7967.jpg,416,416,P,71,300,106,352
1830_jpg.rf.4009f048eb9a47d08ea98ea851fc7967.jpg,416,416,1,143,298,177,349
1830_jpg.rf.4009f048eb9a47d08ea98ea851fc7967.jpg,416,416,2,179,297,213,349
1830_jpg.rf.4009f048eb9a47d08ea98ea851fc7967.jpg,416,416,3,214,297,247,347
1891_jpg.rf.4040cbddc1d643ef9baa02e770eb90f2.jpg,416,416,2,96,245,200,311
1891_jpg.rf.4040cbddc1d643ef9baa02e770eb90f2.jpg,416,416,G,101,306,202,367
1891_jpg.rf.4040cbddc1d643ef9baa02e770eb90f2.jpg,416,416,1,201,259,314,323
1772_jpg.rf.3e5fa5da674c49c974f470cb985e994e.jpg,416,416,3,183,25,244,81
1772_jpg.rf.3e5fa5da674c49c974f470cb985e994e.jpg,416,416,2,185,72,245,124
1772_jpg.rf.3e5fa5da674c49c974f470cb985e994e.jpg,416,416,1,185,116,242,164
1772_jpg.rf.3e5fa5da674c49c974f470cb985e994e.jpg,416,416,0,186,156,241,202
1069_jpg.rf.3d1f5370a65700983fb661585f7e3fcb.jpg,416,416,3,197,44,223,96
1069_jpg.rf.3d1f5370a65700983fb661585f7e3fcb.jpg,416,416,1,198,103,223,152
1069_jpg.rf.3d1f5370a65700983fb661585f7e3fcb.jpg,416,416,2,250,115,279,167
1069_jpg.rf.3d1f5370a65700983fb661585f7e3fcb.jpg,416,416,G,198,159,222,206
1069_jpg.rf.3d1f5370a65700983fb661585f7e3fcb.jpg,416,416,M,249,173,276,221
1069_jpg.rf.3d1f5370a65700983fb661585f7e3fcb.jpg,416,416,2,179,342,198,382
574_jpg.rf.41c1d9d77158a356fc3b3777ece36730.jpg,416,416,1,184,11,314,89
825_jpg.rf.3efb53e28af8326f95134487bd9fb803.jpg,416,416,6,237,70,286,115
825_jpg.rf.3efb53e28af8326f95134487bd9fb803.jpg,416,416,5,235,122,279,157
825_jpg.rf.3efb53e28af8326f95134487bd9fb803.jpg,416,416,3,236,164,273,195
825_jpg.rf.3efb53e28af8326f95134487bd9fb803.jpg,416,416,2,234,201,270,227
825_jpg.rf.3efb53e28af8326f95134487bd9fb803.jpg,416,416,1,233,229,265,254
825_jpg.rf.3efb53e28af8326f95134487bd9fb803.jpg,416,416,G,232,254,263,275
1798_jpg.rf.41e4e19ce4e60cd39774f48baf3cbd52.jpg,416,416,8,204,71,249,116
1798_jpg.rf.41e4e19ce4e60cd39774f48baf3cbd52.jpg,416,416,7,203,126,246,168
1798_jpg.rf.41e4e19ce4e60cd39774f48baf3cbd52.jpg,416,416,6,202,175,246,216
1798_jpg.rf.41e4e19ce4e60cd39774f48baf3cbd52.jpg,416,416,5,202,221,243,260
1798_jpg.rf.41e4e19ce4e60cd39774f48baf3cbd52.jpg,416,416,B,140,230,185,270
1798_jpg.rf.41e4e19ce4e60cd39774f48baf3cbd52.jpg,416,416,2,137,129,184,175
1798_jpg.rf.41e4e19ce4e60cd39774f48baf3cbd52.jpg,416,416,3,133,74,185,119
676_jpg.rf.41e352523e5b8578438844b2ef529130.jpg,416,416,2,232,188,249,219
676_jpg.rf.41e352523e5b8578438844b2ef529130.jpg,416,416,3,253,186,271,218
676_jpg.rf.41e352523e5b8578438844b2ef529130.jpg,416,416,4,275,184,293,216
676_jpg.rf.41e352523e5b8578438844b2ef529130.jpg,416,416,1,276,244,293,274
1902_jpg.rf.41421eb283b6ec87306b24ff5fb3fb9d.jpg,416,416,1,237,258,264,272
1902_jpg.rf.41421eb283b6ec87306b24ff5fb3fb9d.jpg,416,416,2,238,238,265,253
1358_jpg.rf.418fc228ea2d36fc3796702e69fdcbd9.jpg,416,416,6,205,41,226,81
1358_jpg.rf.418fc228ea2d36fc3796702e69fdcbd9.jpg,416,416,5,241,91,260,128
1358_jpg.rf.418fc228ea2d36fc3796702e69fdcbd9.jpg,416,416,4,205,93,226,131
1358_jpg.rf.418fc228ea2d36fc3796702e69fdcbd9.jpg,416,416,3,241,139,260,175
1358_jpg.rf.418fc228ea2d36fc3796702e69fdcbd9.jpg,416,416,2,206,143,226,181
1358_jpg.rf.418fc228ea2d36fc3796702e69fdcbd9.jpg,416,416,1,240,185,259,221
1358_jpg.rf.418fc228ea2d36fc3796702e69fdcbd9.jpg,416,416,G,207,190,226,227
136_jpg.rf.44171127e32196c9193e2b27b6194d0c.jpg,416,416,3,181,0,263,70
136_jpg.rf.44171127e32196c9193e2b27b6194d0c.jpg,416,416,2,182,98,257,161
1780_jpg.rf.4463d75119350a7b85818ac03fbfaefa.jpg,416,416,L,168,53,244,156
655_jpg.rf.44a2849be9eec38c8afee37211291ed1.jpg,416,416,18,153,92,201,133
655_jpg.rf.44a2849be9eec38c8afee37211291ed1.jpg,416,416,15,153,131,201,171
655_jpg.rf.44a2849be9eec38c8afee37211291ed1.jpg,416,416,12,154,167,201,207
655_jpg.rf.44a2849be9eec38c8afee37211291ed1.jpg,416,416,9,155,204,201,241
655_jpg.rf.44a2849be9eec38c8afee37211291ed1.jpg,416,416,6,155,238,200,274
655_jpg.rf.44a2849be9eec38c8afee37211291ed1.jpg,416,416,3,155,272,200,308
655_jpg.rf.44a2849be9eec38c8afee37211291ed1.jpg,416,416,19,200,91,247,134
655_jpg.rf.44a2849be9eec38c8afee37211291ed1.jpg,416,416,16,200,129,247,171
655_jpg.rf.44a2849be9eec38c8afee37211291ed1.jpg,416,416,13,199,168,245,207
655_jpg.rf.44a2849be9eec38c8afee37211291ed1.jpg,416,416,10,199,203,245,240
655_jpg.rf.44a2849be9eec38c8afee37211291ed1.jpg,416,416,7,199,236,243,272
655_jpg.rf.44a2849be9eec38c8afee37211291ed1.jpg,416,416,4,198,270,242,305
655_jpg.rf.44a2849be9eec38c8afee37211291ed1.jpg,416,416,1,198,301,242,335
655_jpg.rf.44a2849be9eec38c8afee37211291ed1.jpg,416,416,20,245,91,291,133
655_jpg.rf.44a2849be9eec38c8afee37211291ed1.jpg,416,416,17,245,129,289,171
655_jpg.rf.44a2849be9eec38c8afee37211291ed1.jpg,416,416,14,243,167,287,205
655_jpg.rf.44a2849be9eec38c8afee37211291ed1.jpg,416,416,11,243,201,284,239
655_jpg.rf.44a2849be9eec38c8afee37211291ed1.jpg,416,416,8,241,236,282,271
655_jpg.rf.44a2849be9eec38c8afee37211291ed1.jpg,416,416,5,242,269,281,303
655_jpg.rf.44a2849be9eec38c8afee37211291ed1.jpg,416,416,2,240,300,279,332
750_jpg.rf.44caf02e0dd69877a55d7593640c9db7.jpg,416,416,1,208,99,251,171
750_jpg.rf.44caf02e0dd69877a55d7593640c9db7.jpg,416,416,0,208,175,253,239
342_jpg.rf.42980ff0da968dfd533d0a9f3fe254c1.jpg,416,416,4,126,116,153,158
342_jpg.rf.42980ff0da968dfd533d0a9f3fe254c1.jpg,416,416,5,261,112,289,156
342_jpg.rf.42980ff0da968dfd533d0a9f3fe254c1.jpg,416,416,2,125,191,152,233
342_jpg.rf.42980ff0da968dfd533d0a9f3fe254c1.jpg,416,416,3,263,193,289,233
342_jpg.rf.42980ff0da968dfd533d0a9f3fe254c1.jpg,416,416,B,125,271,152,311
342_jpg.rf.42980ff0da968dfd533d0a9f3fe254c1.jpg,416,416,1,263,269,289,313
1799_jpg.rf.465fa149d20da92e5738b73b30099e46.jpg,416,416,12,157,181,175,194
1799_jpg.rf.465fa149d20da92e5738b73b30099e46.jpg,416,416,10,159,203,173,214
1799_jpg.rf.465fa149d20da92e5738b73b30099e46.jpg,416,416,11,197,202,212,214
1799_jpg.rf.465fa149d20da92e5738b73b30099e46.jpg,416,416,8,161,224,175,236
1799_jpg.rf.465fa149d20da92e5738b73b30099e46.jpg,416,416,9,197,222,213,234
1799_jpg.rf.465fa149d20da92e5738b73b30099e46.jpg,416,416,6,160,245,176,258
1799_jpg.rf.465fa149d20da92e5738b73b30099e46.jpg,416,416,7,199,242,214,255
1799_jpg.rf.465fa149d20da92e5738b73b30099e46.jpg,416,416,5,197,263,213,276
1799_jpg.rf.465fa149d20da92e5738b73b30099e46.jpg,416,416,4,160,265,176,279
1799_jpg.rf.465fa149d20da92e5738b73b30099e46.jpg,416,416,3,199,284,214,296
1799_jpg.rf.465fa149d20da92e5738b73b30099e46.jpg,416,416,2,159,287,176,300
1799_jpg.rf.465fa149d20da92e5738b73b30099e46.jpg,416,416,1,200,305,214,317
1799_jpg.rf.465fa149d20da92e5738b73b30099e46.jpg,416,416,G,159,308,176,320
1657_jpg.rf.4560aa37d05d4a87f6ef610daad35302.jpg,416,416,2,137,193,178,222
1731_jpg.rf.46b63503542793a2e36f5ba1d1ba40cf.jpg,416,416,5,183,117,206,141
1731_jpg.rf.46b63503542793a2e36f5ba1d1ba40cf.jpg,416,416,4,181,146,204,169
1731_jpg.rf.46b63503542793a2e36f5ba1d1ba40cf.jpg,416,416,3,180,174,204,198
1731_jpg.rf.46b63503542793a2e36f5ba1d1ba40cf.jpg,416,416,2,180,202,203,225
1731_jpg.rf.46b63503542793a2e36f5ba1d1ba40cf.jpg,416,416,1,179,229,202,252
1731_jpg.rf.46b63503542793a2e36f5ba1d1ba40cf.jpg,416,416,G,178,255,200,279
1497_jpg.rf.4480320e6407b9c4d3b2812203c3246c.jpg,416,416,4,66,89,163,133
1497_jpg.rf.4480320e6407b9c4d3b2812203c3246c.jpg,416,416,5,271,88,366,133
1497_jpg.rf.4480320e6407b9c4d3b2812203c3246c.jpg,416,416,2,69,141,162,184
1497_jpg.rf.4480320e6407b9c4d3b2812203c3246c.jpg,416,416,3,271,140,364,184
1497_jpg.rf.4480320e6407b9c4d3b2812203c3246c.jpg,416,416,B,71,189,165,231
1497_jpg.rf.4480320e6407b9c4d3b2812203c3246c.jpg,416,416,G,270,189,359,231
1497_jpg.rf.4480320e6407b9c4d3b2812203c3246c.jpg,416,416,4,0,92,67,131
1497_jpg.rf.4480320e6407b9c4d3b2812203c3246c.jpg,416,416,5,197,91,273,131
1497_jpg.rf.4480320e6407b9c4d3b2812203c3246c.jpg,416,416,2,0,143,70,181
1497_jpg.rf.4480320e6407b9c4d3b2812203c3246c.jpg,416,416,3,198,142,275,179
1497_jpg.rf.4480320e6407b9c4d3b2812203c3246c.jpg,416,416,B,0,193,76,228
1001_jpg.rf.455dba3b07744ffc8631a53955dc721b.jpg,416,416,1,289,280,316,308
387_jpg.rf.4688ff56233f679602214b3cbb6b428d.jpg,416,416,4,67,19,122,73
387_jpg.rf.4688ff56233f679602214b3cbb6b428d.jpg,416,416,2,65,93,119,146
387_jpg.rf.4688ff56233f679602214b3cbb6b428d.jpg,416,416,5,226,19,282,74
387_jpg.rf.4688ff56233f679602214b3cbb6b428d.jpg,416,416,3,226,94,280,148
1901_jpg.rf.41192cf9a5f66b3325865187deb57a60.jpg,416,416,1,195,206,209,234
1901_jpg.rf.41192cf9a5f66b3325865187deb57a60.jpg,416,416,2,215,202,229,228
1901_jpg.rf.41192cf9a5f66b3325865187deb57a60.jpg,416,416,22,254,193,267,219
1901_jpg.rf.41192cf9a5f66b3325865187deb57a60.jpg,416,416,23,272,191,286,217
1901_jpg.rf.41192cf9a5f66b3325865187deb57a60.jpg,416,416,24,194,149,209,178
1901_jpg.rf.41192cf9a5f66b3325865187deb57a60.jpg,416,416,25,214,147,229,175
1901_jpg.rf.41192cf9a5f66b3325865187deb57a60.jpg,416,416,26,235,144,250,172
1901_jpg.rf.41192cf9a5f66b3325865187deb57a60.jpg,416,416,27,254,140,269,168
1901_jpg.rf.41192cf9a5f66b3325865187deb57a60.jpg,416,416,28,273,136,288,164
1838_jpg.rf.467eb38c678a19691f7e0f3abac1eb1f.jpg,416,416,3,174,65,205,119
1838_jpg.rf.467eb38c678a19691f7e0f3abac1eb1f.jpg,416,416,4,242,63,273,117
1838_jpg.rf.467eb38c678a19691f7e0f3abac1eb1f.jpg,416,416,2,242,165,270,220
1838_jpg.rf.467eb38c678a19691f7e0f3abac1eb1f.jpg,416,416,1,177,167,204,221
1838_jpg.rf.467eb38c678a19691f7e0f3abac1eb1f.jpg,416,416,B,210,260,237,307
1814_jpg.rf.4573f600e62772bd537d513c42af2367.jpg,416,416,D,47,187,84,211
1814_jpg.rf.4573f600e62772bd537d513c42af2367.jpg,416,416,U,322,187,360,211
824_jpg.rf.40fe9854ece757dbcab420b276b0bf76.jpg,416,416,7,40,46,105,159
824_jpg.rf.40fe9854ece757dbcab420b276b0bf76.jpg,416,416,8,177,57,230,157
824_jpg.rf.40fe9854ece757dbcab420b276b0bf76.jpg,416,416,4,43,170,107,278
824_jpg.rf.40fe9854ece757dbcab420b276b0bf76.jpg,416,416,5,179,167,229,265
824_jpg.rf.40fe9854ece757dbcab420b276b0bf76.jpg,416,416,6,287,167,330,256
824_jpg.rf.40fe9854ece757dbcab420b276b0bf76.jpg,416,416,1,47,290,108,394
824_jpg.rf.40fe9854ece757dbcab420b276b0bf76.jpg,416,416,2,178,276,228,369
824_jpg.rf.40fe9854ece757dbcab420b276b0bf76.jpg,416,416,3,284,261,333,353
577_jpg.rf.47c4840ae46a845d40b0b65049cc4b5d.jpg,416,416,B,85,209,109,245
577_jpg.rf.47c4840ae46a845d40b0b65049cc4b5d.jpg,416,416,1,122,203,146,239
577_jpg.rf.47c4840ae46a845d40b0b65049cc4b5d.jpg,416,416,2,158,194,183,231
577_jpg.rf.47c4840ae46a845d40b0b65049cc4b5d.jpg,416,416,3,197,187,223,225
577_jpg.rf.47c4840ae46a845d40b0b65049cc4b5d.jpg,416,416,4,236,181,262,217
577_jpg.rf.47c4840ae46a845d40b0b65049cc4b5d.jpg,416,416,5,276,174,305,212
1611_jpg.rf.46de9447fdaff22653f34dedd7600835.jpg,416,416,4,37,88,198,154
1611_jpg.rf.46de9447fdaff22653f34dedd7600835.jpg,416,416,2,43,140,198,206
1611_jpg.rf.46de9447fdaff22653f34dedd7600835.jpg,416,416,0,48,190,196,253
1611_jpg.rf.46de9447fdaff22653f34dedd7600835.jpg,416,416,5,190,81,336,147
1611_jpg.rf.46de9447fdaff22653f34dedd7600835.jpg,416,416,3,187,133,330,196
1611_jpg.rf.46de9447fdaff22653f34dedd7600835.jpg,416,416,1,185,182,325,242
842_jpg.rf.439bc8732f62aa14c722c1a225a3b4b6.jpg,416,416,12,194,218,202,227
842_jpg.rf.439bc8732f62aa14c722c1a225a3b4b6.jpg,416,416,11,195,231,203,239
842_jpg.rf.439bc8732f62aa14c722c1a225a3b4b6.jpg,416,416,10,195,243,202,251
842_jpg.rf.439bc8732f62aa14c722c1a225a3b4b6.jpg,416,416,9,195,255,203,263
842_jpg.rf.439bc8732f62aa14c722c1a225a3b4b6.jpg,416,416,8,195,268,203,275
842_jpg.rf.439bc8732f62aa14c722c1a225a3b4b6.jpg,416,416,7,196,280,204,288
842_jpg.rf.439bc8732f62aa14c722c1a225a3b4b6.jpg,416,416,6,176,232,185,241
842_jpg.rf.439bc8732f62aa14c722c1a225a3b4b6.jpg,416,416,5,176,245,185,253
842_jpg.rf.439bc8732f62aa14c722c1a225a3b4b6.jpg,416,416,4,177,257,185,266
842_jpg.rf.439bc8732f62aa14c722c1a225a3b4b6.jpg,416,416,3,176,270,185,278
842_jpg.rf.439bc8732f62aa14c722c1a225a3b4b6.jpg,416,416,2,176,283,186,291
842_jpg.rf.439bc8732f62aa14c722c1a225a3b4b6.jpg,416,416,1,177,296,186,305
1441_jpg.rf.42dca7d51e1618bd2de83b2fd576842a.jpg,416,416,2,138,265,188,289
1441_jpg.rf.42dca7d51e1618bd2de83b2fd576842a.jpg,416,416,3,192,265,245,288
1441_jpg.rf.42dca7d51e1618bd2de83b2fd576842a.jpg,416,416,4,248,265,303,287
1441_jpg.rf.42dca7d51e1618bd2de83b2fd576842a.jpg,416,416,5,75,223,132,246
1441_jpg.rf.42dca7d51e1618bd2de83b2fd576842a.jpg,416,416,6,135,222,190,246
1441_jpg.rf.42dca7d51e1618bd2de83b2fd576842a.jpg,416,416,7,199,222,246,246
1441_jpg.rf.42dca7d51e1618bd2de83b2fd576842a.jpg,416,416,8,252,222,310,245
1441_jpg.rf.42dca7d51e1618bd2de83b2fd576842a.jpg,416,416,9,74,179,129,202
1441_jpg.rf.42dca7d51e1618bd2de83b2fd576842a.jpg,416,416,10,131,179,190,202
1441_jpg.rf.42dca7d51e1618bd2de83b2fd576842a.jpg,416,416,11,189,179,247,201
1441_jpg.rf.42dca7d51e1618bd2de83b2fd576842a.jpg,416,416,12,68,134,130,158
1441_jpg.rf.42dca7d51e1618bd2de83b2fd576842a.jpg,416,416,14,130,133,188,157
1441_jpg.rf.42dca7d51e1618bd2de83b2fd576842a.jpg,416,416,15,189,135,248,158
1441_jpg.rf.42dca7d51e1618bd2de83b2fd576842a.jpg,416,416,16,66,88,129,112
1441_jpg.rf.42dca7d51e1618bd2de83b2fd576842a.jpg,416,416,17,129,88,189,115
1441_jpg.rf.42dca7d51e1618bd2de83b2fd576842a.jpg,416,416,18,189,89,249,115
1103_jpg.rf.46a33143de1831cd4f6876a91704c31a.jpg,416,416,M,199,125,226,159
1103_jpg.rf.46a33143de1831cd4f6876a91704c31a.jpg,416,416,3,200,170,225,204
1103_jpg.rf.46a33143de1831cd4f6876a91704c31a.jpg,416,416,2,199,214,225,249
1103_jpg.rf.46a33143de1831cd4f6876a91704c31a.jpg,416,416,1,198,260,223,294
1103_jpg.rf.46a33143de1831cd4f6876a91704c31a.jpg,416,416,L,199,305,222,337
1047_jpg.rf.46e164caaa362f7006b034dcd56fd215.jpg,416,416,2,193,216,243,254
1047_jpg.rf.46e164caaa362f7006b034dcd56fd215.jpg,416,416,1,192,257,238,295
113_jpg.rf.41d1522c7a4faea514265db1d65046c1.jpg,416,416,1,163,263,181,293
113_jpg.rf.41d1522c7a4faea514265db1d65046c1.jpg,416,416,G,207,274,226,302
113_jpg.rf.41d1522c7a4faea514265db1d65046c1.jpg,416,416,B,165,299,181,330
549_jpg.rf.470a9ca1712c9e38ce2d743649caa0c2.jpg,416,416,27,106,82,150,105
549_jpg.rf.470a9ca1712c9e38ce2d743649caa0c2.jpg,416,416,23,105,116,148,139
549_jpg.rf.470a9ca1712c9e38ce2d743649caa0c2.jpg,416,416,20,106,146,149,166
549_jpg.rf.470a9ca1712c9e38ce2d743649caa0c2.jpg,416,416,17,109,174,151,195
549_jpg.rf.470a9ca1712c9e38ce2d743649caa0c2.jpg,416,416,12,111,201,151,222
549_jpg.rf.470a9ca1712c9e38ce2d743649caa0c2.jpg,416,416,9,110,226,151,246
549_jpg.rf.470a9ca1712c9e38ce2d743649caa0c2.jpg,416,416,6,110,249,152,271
549_jpg.rf.470a9ca1712c9e38ce2d743649caa0c2.jpg,416,416,5,111,274,150,294
549_jpg.rf.470a9ca1712c9e38ce2d743649caa0c2.jpg,416,416,3,111,295,151,317
549_jpg.rf.470a9ca1712c9e38ce2d743649caa0c2.jpg,416,416,2,113,318,150,336
549_jpg.rf.470a9ca1712c9e38ce2d743649caa0c2.jpg,416,416,1,114,336,151,358
549_jpg.rf.470a9ca1712c9e38ce2d743649caa0c2.jpg,416,416,25,169,117,212,136
549_jpg.rf.470a9ca1712c9e38ce2d743649caa0c2.jpg,416,416,21,169,144,209,166
549_jpg.rf.470a9ca1712c9e38ce2d743649caa0c2.jpg,416,416,18,168,170,209,190
549_jpg.rf.470a9ca1712c9e38ce2d743649caa0c2.jpg,416,416,15,169,196,207,218
549_jpg.rf.470a9ca1712c9e38ce2d743649caa0c2.jpg,416,416,10,168,222,205,242
549_jpg.rf.470a9ca1712c9e38ce2d743649caa0c2.jpg,416,416,7,167,245,206,265
549_jpg.rf.470a9ca1712c9e38ce2d743649caa0c2.jpg,416,416,26,230,114,269,138
549_jpg.rf.470a9ca1712c9e38ce2d743649caa0c2.jpg,416,416,22,227,142,264,165
549_jpg.rf.470a9ca1712c9e38ce2d743649caa0c2.jpg,416,416,19,225,169,261,190
549_jpg.rf.470a9ca1712c9e38ce2d743649caa0c2.jpg,416,416,16,225,195,259,214
549_jpg.rf.470a9ca1712c9e38ce2d743649caa0c2.jpg,416,416,11,222,218,256,236
549_jpg.rf.470a9ca1712c9e38ce2d743649caa0c2.jpg,416,416,8,219,241,257,260
009_jpg.rf.4a6776cca50c464c53bc540e8c34934a.jpg,416,416,46,40,25,72,76
009_jpg.rf.4a6776cca50c464c53bc540e8c34934a.jpg,416,416,47,100,25,132,76
009_jpg.rf.4a6776cca50c464c53bc540e8c34934a.jpg,416,416,48,158,26,190,77
009_jpg.rf.4a6776cca50c464c53bc540e8c34934a.jpg,416,416,49,216,28,248,79
009_jpg.rf.4a6776cca50c464c53bc540e8c34934a.jpg,416,416,50,274,30,306,81
009_jpg.rf.4a6776cca50c464c53bc540e8c34934a.jpg,416,416,41,45,78,75,128
009_jpg.rf.4a6776cca50c464c53bc540e8c34934a.jpg,416,416,42,101,77,131,127
009_jpg.rf.4a6776cca50c464c53bc540e8c34934a.jpg,416,416,43,159,79,189,128
009_jpg.rf.4a6776cca50c464c53bc540e8c34934a.jpg,416,416,44,215,80,245,129
009_jpg.rf.4a6776cca50c464c53bc540e8c34934a.jpg,416,416,45,271,80,301,129
009_jpg.rf.4a6776cca50c464c53bc540e8c34934a.jpg,416,416,36,49,129,77,177
009_jpg.rf.4a6776cca50c464c53bc540e8c34934a.jpg,416,416,37,104,129,132,177
009_jpg.rf.4a6776cca50c464c53bc540e8c34934a.jpg,416,416,38,159,129,188,177
009_jpg.rf.4a6776cca50c464c53bc540e8c34934a.jpg,416,416,39,214,130,243,178
009_jpg.rf.4a6776cca50c464c53bc540e8c34934a.jpg,416,416,40,269,131,297,179
009_jpg.rf.4a6776cca50c464c53bc540e8c34934a.jpg,416,416,31,52,175,80,220
009_jpg.rf.4a6776cca50c464c53bc540e8c34934a.jpg,416,416,32,106,176,134,221
009_jpg.rf.4a6776cca50c464c53bc540e8c34934a.jpg,416,416,33,159,177,187,222
009_jpg.rf.4a6776cca50c464c53bc540e8c34934a.jpg,416,416,34,213,177,241,222
009_jpg.rf.4a6776cca50c464c53bc540e8c34934a.jpg,416,416,35,264,177,292,222
009_jpg.rf.4a6776cca50c464c53bc540e8c34934a.jpg,416,416,26,54,222,82,263
009_jpg.rf.4a6776cca50c464c53bc540e8c34934a.jpg,416,416,27,108,222,135,263
009_jpg.rf.4a6776cca50c464c53bc540e8c34934a.jpg,416,416,28,160,221,187,263
009_jpg.rf.4a6776cca50c464c53bc540e8c34934a.jpg,416,416,29,212,222,239,263
009_jpg.rf.4a6776cca50c464c53bc540e8c34934a.jpg,416,416,30,262,222,289,263
009_jpg.rf.4a6776cca50c464c53bc540e8c34934a.jpg,416,416,21,58,263,85,303
009_jpg.rf.4a6776cca50c464c53bc540e8c34934a.jpg,416,416,22,109,264,136,303
009_jpg.rf.4a6776cca50c464c53bc540e8c34934a.jpg,416,416,23,160,262,187,302
009_jpg.rf.4a6776cca50c464c53bc540e8c34934a.jpg,416,416,24,209,263,236,302
009_jpg.rf.4a6776cca50c464c53bc540e8c34934a.jpg,416,416,25,259,263,286,302
009_jpg.rf.4a6776cca50c464c53bc540e8c34934a.jpg,416,416,16,60,302,87,342
009_jpg.rf.4a6776cca50c464c53bc540e8c34934a.jpg,416,416,17,110,302,137,342
009_jpg.rf.4a6776cca50c464c53bc540e8c34934a.jpg,416,416,18,159,301,186,341
009_jpg.rf.4a6776cca50c464c53bc540e8c34934a.jpg,416,416,19,209,301,234,340
009_jpg.rf.4a6776cca50c464c53bc540e8c34934a.jpg,416,416,20,257,300,282,340
009_jpg.rf.4a6776cca50c464c53bc540e8c34934a.jpg,416,416,15,207,338,233,377
1222_jpg.rf.488cf326ab5d3bfa121419a7cb09058b.jpg,416,416,1,33,162,112,201
1222_jpg.rf.488cf326ab5d3bfa121419a7cb09058b.jpg,416,416,2,120,162,195,202
1222_jpg.rf.488cf326ab5d3bfa121419a7cb09058b.jpg,416,416,3,209,163,283,202
1222_jpg.rf.488cf326ab5d3bfa121419a7cb09058b.jpg,416,416,D,290,207,367,243
1222_jpg.rf.488cf326ab5d3bfa121419a7cb09058b.jpg,416,416,6,209,206,279,242
1222_jpg.rf.488cf326ab5d3bfa121419a7cb09058b.jpg,416,416,5,126,205,196,242
1222_jpg.rf.488cf326ab5d3bfa121419a7cb09058b.jpg,416,416,4,43,204,113,241
1222_jpg.rf.488cf326ab5d3bfa121419a7cb09058b.jpg,416,416,7,50,241,119,276
1222_jpg.rf.488cf326ab5d3bfa121419a7cb09058b.jpg,416,416,8,128,242,198,276
1222_jpg.rf.488cf326ab5d3bfa121419a7cb09058b.jpg,416,416,9,207,243,277,278
1222_jpg.rf.488cf326ab5d3bfa121419a7cb09058b.jpg,416,416,G,288,245,358,280
1222_jpg.rf.488cf326ab5d3bfa121419a7cb09058b.jpg,416,416,0,131,277,199,310
852_jpg.rf.48e27a1cd332113a9adccb48023aaa25.jpg,416,416,15,214,56,233,81
852_jpg.rf.48e27a1cd332113a9adccb48023aaa25.jpg,416,416,14,213,88,233,111
852_jpg.rf.48e27a1cd332113a9adccb48023aaa25.jpg,416,416,12,214,117,232,142
852_jpg.rf.48e27a1cd332113a9adccb48023aaa25.jpg,416,416,11,214,149,233,174
852_jpg.rf.48e27a1cd332113a9adccb48023aaa25.jpg,416,416,10,213,208,232,234
852_jpg.rf.48e27a1cd332113a9adccb48023aaa25.jpg,416,416,9,213,238,232,263
852_jpg.rf.48e27a1cd332113a9adccb48023aaa25.jpg,416,416,7,188,88,207,112
852_jpg.rf.48e27a1cd332113a9adccb48023aaa25.jpg,416,416,6,189,118,206,142
852_jpg.rf.48e27a1cd332113a9adccb48023aaa25.jpg,416,416,5,188,148,206,172
852_jpg.rf.48e27a1cd332113a9adccb48023aaa25.jpg,416,416,4,188,208,206,233
852_jpg.rf.48e27a1cd332113a9adccb48023aaa25.jpg,416,416,3,189,240,205,262
852_jpg.rf.48e27a1cd332113a9adccb48023aaa25.jpg,416,416,2,188,270,206,293
852_jpg.rf.48e27a1cd332113a9adccb48023aaa25.jpg,416,416,1,187,300,206,324
894_jpg.rf.492b87b98352c042c28f0a86df97bdfe.jpg,416,416,9,233,8,254,48
894_jpg.rf.492b87b98352c042c28f0a86df97bdfe.jpg,416,416,8,233,50,255,91
894_jpg.rf.492b87b98352c042c28f0a86df97bdfe.jpg,416,416,7,233,95,255,134
894_jpg.rf.492b87b98352c042c28f0a86df97bdfe.jpg,416,416,6,233,138,255,177
894_jpg.rf.492b87b98352c042c28f0a86df97bdfe.jpg,416,416,5,233,179,255,217
894_jpg.rf.492b87b98352c042c28f0a86df97bdfe.jpg,416,416,4,202,7,223,47
894_jpg.rf.492b87b98352c042c28f0a86df97bdfe.jpg,416,416,2,202,94,224,133
894_jpg.rf.492b87b98352c042c28f0a86df97bdfe.jpg,416,416,1,202,138,224,176
2076_jpg.rf.4715bb8e115198c6b60d72f11e8195a6.jpg,416,416,P,168,206,198,229
2076_jpg.rf.4715bb8e115198c6b60d72f11e8195a6.jpg,416,416,C,171,241,198,262
2076_jpg.rf.4715bb8e115198c6b60d72f11e8195a6.jpg,416,416,s,139,243,171,266
1963_jpg.rf.487eb226debbc9b9269289332e9f71fe.jpg,416,416,4,215,150,246,203
1963_jpg.rf.487eb226debbc9b9269289332e9f71fe.jpg,416,416,1,161,149,193,203
1963_jpg.rf.487eb226debbc9b9269289332e9f71fe.jpg,416,416,2,162,79,195,136
1963_jpg.rf.487eb226debbc9b9269289332e9f71fe.jpg,416,416,5,218,81,250,137
1963_jpg.rf.487eb226debbc9b9269289332e9f71fe.jpg,416,416,R,221,7,254,69
1963_jpg.rf.487eb226debbc9b9269289332e9f71fe.jpg,416,416,3,164,0,197,66
251_jpg.rf.4893fff88d0b5ebcaa408f15d6d66979.jpg,416,416,3,174,313,203,336
251_jpg.rf.4893fff88d0b5ebcaa408f15d6d66979.jpg,416,416,2,173,338,203,361
251_jpg.rf.4893fff88d0b5ebcaa408f15d6d66979.jpg,416,416,1,172,363,202,386
1114_jpg.rf.480c169c5cdeff11f2038913036f65f8.jpg,416,416,1,175,21,266,140
1114_jpg.rf.480c169c5cdeff11f2038913036f65f8.jpg,416,416,0,185,106,272,218
840_jpg.rf.49eb4f59a590dde72fdfb9fa8ad0d529.jpg,416,416,19,159,230,171,251
840_jpg.rf.49eb4f59a590dde72fdfb9fa8ad0d529.jpg,416,416,18,158,254,171,275
840_jpg.rf.49eb4f59a590dde72fdfb9fa8ad0d529.jpg,416,416,17,158,277,170,299
840_jpg.rf.49eb4f59a590dde72fdfb9fa8ad0d529.jpg,416,416,16,176,277,189,299
840_jpg.rf.49eb4f59a590dde72fdfb9fa8ad0d529.jpg,416,416,15,195,277,207,299
840_jpg.rf.49eb4f59a590dde72fdfb9fa8ad0d529.jpg,416,416,14,195,302,207,324
840_jpg.rf.49eb4f59a590dde72fdfb9fa8ad0d529.jpg,416,416,12,177,302,189,324
840_jpg.rf.49eb4f59a590dde72fdfb9fa8ad0d529.jpg,416,416,11,158,302,171,324
840_jpg.rf.49eb4f59a590dde72fdfb9fa8ad0d529.jpg,416,416,10,157,328,169,350
840_jpg.rf.49eb4f59a590dde72fdfb9fa8ad0d529.jpg,416,416,9,176,327,188,349
840_jpg.rf.49eb4f59a590dde72fdfb9fa8ad0d529.jpg,416,416,8,195,327,207,349
840_jpg.rf.49eb4f59a590dde72fdfb9fa8ad0d529.jpg,416,416,7,195,352,207,374
840_jpg.rf.49eb4f59a590dde72fdfb9fa8ad0d529.jpg,416,416,6,176,352,188,375
840_jpg.rf.49eb4f59a590dde72fdfb9fa8ad0d529.jpg,416,416,5,157,352,169,375
840_jpg.rf.49eb4f59a590dde72fdfb9fa8ad0d529.jpg,416,416,4,156,379,169,402
603_jpg.rf.49b259b5068f0243567c0e3b4712677d.jpg,416,416,7,90,35,208,125
603_jpg.rf.49b259b5068f0243567c0e3b4712677d.jpg,416,416,5,89,120,208,203
603_jpg.rf.49b259b5068f0243567c0e3b4712677d.jpg,416,416,3,90,203,209,289
603_jpg.rf.49b259b5068f0243567c0e3b4712677d.jpg,416,416,2,90,280,208,368
603_jpg.rf.49b259b5068f0243567c0e3b4712677d.jpg,416,416,6,209,125,331,209
603_jpg.rf.49b259b5068f0243567c0e3b4712677d.jpg,416,416,4,209,203,330,293
603_jpg.rf.49b259b5068f0243567c0e3b4712677d.jpg,416,416,1,208,281,330,369
1874_jpg.rf.4c3860c0ded473171ff3b1a1a62eeef4.jpg,416,416,3,137,150,154,178
1874_jpg.rf.4c3860c0ded473171ff3b1a1a62eeef4.jpg,416,416,7,164,125,181,153
1874_jpg.rf.4c3860c0ded473171ff3b1a1a62eeef4.jpg,416,416,6,164,152,181,180
1874_jpg.rf.4c3860c0ded473171ff3b1a1a62eeef4.jpg,416,416,2,137,178,154,206
1874_jpg.rf.4c3860c0ded473171ff3b1a1a62eeef4.jpg,416,416,5,164,178,181,206
1874_jpg.rf.4c3860c0ded473171ff3b1a1a62eeef4.jpg,416,416,1,137,205,154,233
1874_jpg.rf.4c3860c0ded473171ff3b1a1a62eeef4.jpg,416,416,B,137,231,154,259
1874_jpg.rf.4c3860c0ded473171ff3b1a1a62eeef4.jpg,416,416,4,164,206,181,234
13_jpg.rf.47e0434ab307314983471421769d4969.jpg,416,416,1,200,290,222,328
13_jpg.rf.47e0434ab307314983471421769d4969.jpg,416,416,2,224,291,245,329
13_jpg.rf.47e0434ab307314983471421769d4969.jpg,416,416,3,247,291,270,329
13_jpg.rf.47e0434ab307314983471421769d4969.jpg,416,416,4,202,326,222,362
13_jpg.rf.47e0434ab307314983471421769d4969.jpg,416,416,5,223,328,246,366
13_jpg.rf.47e0434ab307314983471421769d4969.jpg,416,416,6,247,329,267,365
13_jpg.rf.47e0434ab307314983471421769d4969.jpg,416,416,7,202,362,220,395
13_jpg.rf.47e0434ab307314983471421769d4969.jpg,416,416,8,223,362,244,393
13_jpg.rf.47e0434ab307314983471421769d4969.jpg,416,416,9,246,364,265,393
13_jpg.rf.47e0434ab307314983471421769d4969.jpg,416,416,s,203,390,222,415
13_jpg.rf.47e0434ab307314983471421769d4969.jpg,416,416,0,223,391,244,415
13_jpg.rf.47e0434ab307314983471421769d4969.jpg,416,416,-,245,393,264,415
1593_jpg.rf.4b31f6d119ad5abe993bb166cb9dfde5.jpg,416,416,12,205,130,217,151
1593_jpg.rf.4b31f6d119ad5abe993bb166cb9dfde5.jpg,416,416,10,205,154,217,176
1593_jpg.rf.4b31f6d119ad5abe993bb166cb9dfde5.jpg,416,416,11,224,152,235,174
1593_jpg.rf.4b31f6d119ad5abe993bb166cb9dfde5.jpg,416,416,8,206,179,218,200
1593_jpg.rf.4b31f6d119ad5abe993bb166cb9dfde5.jpg,416,416,9,224,177,236,198
1593_jpg.rf.4b31f6d119ad5abe993bb166cb9dfde5.jpg,416,416,7,225,201,236,221
1593_jpg.rf.4b31f6d119ad5abe993bb166cb9dfde5.jpg,416,416,5,225,225,236,245
1593_jpg.rf.4b31f6d119ad5abe993bb166cb9dfde5.jpg,416,416,4,207,228,218,248
1593_jpg.rf.4b31f6d119ad5abe993bb166cb9dfde5.jpg,416,416,2,207,251,219,271
1593_jpg.rf.4b31f6d119ad5abe993bb166cb9dfde5.jpg,416,416,3,226,249,237,269
1593_jpg.rf.4b31f6d119ad5abe993bb166cb9dfde5.jpg,416,416,G,226,272,237,292
1374_jpg.rf.4bc751dc33907d826f909b02d8a36b4f.jpg,416,416,1,191,133,228,182
1374_jpg.rf.4bc751dc33907d826f909b02d8a36b4f.jpg,416,416,G,192,195,227,244
660_jpg.rf.4d86caf3dcecd1bed97abc51b2968c9e.jpg,416,416,6,191,208,208,221
660_jpg.rf.4d86caf3dcecd1bed97abc51b2968c9e.jpg,416,416,5,192,226,208,238
660_jpg.rf.4d86caf3dcecd1bed97abc51b2968c9e.jpg,416,416,3,192,258,207,269
660_jpg.rf.4d86caf3dcecd1bed97abc51b2968c9e.jpg,416,416,2,191,274,207,285
660_jpg.rf.4d86caf3dcecd1bed97abc51b2968c9e.jpg,416,416,1,191,290,207,301
660_jpg.rf.4d86caf3dcecd1bed97abc51b2968c9e.jpg,416,416,12,224,192,241,204
660_jpg.rf.4d86caf3dcecd1bed97abc51b2968c9e.jpg,416,416,11,224,209,240,221
660_jpg.rf.4d86caf3dcecd1bed97abc51b2968c9e.jpg,416,416,10,223,226,239,237
660_jpg.rf.4d86caf3dcecd1bed97abc51b2968c9e.jpg,416,416,9,223,243,239,254
660_jpg.rf.4d86caf3dcecd1bed97abc51b2968c9e.jpg,416,416,8,223,258,239,269
660_jpg.rf.4d86caf3dcecd1bed97abc51b2968c9e.jpg,416,416,7,222,274,238,285
1722_jpg.rf.49774953372d44e5368fbef26d611a7b.jpg,416,416,1,131,113,173,166
1722_jpg.rf.49774953372d44e5368fbef26d611a7b.jpg,416,416,2,178,110,220,162
1722_jpg.rf.49774953372d44e5368fbef26d611a7b.jpg,416,416,3,224,109,264,160
1758_jpg.rf.4b2ae4c0b63fad68b6945bd0710ea319.jpg,416,416,2,169,16,200,74
1758_jpg.rf.4b2ae4c0b63fad68b6945bd0710ea319.jpg,416,416,1,167,80,196,134
106_jpg.rf.4af60cfed7bd336eb04993a193cc165c.jpg,416,416,8,234,134,253,160
106_jpg.rf.4af60cfed7bd336eb04993a193cc165c.jpg,416,416,7,234,161,252,184
106_jpg.rf.4af60cfed7bd336eb04993a193cc165c.jpg,416,416,6,233,185,251,208
106_jpg.rf.4af60cfed7bd336eb04993a193cc165c.jpg,416,416,5,233,209,250,234
106_jpg.rf.4af60cfed7bd336eb04993a193cc165c.jpg,416,416,4,233,235,250,256
106_jpg.rf.4af60cfed7bd336eb04993a193cc165c.jpg,416,416,3,231,255,250,281
106_jpg.rf.4af60cfed7bd336eb04993a193cc165c.jpg,416,416,2,231,281,249,303
106_jpg.rf.4af60cfed7bd336eb04993a193cc165c.jpg,416,416,1,231,304,249,328
106_jpg.rf.4af60cfed7bd336eb04993a193cc165c.jpg,416,416,G,230,329,247,352
106_jpg.rf.4af60cfed7bd336eb04993a193cc165c.jpg,416,416,s,262,301,279,326
345_jpg.rf.4a4ba266f1e2df054e70e3feb7d4e4bf.jpg,416,416,22,249,208,259,217
345_jpg.rf.4a4ba266f1e2df054e70e3feb7d4e4bf.jpg,416,416,20,248,219,259,230
345_jpg.rf.4a4ba266f1e2df054e70e3feb7d4e4bf.jpg,416,416,18,248,232,258,242
345_jpg.rf.4a4ba266f1e2df054e70e3feb7d4e4bf.jpg,416,416,16,248,244,258,254
345_jpg.rf.4a4ba266f1e2df054e70e3feb7d4e4bf.jpg,416,416,14,248,256,259,266
345_jpg.rf.4a4ba266f1e2df054e70e3feb7d4e4bf.jpg,416,416,1,218,284,230,294
345_jpg.rf.4a4ba266f1e2df054e70e3feb7d4e4bf.jpg,416,416,2,219,272,230,283
345_jpg.rf.4a4ba266f1e2df054e70e3feb7d4e4bf.jpg,416,416,4,218,258,230,270
345_jpg.rf.4a4ba266f1e2df054e70e3feb7d4e4bf.jpg,416,416,6,218,246,229,257
345_jpg.rf.4a4ba266f1e2df054e70e3feb7d4e4bf.jpg,416,416,8,219,234,230,245
345_jpg.rf.4a4ba266f1e2df054e70e3feb7d4e4bf.jpg,416,416,10,219,222,230,233
1224_jpg.rf.4b8814332f7a5b0f183d4723f02efabc.jpg,416,416,17,1,46,112,144
1224_jpg.rf.4b8814332f7a5b0f183d4723f02efabc.jpg,416,416,18,103,43,214,145
1224_jpg.rf.4b8814332f7a5b0f183d4723f02efabc.jpg,416,416,L,58,329,133,389
1224_jpg.rf.4b8814332f7a5b0f183d4723f02efabc.jpg,416,416,2,133,330,214,389
1224_jpg.rf.4b8814332f7a5b0f183d4723f02efabc.jpg,416,416,3,210,330,297,389
1224_jpg.rf.4b8814332f7a5b0f183d4723f02efabc.jpg,416,416,4,290,331,373,388
1224_jpg.rf.4b8814332f7a5b0f183d4723f02efabc.jpg,416,416,5,45,275,132,341
1224_jpg.rf.4b8814332f7a5b0f183d4723f02efabc.jpg,416,416,6,125,275,214,338
1224_jpg.rf.4b8814332f7a5b0f183d4723f02efabc.jpg,416,416,7,210,274,301,337
1224_jpg.rf.4b8814332f7a5b0f183d4723f02efabc.jpg,416,416,8,291,274,381,334
1224_jpg.rf.4b8814332f7a5b0f183d4723f02efabc.jpg,416,416,9,31,211,128,284
1224_jpg.rf.4b8814332f7a5b0f183d4723f02efabc.jpg,416,416,10,120,210,214,281
1224_jpg.rf.4b8814332f7a5b0f183d4723f02efabc.jpg,416,416,11,211,209,301,280
1224_jpg.rf.4b8814332f7a5b0f183d4723f02efabc.jpg,416,416,12,296,209,391,279
1224_jpg.rf.4b8814332f7a5b0f183d4723f02efabc.jpg,416,416,13,14,141,119,220
1224_jpg.rf.4b8814332f7a5b0f183d4723f02efabc.jpg,416,416,14,108,136,217,220
1224_jpg.rf.4b8814332f7a5b0f183d4723f02efabc.jpg,416,416,15,208,135,307,219
1224_jpg.rf.4b8814332f7a5b0f183d4723f02efabc.jpg,416,416,16,308,135,406,219
1224_jpg.rf.4b8814332f7a5b0f183d4723f02efabc.jpg,416,416,19,209,43,315,141
1224_jpg.rf.4b8814332f7a5b0f183d4723f02efabc.jpg,416,416,20,311,38,414,138
100_jpg.rf.4c24ad47166edc2a30f94380efe56eba.jpg,416,416,8,222,113,242,147
100_jpg.rf.4c24ad47166edc2a30f94380efe56eba.jpg,416,416,7,156,115,175,147
100_jpg.rf.4c24ad47166edc2a30f94380efe56eba.jpg,416,416,6,222,155,241,187
100_jpg.rf.4c24ad47166edc2a30f94380efe56eba.jpg,416,416,5,156,155,175,186
100_jpg.rf.4c24ad47166edc2a30f94380efe56eba.jpg,416,416,4,222,193,241,225
100_jpg.rf.4c24ad47166edc2a30f94380efe56eba.jpg,416,416,3,158,193,176,225
100_jpg.rf.4c24ad47166edc2a30f94380efe56eba.jpg,416,416,2,223,231,241,264
100_jpg.rf.4c24ad47166edc2a30f94380efe56eba.jpg,416,416,1,158,231,176,264
100_jpg.rf.4c24ad47166edc2a30f94380efe56eba.jpg,416,416,G,223,270,240,301
1197_jpg.rf.4e37591d06f079fa8078d14b61428e4c.jpg,416,416,15,107,48,226,170
1197_jpg.rf.4e37591d06f079fa8078d14b61428e4c.jpg,416,416,16,299,68,402,181
1197_jpg.rf.4e37591d06f079fa8078d14b61428e4c.jpg,416,416,11,107,170,221,284
1197_jpg.rf.4e37591d06f079fa8078d14b61428e4c.jpg,416,416,12,296,184,395,294
1197_jpg.rf.4e37591d06f079fa8078d14b61428e4c.jpg,416,416,9,108,284,220,397
1197_jpg.rf.4e37591d06f079fa8078d14b61428e4c.jpg,416,416,10,290,295,394,398
1225_jpg.rf.47dfecee62f18b0e39b2d9a9c89a76bc.jpg,416,416,2,173,155,206,187
1225_jpg.rf.47dfecee62f18b0e39b2d9a9c89a76bc.jpg,416,416,1,174,193,211,227
1225_jpg.rf.47dfecee62f18b0e39b2d9a9c89a76bc.jpg,416,416,K,181,230,212,258
30_jpg.rf.4a7ee4432f91a702a2194d97487130cd.jpg,416,416,1,143,215,178,275
30_jpg.rf.4a7ee4432f91a702a2194d97487130cd.jpg,416,416,2,180,221,219,281
30_jpg.rf.4a7ee4432f91a702a2194d97487130cd.jpg,416,416,3,218,227,258,289
30_jpg.rf.4a7ee4432f91a702a2194d97487130cd.jpg,416,416,4,144,280,178,337
30_jpg.rf.4a7ee4432f91a702a2194d97487130cd.jpg,416,416,5,180,287,216,349
30_jpg.rf.4a7ee4432f91a702a2194d97487130cd.jpg,416,416,6,216,292,255,355
30_jpg.rf.4a7ee4432f91a702a2194d97487130cd.jpg,416,416,7,144,343,179,401
30_jpg.rf.4a7ee4432f91a702a2194d97487130cd.jpg,416,416,8,179,352,215,409
30_jpg.rf.4a7ee4432f91a702a2194d97487130cd.jpg,416,416,9,217,360,253,415
1810_jpg.rf.4bdff21fd94bc7566f25f2d8b6da849d.jpg,416,416,3,79,42,128,117
1810_jpg.rf.4bdff21fd94bc7566f25f2d8b6da849d.jpg,416,416,4,211,88,276,180
1810_jpg.rf.4bdff21fd94bc7566f25f2d8b6da849d.jpg,416,416,1,90,150,137,219
1810_jpg.rf.4bdff21fd94bc7566f25f2d8b6da849d.jpg,416,416,2,209,207,263,284
1810_jpg.rf.4bdff21fd94bc7566f25f2d8b6da849d.jpg,416,416,B,102,238,143,298
1810_jpg.rf.4bdff21fd94bc7566f25f2d8b6da849d.jpg,416,416,G,209,294,256,359
2043_jpg.rf.4e6713c15a54474d8ba61c8ff08ca75d.jpg,416,416,3,188,47,225,96
2043_jpg.rf.4e6713c15a54474d8ba61c8ff08ca75d.jpg,416,416,2,189,99,225,146
2043_jpg.rf.4e6713c15a54474d8ba61c8ff08ca75d.jpg,416,416,1,189,147,225,193
2043_jpg.rf.4e6713c15a54474d8ba61c8ff08ca75d.jpg,416,416,B,189,192,225,238
1204_jpg.rf.51213efcc087ae59baecbd2e49faa255.jpg,416,416,s,200,264,222,298
1204_jpg.rf.51213efcc087ae59baecbd2e49faa255.jpg,416,416,1,196,139,218,176
1204_jpg.rf.51213efcc087ae59baecbd2e49faa255.jpg,416,416,2,222,138,244,174
1204_jpg.rf.51213efcc087ae59baecbd2e49faa255.jpg,416,416,4,197,183,220,218
1204_jpg.rf.51213efcc087ae59baecbd2e49faa255.jpg,416,416,5,222,181,244,216
1204_jpg.rf.51213efcc087ae59baecbd2e49faa255.jpg,416,416,6,248,180,270,215
1204_jpg.rf.51213efcc087ae59baecbd2e49faa255.jpg,416,416,7,199,223,221,258
1204_jpg.rf.51213efcc087ae59baecbd2e49faa255.jpg,416,416,8,224,224,245,258
1204_jpg.rf.51213efcc087ae59baecbd2e49faa255.jpg,416,416,9,248,222,270,257
1204_jpg.rf.51213efcc087ae59baecbd2e49faa255.jpg,416,416,0,225,263,246,297
1204_jpg.rf.51213efcc087ae59baecbd2e49faa255.jpg,416,416,-,249,262,271,296
341_jpg.rf.4f30c727135754b4989bd020d689e862.jpg,416,416,G,194,263,206,285
1142_jpg.rf.4e82a86e485dfbb032c8f665c10b969a.jpg,416,416,1,102,131,188,250
1142_jpg.rf.4e82a86e485dfbb032c8f665c10b969a.jpg,416,416,2,268,119,354,234
1005_jpg.rf.4c0d19296f8aa86742700a5a0e0caea2.jpg,416,416,2,211,249,239,286
1005_jpg.rf.4c0d19296f8aa86742700a5a0e0caea2.jpg,416,416,1,214,325,241,359
190_jpg.rf.51a003260d040550bfd8570450a0d5a9.jpg,416,416,6,72,92,129,147
190_jpg.rf.51a003260d040550bfd8570450a0d5a9.jpg,416,416,5,127,146,177,199
190_jpg.rf.51a003260d040550bfd8570450a0d5a9.jpg,416,416,4,72,146,125,197
190_jpg.rf.51a003260d040550bfd8570450a0d5a9.jpg,416,416,3,123,197,172,243
190_jpg.rf.51a003260d040550bfd8570450a0d5a9.jpg,416,416,2,70,199,122,246
190_jpg.rf.51a003260d040550bfd8570450a0d5a9.jpg,416,416,1,121,243,169,287
190_jpg.rf.51a003260d040550bfd8570450a0d5a9.jpg,416,416,0,72,245,123,296
190_jpg.rf.51a003260d040550bfd8570450a0d5a9.jpg,416,416,6,282,86,337,146
190_jpg.rf.51a003260d040550bfd8570450a0d5a9.jpg,416,416,5,323,140,374,190
190_jpg.rf.51a003260d040550bfd8570450a0d5a9.jpg,416,416,4,270,142,325,194
190_jpg.rf.51a003260d040550bfd8570450a0d5a9.jpg,416,416,3,312,189,362,236
190_jpg.rf.51a003260d040550bfd8570450a0d5a9.jpg,416,416,2,265,189,316,239
190_jpg.rf.51a003260d040550bfd8570450a0d5a9.jpg,416,416,1,301,232,354,280
190_jpg.rf.51a003260d040550bfd8570450a0d5a9.jpg,416,416,0,255,234,312,286
1398_jpg.rf.4b636c33f7834952cca72a1dd07b22be.jpg,416,416,1,151,129,162,148
1398_jpg.rf.4b636c33f7834952cca72a1dd07b22be.jpg,416,416,2,162,129,171,148
1398_jpg.rf.4b636c33f7834952cca72a1dd07b22be.jpg,416,416,3,171,128,180,147
1398_jpg.rf.4b636c33f7834952cca72a1dd07b22be.jpg,416,416,4,153,152,163,172
1398_jpg.rf.4b636c33f7834952cca72a1dd07b22be.jpg,416,416,5,162,152,171,171
1398_jpg.rf.4b636c33f7834952cca72a1dd07b22be.jpg,416,416,6,171,151,180,170
1398_jpg.rf.4b636c33f7834952cca72a1dd07b22be.jpg,416,416,7,154,176,164,196
1398_jpg.rf.4b636c33f7834952cca72a1dd07b22be.jpg,416,416,8,163,174,172,194
1398_jpg.rf.4b636c33f7834952cca72a1dd07b22be.jpg,416,416,9,171,173,181,192
1398_jpg.rf.4b636c33f7834952cca72a1dd07b22be.jpg,416,416,s,155,200,165,219
1398_jpg.rf.4b636c33f7834952cca72a1dd07b22be.jpg,416,416,0,164,198,174,217
1398_jpg.rf.4b636c33f7834952cca72a1dd07b22be.jpg,416,416,-,173,197,182,215
177_jpg.rf.5144acf9b0aa28b3a117a0a0d13a642b.jpg,416,416,P,214,119,248,147
177_jpg.rf.5144acf9b0aa28b3a117a0a0d13a642b.jpg,416,416,17,212,153,247,180
177_jpg.rf.5144acf9b0aa28b3a117a0a0d13a642b.jpg,416,416,18,143,118,179,147
177_jpg.rf.5144acf9b0aa28b3a117a0a0d13a642b.jpg,416,416,16,144,154,178,179
177_jpg.rf.5144acf9b0aa28b3a117a0a0d13a642b.jpg,416,416,15,210,186,245,210
177_jpg.rf.5144acf9b0aa28b3a117a0a0d13a642b.jpg,416,416,14,143,186,179,211
177_jpg.rf.5144acf9b0aa28b3a117a0a0d13a642b.jpg,416,416,12,209,217,242,241
177_jpg.rf.5144acf9b0aa28b3a117a0a0d13a642b.jpg,416,416,11,145,217,179,241
177_jpg.rf.5144acf9b0aa28b3a117a0a0d13a642b.jpg,416,416,10,208,246,240,268
177_jpg.rf.5144acf9b0aa28b3a117a0a0d13a642b.jpg,416,416,9,144,246,177,270
177_jpg.rf.5144acf9b0aa28b3a117a0a0d13a642b.jpg,416,416,8,207,273,237,296
177_jpg.rf.5144acf9b0aa28b3a117a0a0d13a642b.jpg,416,416,7,145,274,175,297
177_jpg.rf.5144acf9b0aa28b3a117a0a0d13a642b.jpg,416,416,6,205,300,236,322
177_jpg.rf.5144acf9b0aa28b3a117a0a0d13a642b.jpg,416,416,5,146,303,176,324
177_jpg.rf.5144acf9b0aa28b3a117a0a0d13a642b.jpg,416,416,4,204,325,236,346
177_jpg.rf.5144acf9b0aa28b3a117a0a0d13a642b.jpg,416,416,3,145,328,176,349
177_jpg.rf.5144acf9b0aa28b3a117a0a0d13a642b.jpg,416,416,2,204,351,232,370
177_jpg.rf.5144acf9b0aa28b3a117a0a0d13a642b.jpg,416,416,1,144,352,172,371
292_jpg.rf.4f3b27198f921b7bd4a5a7b53e4cec11.jpg,416,416,17,139,127,175,152
292_jpg.rf.4f3b27198f921b7bd4a5a7b53e4cec11.jpg,416,416,18,211,126,245,152
292_jpg.rf.4f3b27198f921b7bd4a5a7b53e4cec11.jpg,416,416,16,207,159,245,187
292_jpg.rf.4f3b27198f921b7bd4a5a7b53e4cec11.jpg,416,416,14,208,192,244,217
292_jpg.rf.4f3b27198f921b7bd4a5a7b53e4cec11.jpg,416,416,12,140,191,177,217
292_jpg.rf.4f3b27198f921b7bd4a5a7b53e4cec11.jpg,416,416,11,207,222,244,247
292_jpg.rf.4f3b27198f921b7bd4a5a7b53e4cec11.jpg,416,416,10,141,222,176,247
292_jpg.rf.4f3b27198f921b7bd4a5a7b53e4cec11.jpg,416,416,3,204,253,242,277
292_jpg.rf.4f3b27198f921b7bd4a5a7b53e4cec11.jpg,416,416,2,140,251,178,277
292_jpg.rf.4f3b27198f921b7bd4a5a7b53e4cec11.jpg,416,416,1,205,282,241,306
292_jpg.rf.4f3b27198f921b7bd4a5a7b53e4cec11.jpg,416,416,L,140,281,176,307
1267_jpg.rf.4e620f5ddbf73391b1e3dfcb99ebdaa6.jpg,416,416,63,237,9,259,46
1267_jpg.rf.4e620f5ddbf73391b1e3dfcb99ebdaa6.jpg,416,416,62,195,13,219,51
1267_jpg.rf.4e620f5ddbf73391b1e3dfcb99ebdaa6.jpg,416,416,61,155,19,178,57
1267_jpg.rf.4e620f5ddbf73391b1e3dfcb99ebdaa6.jpg,416,416,60,241,69,264,110
1267_jpg.rf.4e620f5ddbf73391b1e3dfcb99ebdaa6.jpg,416,416,59,196,77,221,115
1267_jpg.rf.4e620f5ddbf73391b1e3dfcb99ebdaa6.jpg,416,416,58,154,81,179,120
1267_jpg.rf.4e620f5ddbf73391b1e3dfcb99ebdaa6.jpg,416,416,57,244,136,268,177
1267_jpg.rf.4e620f5ddbf73391b1e3dfcb99ebdaa6.jpg,416,416,56,198,141,224,183
1267_jpg.rf.4e620f5ddbf73391b1e3dfcb99ebdaa6.jpg,416,416,55,155,145,181,188
1267_jpg.rf.4e620f5ddbf73391b1e3dfcb99ebdaa6.jpg,416,416,53,246,204,272,248
1267_jpg.rf.4e620f5ddbf73391b1e3dfcb99ebdaa6.jpg,416,416,52,203,212,225,253
1267_jpg.rf.4e620f5ddbf73391b1e3dfcb99ebdaa6.jpg,416,416,51,156,215,182,260
1267_jpg.rf.4e620f5ddbf73391b1e3dfcb99ebdaa6.jpg,416,416,L,157,288,184,335
1048_jpg.rf.500079542d4fe1b55e09114afb621f7d.jpg,416,416,3,155,300,186,323
1048_jpg.rf.500079542d4fe1b55e09114afb621f7d.jpg,416,416,4,201,299,229,321
1048_jpg.rf.500079542d4fe1b55e09114afb621f7d.jpg,416,416,1,156,325,187,349
1048_jpg.rf.500079542d4fe1b55e09114afb621f7d.jpg,416,416,2,201,324,231,346
210_jpg.rf.51a6bb9ec8a7c67751fc2f29282fdf5b.jpg,416,416,1,165,201,194,222
210_jpg.rf.51a6bb9ec8a7c67751fc2f29282fdf5b.jpg,416,416,2,204,202,234,222
210_jpg.rf.51a6bb9ec8a7c67751fc2f29282fdf5b.jpg,416,416,3,243,202,273,222
210_jpg.rf.51a6bb9ec8a7c67751fc2f29282fdf5b.jpg,416,416,4,166,228,195,247
210_jpg.rf.51a6bb9ec8a7c67751fc2f29282fdf5b.jpg,416,416,5,203,228,232,247
210_jpg.rf.51a6bb9ec8a7c67751fc2f29282fdf5b.jpg,416,416,6,241,228,271,247
210_jpg.rf.51a6bb9ec8a7c67751fc2f29282fdf5b.jpg,416,416,7,166,252,195,271
210_jpg.rf.51a6bb9ec8a7c67751fc2f29282fdf5b.jpg,416,416,8,203,252,233,271
210_jpg.rf.51a6bb9ec8a7c67751fc2f29282fdf5b.jpg,416,416,9,240,253,270,271
210_jpg.rf.51a6bb9ec8a7c67751fc2f29282fdf5b.jpg,416,416,L,167,276,195,294
210_jpg.rf.51a6bb9ec8a7c67751fc2f29282fdf5b.jpg,416,416,0,203,277,231,293
210_jpg.rf.51a6bb9ec8a7c67751fc2f29282fdf5b.jpg,416,416,-,239,276,268,294
1435_jpg.rf.50794d1a44c9ff4fb39ec01dd9892d21.jpg,416,416,1,248,277,269,311
1435_jpg.rf.50794d1a44c9ff4fb39ec01dd9892d21.jpg,416,416,2,248,241,269,274
1435_jpg.rf.50794d1a44c9ff4fb39ec01dd9892d21.jpg,416,416,3,248,204,269,238
1435_jpg.rf.50794d1a44c9ff4fb39ec01dd9892d21.jpg,416,416,4,248,169,268,203
1435_jpg.rf.50794d1a44c9ff4fb39ec01dd9892d21.jpg,416,416,5,280,204,301,238
1435_jpg.rf.50794d1a44c9ff4fb39ec01dd9892d21.jpg,416,416,6,280,169,301,202
1366_jpg.rf.4e4859b63116434216f4494f7c03d7ef.jpg,416,416,5,206,222,247,283
1366_jpg.rf.4e4859b63116434216f4494f7c03d7ef.jpg,416,416,4,206,313,247,367
966_jpg.rf.512a007df7532e2dd43425636e3b9947.jpg,416,416,2,204,159,244,190
966_jpg.rf.512a007df7532e2dd43425636e3b9947.jpg,416,416,1,202,196,242,226
966_jpg.rf.512a007df7532e2dd43425636e3b9947.jpg,416,416,G,203,232,240,261
1217_jpg.rf.51eef9c22d4ebc7d0ef9ed296a0d6c32.jpg,416,416,20,143,74,180,151
1217_jpg.rf.51eef9c22d4ebc7d0ef9ed296a0d6c32.jpg,416,416,18,140,191,180,269
1217_jpg.rf.51eef9c22d4ebc7d0ef9ed296a0d6c32.jpg,416,416,19,269,211,324,303
1217_jpg.rf.51eef9c22d4ebc7d0ef9ed296a0d6c32.jpg,416,416,17,269,335,324,415
1217_jpg.rf.51eef9c22d4ebc7d0ef9ed296a0d6c32.jpg,416,416,16,145,290,186,371
1217_jpg.rf.51eef9c22d4ebc7d0ef9ed296a0d6c32.jpg,416,416,20,85,47,136,153
1217_jpg.rf.51eef9c22d4ebc7d0ef9ed296a0d6c32.jpg,416,416,18,92,151,138,256
1217_jpg.rf.51eef9c22d4ebc7d0ef9ed296a0d6c32.jpg,416,416,16,96,254,144,354
1217_jpg.rf.51eef9c22d4ebc7d0ef9ed296a0d6c32.jpg,416,416,14,98,341,148,415
702_jpg.rf.5002efda725dcd5bb74c249a95e76139.jpg,416,416,4,215,107,263,166
702_jpg.rf.5002efda725dcd5bb74c249a95e76139.jpg,416,416,3,214,168,260,221
702_jpg.rf.5002efda725dcd5bb74c249a95e76139.jpg,416,416,2,216,220,258,266
702_jpg.rf.5002efda725dcd5bb74c249a95e76139.jpg,416,416,1,217,266,256,310
1089_jpg.rf.52f524fa9946ecc785ef77b61538642d.jpg,416,416,7,175,151,239,178
1089_jpg.rf.52f524fa9946ecc785ef77b61538642d.jpg,416,416,6,170,191,232,218
1089_jpg.rf.52f524fa9946ecc785ef77b61538642d.jpg,416,416,5,160,225,223,252
1089_jpg.rf.52f524fa9946ecc785ef77b61538642d.jpg,416,416,4,152,259,207,281
1089_jpg.rf.52f524fa9946ecc785ef77b61538642d.jpg,416,416,3,147,288,203,311
1089_jpg.rf.52f524fa9946ecc785ef77b61538642d.jpg,416,416,2,140,314,192,336
1089_jpg.rf.52f524fa9946ecc785ef77b61538642d.jpg,416,416,1,137,338,183,358
1089_jpg.rf.52f524fa9946ecc785ef77b61538642d.jpg,416,416,0,135,360,179,378
1652_jpg.rf.511959921f47f87b5370cad86d2cddc4.jpg,416,416,0,245,255,276,293
1652_jpg.rf.511959921f47f87b5370cad86d2cddc4.jpg,416,416,1,246,208,278,248
004_jpg.rf.52322d6f8213c416d549fc6b5f3472a1.jpg,416,416,3,140,78,178,117
004_jpg.rf.52322d6f8213c416d549fc6b5f3472a1.jpg,416,416,2,141,133,179,171
004_jpg.rf.52322d6f8213c416d549fc6b5f3472a1.jpg,416,416,B,138,243,178,281
658_jpg.rf.5463beb827448b5b4be0495b938f94c6.jpg,416,416,5,116,123,180,157
658_jpg.rf.5463beb827448b5b4be0495b938f94c6.jpg,416,416,4,117,168,180,202
658_jpg.rf.5463beb827448b5b4be0495b938f94c6.jpg,416,416,3,121,212,182,246
658_jpg.rf.5463beb827448b5b4be0495b938f94c6.jpg,416,416,2,122,255,184,289
658_jpg.rf.5463beb827448b5b4be0495b938f94c6.jpg,416,416,1,124,295,184,329
658_jpg.rf.5463beb827448b5b4be0495b938f94c6.jpg,416,416,G,127,334,184,367
381_jpg.rf.53c71b508be459245c628994a11f6ec5.jpg,416,416,10,198,243,212,257
381_jpg.rf.53c71b508be459245c628994a11f6ec5.jpg,416,416,9,198,258,212,270
381_jpg.rf.53c71b508be459245c628994a11f6ec5.jpg,416,416,8,198,272,212,285
381_jpg.rf.53c71b508be459245c628994a11f6ec5.jpg,416,416,7,198,287,212,300
381_jpg.rf.53c71b508be459245c628994a11f6ec5.jpg,416,416,6,197,301,212,314
381_jpg.rf.53c71b508be459245c628994a11f6ec5.jpg,416,416,5,165,246,180,260
381_jpg.rf.53c71b508be459245c628994a11f6ec5.jpg,416,416,4,164,263,179,276
381_jpg.rf.53c71b508be459245c628994a11f6ec5.jpg,416,416,3,164,277,179,290
381_jpg.rf.53c71b508be459245c628994a11f6ec5.jpg,416,416,2,163,292,179,306
381_jpg.rf.53c71b508be459245c628994a11f6ec5.jpg,416,416,1,162,308,179,321
841_jpg.rf.54c51586006550472e6cf367272fff37.jpg,416,416,5,187,71,202,99
841_jpg.rf.54c51586006550472e6cf367272fff37.jpg,416,416,4,188,106,203,131
841_jpg.rf.54c51586006550472e6cf367272fff37.jpg,416,416,3,188,138,203,166
841_jpg.rf.54c51586006550472e6cf367272fff37.jpg,416,416,2,188,170,203,197
841_jpg.rf.54c51586006550472e6cf367272fff37.jpg,416,416,1,189,203,204,228
841_jpg.rf.54c51586006550472e6cf367272fff37.jpg,416,416,G,189,235,205,263
373_jpg.rf.51e3c0c2d81394cfa3a7c5efeb1c0843.jpg,416,416,22,227,32,241,57
373_jpg.rf.51e3c0c2d81394cfa3a7c5efeb1c0843.jpg,416,416,21,210,34,224,61
373_jpg.rf.51e3c0c2d81394cfa3a7c5efeb1c0843.jpg,416,416,20,193,36,207,62
373_jpg.rf.51e3c0c2d81394cfa3a7c5efeb1c0843.jpg,416,416,19,194,70,209,94
373_jpg.rf.51e3c0c2d81394cfa3a7c5efeb1c0843.jpg,416,416,18,228,95,242,120
373_jpg.rf.51e3c0c2d81394cfa3a7c5efeb1c0843.jpg,416,416,17,212,98,226,124
373_jpg.rf.51e3c0c2d81394cfa3a7c5efeb1c0843.jpg,416,416,16,195,100,210,125
373_jpg.rf.51e3c0c2d81394cfa3a7c5efeb1c0843.jpg,416,416,15,229,125,242,150
373_jpg.rf.51e3c0c2d81394cfa3a7c5efeb1c0843.jpg,416,416,14,213,128,226,153
373_jpg.rf.51e3c0c2d81394cfa3a7c5efeb1c0843.jpg,416,416,12,196,131,211,156
373_jpg.rf.51e3c0c2d81394cfa3a7c5efeb1c0843.jpg,416,416,11,230,154,243,179
373_jpg.rf.51e3c0c2d81394cfa3a7c5efeb1c0843.jpg,416,416,10,213,158,227,182
373_jpg.rf.51e3c0c2d81394cfa3a7c5efeb1c0843.jpg,416,416,9,198,162,211,186
373_jpg.rf.51e3c0c2d81394cfa3a7c5efeb1c0843.jpg,416,416,5,199,189,212,213
373_jpg.rf.51e3c0c2d81394cfa3a7c5efeb1c0843.jpg,416,416,4,200,217,213,242
373_jpg.rf.51e3c0c2d81394cfa3a7c5efeb1c0843.jpg,416,416,1,202,298,215,317
573_jpg.rf.54462eee9313a54c164ea2f84364dc37.jpg,416,416,1,240,126,266,157
573_jpg.rf.54462eee9313a54c164ea2f84364dc37.jpg,416,416,G,241,197,266,226
573_jpg.rf.54462eee9313a54c164ea2f84364dc37.jpg,416,416,B,242,264,265,296
1492_jpg.rf.53cfd5002c6103623d74e0b1c48ecaa4.jpg,416,416,1,180,82,203,123
1492_jpg.rf.53cfd5002c6103623d74e0b1c48ecaa4.jpg,416,416,2,209,81,231,120
1492_jpg.rf.53cfd5002c6103623d74e0b1c48ecaa4.jpg,416,416,3,238,79,259,117
1492_jpg.rf.53cfd5002c6103623d74e0b1c48ecaa4.jpg,416,416,4,181,132,203,172
1492_jpg.rf.53cfd5002c6103623d74e0b1c48ecaa4.jpg,416,416,5,209,131,231,171
1492_jpg.rf.53cfd5002c6103623d74e0b1c48ecaa4.jpg,416,416,6,237,129,260,168
1492_jpg.rf.53cfd5002c6103623d74e0b1c48ecaa4.jpg,416,416,9,237,178,259,217
1492_jpg.rf.53cfd5002c6103623d74e0b1c48ecaa4.jpg,416,416,8,210,180,231,218
1492_jpg.rf.53cfd5002c6103623d74e0b1c48ecaa4.jpg,416,416,7,183,181,204,218
1324_jpg.rf.5209e3fc72e98182d64a8fc4f68e71fe.jpg,416,416,32,229,17,282,52
1324_jpg.rf.5209e3fc72e98182d64a8fc4f68e71fe.jpg,416,416,31,227,59,283,95
1324_jpg.rf.5209e3fc72e98182d64a8fc4f68e71fe.jpg,416,416,30,226,100,283,137
1324_jpg.rf.5209e3fc72e98182d64a8fc4f68e71fe.jpg,416,416,29,227,142,281,176
1324_jpg.rf.5209e3fc72e98182d64a8fc4f68e71fe.jpg,416,416,28,227,183,280,216
1324_jpg.rf.5209e3fc72e98182d64a8fc4f68e71fe.jpg,416,416,27,227,222,278,255
1324_jpg.rf.5209e3fc72e98182d64a8fc4f68e71fe.jpg,416,416,26,227,261,277,293
1324_jpg.rf.5209e3fc72e98182d64a8fc4f68e71fe.jpg,416,416,25,227,300,278,331
1324_jpg.rf.5209e3fc72e98182d64a8fc4f68e71fe.jpg,416,416,23,226,337,277,369
1324_jpg.rf.5209e3fc72e98182d64a8fc4f68e71fe.jpg,416,416,22,225,375,275,407
1324_jpg.rf.5209e3fc72e98182d64a8fc4f68e71fe.jpg,416,416,21,155,18,208,53
1324_jpg.rf.5209e3fc72e98182d64a8fc4f68e71fe.jpg,416,416,20,154,60,209,96
1324_jpg.rf.5209e3fc72e98182d64a8fc4f68e71fe.jpg,416,416,19,154,101,208,137
1324_jpg.rf.5209e3fc72e98182d64a8fc4f68e71fe.jpg,416,416,18,156,141,208,177
1324_jpg.rf.5209e3fc72e98182d64a8fc4f68e71fe.jpg,416,416,17,155,183,208,216
1324_jpg.rf.5209e3fc72e98182d64a8fc4f68e71fe.jpg,416,416,16,156,221,207,253
1324_jpg.rf.5209e3fc72e98182d64a8fc4f68e71fe.jpg,416,416,15,155,260,207,291
1324_jpg.rf.5209e3fc72e98182d64a8fc4f68e71fe.jpg,416,416,12,155,299,206,330
1324_jpg.rf.5209e3fc72e98182d64a8fc4f68e71fe.jpg,416,416,11,155,337,207,368
1324_jpg.rf.5209e3fc72e98182d64a8fc4f68e71fe.jpg,416,416,10,155,374,206,405
1324_jpg.rf.5209e3fc72e98182d64a8fc4f68e71fe.jpg,416,416,9,82,19,135,54
1324_jpg.rf.5209e3fc72e98182d64a8fc4f68e71fe.jpg,416,416,8,82,60,135,96
1324_jpg.rf.5209e3fc72e98182d64a8fc4f68e71fe.jpg,416,416,7,82,101,136,136
1324_jpg.rf.5209e3fc72e98182d64a8fc4f68e71fe.jpg,416,416,6,83,142,136,177
1324_jpg.rf.5209e3fc72e98182d64a8fc4f68e71fe.jpg,416,416,5,84,182,137,215
1324_jpg.rf.5209e3fc72e98182d64a8fc4f68e71fe.jpg,416,416,3,87,222,138,253
1324_jpg.rf.5209e3fc72e98182d64a8fc4f68e71fe.jpg,416,416,2,85,259,138,292
1324_jpg.rf.5209e3fc72e98182d64a8fc4f68e71fe.jpg,416,416,1,87,298,138,329
583_jpg.rf.51b5bf4589c4be129d3d477e7ea56cdb.jpg,416,416,1,191,136,248,223
583_jpg.rf.51b5bf4589c4be129d3d477e7ea56cdb.jpg,416,416,0,196,242,246,309
1779_jpg.rf.5573403ec393f2100088311278b5cd0b.jpg,416,416,4,190,87,229,146
1779_jpg.rf.5573403ec393f2100088311278b5cd0b.jpg,416,416,3,194,149,230,201
1779_jpg.rf.5573403ec393f2100088311278b5cd0b.jpg,416,416,2,197,204,230,250
1779_jpg.rf.5573403ec393f2100088311278b5cd0b.jpg,416,416,1,199,254,231,295
1779_jpg.rf.5573403ec393f2100088311278b5cd0b.jpg,416,416,0,201,295,231,339
366_jpg.rf.551a72f7571d2de1ecd7d32816feecbc.jpg,416,416,1,223,198,246,236
366_jpg.rf.551a72f7571d2de1ecd7d32816feecbc.jpg,416,416,2,249,201,273,238
366_jpg.rf.551a72f7571d2de1ecd7d32816feecbc.jpg,416,416,3,273,202,298,242
366_jpg.rf.551a72f7571d2de1ecd7d32816feecbc.jpg,416,416,4,225,236,248,270
366_jpg.rf.551a72f7571d2de1ecd7d32816feecbc.jpg,416,416,5,248,238,271,274
366_jpg.rf.551a72f7571d2de1ecd7d32816feecbc.jpg,416,416,6,271,240,295,275
366_jpg.rf.551a72f7571d2de1ecd7d32816feecbc.jpg,416,416,7,227,269,247,302
366_jpg.rf.551a72f7571d2de1ecd7d32816feecbc.jpg,416,416,8,248,271,270,304
366_jpg.rf.551a72f7571d2de1ecd7d32816feecbc.jpg,416,416,9,272,275,294,309
366_jpg.rf.551a72f7571d2de1ecd7d32816feecbc.jpg,416,416,0,250,302,270,333
366_jpg.rf.551a72f7571d2de1ecd7d32816feecbc.jpg,416,416,-,228,299,249,329
366_jpg.rf.551a72f7571d2de1ecd7d32816feecbc.jpg,416,416,-,271,306,293,337
2068_jpg.rf.54e2b44e36e2d0ae1514d97a1075d4a0.jpg,416,416,10,144,103,176,128
2068_jpg.rf.54e2b44e36e2d0ae1514d97a1075d4a0.jpg,416,416,7,146,137,178,161
2068_jpg.rf.54e2b44e36e2d0ae1514d97a1075d4a0.jpg,416,416,4,147,170,177,192
2068_jpg.rf.54e2b44e36e2d0ae1514d97a1075d4a0.jpg,416,416,1,149,199,177,220
2068_jpg.rf.54e2b44e36e2d0ae1514d97a1075d4a0.jpg,416,416,11,236,104,267,128
2068_jpg.rf.54e2b44e36e2d0ae1514d97a1075d4a0.jpg,416,416,8,235,138,264,161
2068_jpg.rf.54e2b44e36e2d0ae1514d97a1075d4a0.jpg,416,416,5,232,169,261,191
2068_jpg.rf.54e2b44e36e2d0ae1514d97a1075d4a0.jpg,416,416,2,231,199,258,219
2068_jpg.rf.54e2b44e36e2d0ae1514d97a1075d4a0.jpg,416,416,9,321,138,350,161
2068_jpg.rf.54e2b44e36e2d0ae1514d97a1075d4a0.jpg,416,416,6,315,169,343,190
2068_jpg.rf.54e2b44e36e2d0ae1514d97a1075d4a0.jpg,416,416,3,310,198,338,218
2068_jpg.rf.54e2b44e36e2d0ae1514d97a1075d4a0.jpg,416,416,G,306,225,333,244
2068_jpg.rf.54e2b44e36e2d0ae1514d97a1075d4a0.jpg,416,416,s,281,227,305,245
403_jpg.rf.56807117c6c9454a684ab758c3a5a6f4.jpg,416,416,4,165,68,190,115
403_jpg.rf.56807117c6c9454a684ab758c3a5a6f4.jpg,416,416,3,168,114,191,162
403_jpg.rf.56807117c6c9454a684ab758c3a5a6f4.jpg,416,416,2,170,162,193,204
403_jpg.rf.56807117c6c9454a684ab758c3a5a6f4.jpg,416,416,1,172,203,194,244
403_jpg.rf.56807117c6c9454a684ab758c3a5a6f4.jpg,416,416,B,172,245,194,285
1573_jpg.rf.549ef9f21509edc0d64eef3bb9c4fdd9.jpg,416,416,2,167,129,229,196
1573_jpg.rf.549ef9f21509edc0d64eef3bb9c4fdd9.jpg,416,416,1,168,201,222,260
671_jpg.rf.5659ad9dbb32dea4bc119490acbc9bc5.jpg,416,416,13,22,19,104,78
671_jpg.rf.5659ad9dbb32dea4bc119490acbc9bc5.jpg,416,416,9,25,86,110,140
671_jpg.rf.5659ad9dbb32dea4bc119490acbc9bc5.jpg,416,416,5,33,143,113,198
671_jpg.rf.5659ad9dbb32dea4bc119490acbc9bc5.jpg,416,416,1,38,200,115,251
671_jpg.rf.5659ad9dbb32dea4bc119490acbc9bc5.jpg,416,416,14,120,16,204,79
671_jpg.rf.5659ad9dbb32dea4bc119490acbc9bc5.jpg,416,416,10,122,81,205,139
671_jpg.rf.5659ad9dbb32dea4bc119490acbc9bc5.jpg,416,416,6,125,139,205,199
671_jpg.rf.5659ad9dbb32dea4bc119490acbc9bc5.jpg,416,416,2,130,201,206,249
671_jpg.rf.5659ad9dbb32dea4bc119490acbc9bc5.jpg,416,416,11,220,80,303,138
671_jpg.rf.5659ad9dbb32dea4bc119490acbc9bc5.jpg,416,416,7,218,141,298,196
671_jpg.rf.5659ad9dbb32dea4bc119490acbc9bc5.jpg,416,416,3,220,198,295,249
671_jpg.rf.5659ad9dbb32dea4bc119490acbc9bc5.jpg,416,416,12,316,81,399,137
671_jpg.rf.5659ad9dbb32dea4bc119490acbc9bc5.jpg,416,416,8,313,142,390,195
671_jpg.rf.5659ad9dbb32dea4bc119490acbc9bc5.jpg,416,416,4,308,198,384,250
68_jpg.rf.55eb0256069e78a99fe0efbe76c71c91.jpg,416,416,23,191,61,206,88
68_jpg.rf.55eb0256069e78a99fe0efbe76c71c91.jpg,416,416,22,218,100,233,131
68_jpg.rf.55eb0256069e78a99fe0efbe76c71c91.jpg,416,416,21,191,103,207,130
68_jpg.rf.55eb0256069e78a99fe0efbe76c71c91.jpg,416,416,20,163,100,178,129
68_jpg.rf.55eb0256069e78a99fe0efbe76c71c91.jpg,416,416,19,217,142,232,171
68_jpg.rf.55eb0256069e78a99fe0efbe76c71c91.jpg,416,416,18,191,141,205,168
68_jpg.rf.55eb0256069e78a99fe0efbe76c71c91.jpg,416,416,17,164,142,179,169
68_jpg.rf.55eb0256069e78a99fe0efbe76c71c91.jpg,416,416,16,218,183,232,209
68_jpg.rf.55eb0256069e78a99fe0efbe76c71c91.jpg,416,416,15,191,181,204,207
68_jpg.rf.55eb0256069e78a99fe0efbe76c71c91.jpg,416,416,14,164,182,177,209
68_jpg.rf.55eb0256069e78a99fe0efbe76c71c91.jpg,416,416,13,216,221,231,246
68_jpg.rf.55eb0256069e78a99fe0efbe76c71c91.jpg,416,416,12,190,220,205,246
68_jpg.rf.55eb0256069e78a99fe0efbe76c71c91.jpg,416,416,11,165,221,178,246
68_jpg.rf.55eb0256069e78a99fe0efbe76c71c91.jpg,416,416,10,216,259,230,284
68_jpg.rf.55eb0256069e78a99fe0efbe76c71c91.jpg,416,416,9,190,260,206,286
68_jpg.rf.55eb0256069e78a99fe0efbe76c71c91.jpg,416,416,8,164,259,178,284
68_jpg.rf.55eb0256069e78a99fe0efbe76c71c91.jpg,416,416,7,216,296,230,323
68_jpg.rf.55eb0256069e78a99fe0efbe76c71c91.jpg,416,416,6,191,297,204,322
68_jpg.rf.55eb0256069e78a99fe0efbe76c71c91.jpg,416,416,5,164,298,178,324
68_jpg.rf.55eb0256069e78a99fe0efbe76c71c91.jpg,416,416,4,217,332,230,358
68_jpg.rf.55eb0256069e78a99fe0efbe76c71c91.jpg,416,416,1,165,335,178,359
412_jpg.rf.5609eff1789b102d88c25d278814e2c8.jpg,416,416,1,164,122,215,163
412_jpg.rf.5609eff1789b102d88c25d278814e2c8.jpg,416,416,G,164,174,216,213
412_jpg.rf.5609eff1789b102d88c25d278814e2c8.jpg,416,416,B,166,223,216,261
195_jpg.rf.55a241342faab703f9400f3dcfef6461.jpg,416,416,12,207,109,226,124
195_jpg.rf.55a241342faab703f9400f3dcfef6461.jpg,416,416,11,159,109,178,123
195_jpg.rf.55a241342faab703f9400f3dcfef6461.jpg,416,416,10,207,129,224,143
195_jpg.rf.55a241342faab703f9400f3dcfef6461.jpg,416,416,9,160,129,176,142
195_jpg.rf.55a241342faab703f9400f3dcfef6461.jpg,416,416,7,159,148,177,162
195_jpg.rf.55a241342faab703f9400f3dcfef6461.jpg,416,416,6,205,168,224,182
195_jpg.rf.55a241342faab703f9400f3dcfef6461.jpg,416,416,5,158,167,176,181
195_jpg.rf.55a241342faab703f9400f3dcfef6461.jpg,416,416,4,205,187,223,201
195_jpg.rf.55a241342faab703f9400f3dcfef6461.jpg,416,416,3,157,186,176,201
195_jpg.rf.55a241342faab703f9400f3dcfef6461.jpg,416,416,2,203,205,221,219
195_jpg.rf.55a241342faab703f9400f3dcfef6461.jpg,416,416,1,157,205,174,219
195_jpg.rf.55a241342faab703f9400f3dcfef6461.jpg,416,416,0,204,224,222,238
1108_jpg.rf.58bde4cfdbc64b798fb53f487ccdb8d5.jpg,416,416,2,190,165,202,186
1108_jpg.rf.58bde4cfdbc64b798fb53f487ccdb8d5.jpg,416,416,1,191,195,202,214
1108_jpg.rf.58bde4cfdbc64b798fb53f487ccdb8d5.jpg,416,416,7,205,79,217,99
1108_jpg.rf.58bde4cfdbc64b798fb53f487ccdb8d5.jpg,416,416,6,205,108,216,127
1108_jpg.rf.58bde4cfdbc64b798fb53f487ccdb8d5.jpg,416,416,5,206,137,217,157
768_jpg.rf.57b19f93ec784addaad9f4ae0f0dbd1d.jpg,416,416,17,184,83,205,112
768_jpg.rf.57b19f93ec784addaad9f4ae0f0dbd1d.jpg,416,416,16,220,125,239,152
768_jpg.rf.57b19f93ec784addaad9f4ae0f0dbd1d.jpg,416,416,15,185,126,206,154
768_jpg.rf.57b19f93ec784addaad9f4ae0f0dbd1d.jpg,416,416,12,220,164,239,190
768_jpg.rf.57b19f93ec784addaad9f4ae0f0dbd1d.jpg,416,416,11,186,165,206,191
768_jpg.rf.57b19f93ec784addaad9f4ae0f0dbd1d.jpg,416,416,10,220,201,238,225
768_jpg.rf.57b19f93ec784addaad9f4ae0f0dbd1d.jpg,416,416,9,188,202,207,226
768_jpg.rf.57b19f93ec784addaad9f4ae0f0dbd1d.jpg,416,416,8,220,235,237,260
768_jpg.rf.57b19f93ec784addaad9f4ae0f0dbd1d.jpg,416,416,7,189,238,207,262
768_jpg.rf.57b19f93ec784addaad9f4ae0f0dbd1d.jpg,416,416,6,221,270,238,292
768_jpg.rf.57b19f93ec784addaad9f4ae0f0dbd1d.jpg,416,416,5,191,272,208,294
768_jpg.rf.57b19f93ec784addaad9f4ae0f0dbd1d.jpg,416,416,3,220,301,238,322
768_jpg.rf.57b19f93ec784addaad9f4ae0f0dbd1d.jpg,416,416,L,191,304,208,325
2038_jpg.rf.5624a1c31bd70e929030cd18b6f2527a.jpg,416,416,1,173,38,231,118
2038_jpg.rf.5624a1c31bd70e929030cd18b6f2527a.jpg,416,416,G,179,168,228,235
164_jpg.rf.58c3dfb7e2b045ea6e0ddd5669bf4fa7.jpg,416,416,6,217,132,244,168
164_jpg.rf.58c3dfb7e2b045ea6e0ddd5669bf4fa7.jpg,416,416,5,187,131,215,170
164_jpg.rf.58c3dfb7e2b045ea6e0ddd5669bf4fa7.jpg,416,416,2,217,211,242,247
1688_jpg.rf.56aaa607f36fb24d46e223f7aaf95ceb.jpg,416,416,1,305,194,322,226
1688_jpg.rf.56aaa607f36fb24d46e223f7aaf95ceb.jpg,416,416,2,323,194,341,226
1510_jpg.rf.59041cd1dcc52f7cba04dadc095201df.jpg,416,416,3,106,185,218,219
1510_jpg.rf.59041cd1dcc52f7cba04dadc095201df.jpg,416,416,2,111,219,223,253
1663_jpg.rf.582a0037f67d31af807ae7c9bccfa673.jpg,416,416,B,129,124,181,176
1663_jpg.rf.582a0037f67d31af807ae7c9bccfa673.jpg,416,416,2,283,120,336,170
659_jpg.rf.584b122f6b30214691ae6c271d6ab30d.jpg,416,416,13,192,199,202,210
659_jpg.rf.584b122f6b30214691ae6c271d6ab30d.jpg,416,416,9,193,215,203,225
659_jpg.rf.584b122f6b30214691ae6c271d6ab30d.jpg,416,416,5,193,230,203,240
659_jpg.rf.584b122f6b30214691ae6c271d6ab30d.jpg,416,416,G,194,245,204,256
659_jpg.rf.584b122f6b30214691ae6c271d6ab30d.jpg,416,416,15,214,198,223,208
659_jpg.rf.584b122f6b30214691ae6c271d6ab30d.jpg,416,416,11,214,213,223,222
659_jpg.rf.584b122f6b30214691ae6c271d6ab30d.jpg,416,416,7,215,227,223,237
659_jpg.rf.584b122f6b30214691ae6c271d6ab30d.jpg,416,416,3,215,242,223,252
133_jpg.rf.55d18e9650e802e028448c3ab117ad9d.jpg,416,416,10,192,27,207,55
133_jpg.rf.55d18e9650e802e028448c3ab117ad9d.jpg,416,416,9,217,79,233,108
133_jpg.rf.55d18e9650e802e028448c3ab117ad9d.jpg,416,416,8,169,85,184,113
133_jpg.rf.55d18e9650e802e028448c3ab117ad9d.jpg,416,416,7,217,117,233,146
133_jpg.rf.55d18e9650e802e028448c3ab117ad9d.jpg,416,416,6,170,122,185,150
133_jpg.rf.55d18e9650e802e028448c3ab117ad9d.jpg,416,416,5,218,155,233,182
133_jpg.rf.55d18e9650e802e028448c3ab117ad9d.jpg,416,416,4,171,158,186,185
133_jpg.rf.55d18e9650e802e028448c3ab117ad9d.jpg,416,416,3,219,193,235,220
133_jpg.rf.55d18e9650e802e028448c3ab117ad9d.jpg,416,416,2,172,193,187,221
133_jpg.rf.55d18e9650e802e028448c3ab117ad9d.jpg,416,416,M,219,229,234,255
133_jpg.rf.55d18e9650e802e028448c3ab117ad9d.jpg,416,416,G,173,231,188,256
133_jpg.rf.55d18e9650e802e028448c3ab117ad9d.jpg,416,416,D,221,281,234,305
133_jpg.rf.55d18e9650e802e028448c3ab117ad9d.jpg,416,416,U,176,282,188,305
623_jpg.rf.579e7f1ce396a382b10a96d7dcd739fa.jpg,416,416,2,154,0,276,122
623_jpg.rf.579e7f1ce396a382b10a96d7dcd739fa.jpg,416,416,1,149,129,274,279
623_jpg.rf.579e7f1ce396a382b10a96d7dcd739fa.jpg,416,416,G,141,284,272,415
208_jpg.rf.588bd3838ab2fe71a23e5b4defeed0df.jpg,416,416,26,109,178,124,204
208_jpg.rf.588bd3838ab2fe71a23e5b4defeed0df.jpg,416,416,27,129,177,144,203
208_jpg.rf.588bd3838ab2fe71a23e5b4defeed0df.jpg,416,416,28,149,175,164,202
208_jpg.rf.588bd3838ab2fe71a23e5b4defeed0df.jpg,416,416,29,170,174,184,201
208_jpg.rf.588bd3838ab2fe71a23e5b4defeed0df.jpg,416,416,17,111,222,125,248
208_jpg.rf.588bd3838ab2fe71a23e5b4defeed0df.jpg,416,416,18,131,221,145,247
208_jpg.rf.588bd3838ab2fe71a23e5b4defeed0df.jpg,416,416,19,151,221,165,247
208_jpg.rf.588bd3838ab2fe71a23e5b4defeed0df.jpg,416,416,20,171,220,185,245
208_jpg.rf.588bd3838ab2fe71a23e5b4defeed0df.jpg,416,416,21,190,220,205,245
208_jpg.rf.588bd3838ab2fe71a23e5b4defeed0df.jpg,416,416,22,211,218,226,243
208_jpg.rf.588bd3838ab2fe71a23e5b4defeed0df.jpg,416,416,23,231,219,245,243
208_jpg.rf.588bd3838ab2fe71a23e5b4defeed0df.jpg,416,416,24,251,217,266,243
208_jpg.rf.588bd3838ab2fe71a23e5b4defeed0df.jpg,416,416,25,271,216,286,242
208_jpg.rf.588bd3838ab2fe71a23e5b4defeed0df.jpg,416,416,8,112,267,127,293
208_jpg.rf.588bd3838ab2fe71a23e5b4defeed0df.jpg,416,416,9,132,265,146,291
208_jpg.rf.588bd3838ab2fe71a23e5b4defeed0df.jpg,416,416,10,152,265,166,290
208_jpg.rf.588bd3838ab2fe71a23e5b4defeed0df.jpg,416,416,11,172,265,186,290
208_jpg.rf.588bd3838ab2fe71a23e5b4defeed0df.jpg,416,416,12,191,264,206,288
208_jpg.rf.588bd3838ab2fe71a23e5b4defeed0df.jpg,416,416,13,211,264,225,288
208_jpg.rf.588bd3838ab2fe71a23e5b4defeed0df.jpg,416,416,14,232,263,246,288
208_jpg.rf.588bd3838ab2fe71a23e5b4defeed0df.jpg,416,416,15,251,262,266,287
208_jpg.rf.588bd3838ab2fe71a23e5b4defeed0df.jpg,416,416,16,271,262,286,288
208_jpg.rf.588bd3838ab2fe71a23e5b4defeed0df.jpg,416,416,1,133,310,148,335
208_jpg.rf.588bd3838ab2fe71a23e5b4defeed0df.jpg,416,416,M,153,308,167,334
208_jpg.rf.588bd3838ab2fe71a23e5b4defeed0df.jpg,416,416,2,172,308,187,334
208_jpg.rf.588bd3838ab2fe71a23e5b4defeed0df.jpg,416,416,3,192,307,207,333
208_jpg.rf.588bd3838ab2fe71a23e5b4defeed0df.jpg,416,416,4,212,306,227,333
208_jpg.rf.588bd3838ab2fe71a23e5b4defeed0df.jpg,416,416,5,232,306,246,333
208_jpg.rf.588bd3838ab2fe71a23e5b4defeed0df.jpg,416,416,6,251,306,266,332
208_jpg.rf.588bd3838ab2fe71a23e5b4defeed0df.jpg,416,416,7,271,306,286,331
2044_jpg.rf.582d8b1457fcd8ff39eb65a247a6de5e.jpg,416,416,8,192,353,213,392
2044_jpg.rf.582d8b1457fcd8ff39eb65a247a6de5e.jpg,416,416,9,233,350,254,389
1877_jpg.rf.5b26ee290ba61057a7aae8cf0857d4e2.jpg,416,416,4,183,105,242,146
1877_jpg.rf.5b26ee290ba61057a7aae8cf0857d4e2.jpg,416,416,3,186,147,244,186
1877_jpg.rf.5b26ee290ba61057a7aae8cf0857d4e2.jpg,416,416,2,188,185,244,222
1877_jpg.rf.5b26ee290ba61057a7aae8cf0857d4e2.jpg,416,416,1,190,220,244,254
1877_jpg.rf.5b26ee290ba61057a7aae8cf0857d4e2.jpg,416,416,B,193,252,243,284
1854_jpg.rf.5a325967e2a6a7fdade4eeee368431e2.jpg,416,416,6,228,236,244,248
1854_jpg.rf.5a325967e2a6a7fdade4eeee368431e2.jpg,416,416,5,229,249,244,260
1854_jpg.rf.5a325967e2a6a7fdade4eeee368431e2.jpg,416,416,4,230,262,246,273
1854_jpg.rf.5a325967e2a6a7fdade4eeee368431e2.jpg,416,416,3,231,275,246,286
1854_jpg.rf.5a325967e2a6a7fdade4eeee368431e2.jpg,416,416,2,231,288,247,299
1854_jpg.rf.5a325967e2a6a7fdade4eeee368431e2.jpg,416,416,1,232,300,247,312
1020_jpg.rf.59200b932e8e24f958b12dec1a04b143.jpg,416,416,2,90,78,148,125
1020_jpg.rf.59200b932e8e24f958b12dec1a04b143.jpg,416,416,G,106,145,158,185
1020_jpg.rf.59200b932e8e24f958b12dec1a04b143.jpg,416,416,1,238,117,279,153
956_jpg.rf.5b7c1d9f057683b45072dc55a8f56aff.jpg,416,416,2,177,178,193,208
956_jpg.rf.5b7c1d9f057683b45072dc55a8f56aff.jpg,416,416,1,177,212,193,242
956_jpg.rf.5b7c1d9f057683b45072dc55a8f56aff.jpg,416,416,M,178,244,193,275
956_jpg.rf.5b7c1d9f057683b45072dc55a8f56aff.jpg,416,416,G,178,276,193,309
1600_jpg.rf.599a642890a84d3da3e038982aea8876.jpg,416,416,18,144,236,181,260
1600_jpg.rf.599a642890a84d3da3e038982aea8876.jpg,416,416,23,225,229,258,251
1600_jpg.rf.599a642890a84d3da3e038982aea8876.jpg,416,416,17,143,271,184,296
1600_jpg.rf.599a642890a84d3da3e038982aea8876.jpg,416,416,22,225,261,258,283
1600_jpg.rf.599a642890a84d3da3e038982aea8876.jpg,416,416,16,147,305,184,331
1600_jpg.rf.599a642890a84d3da3e038982aea8876.jpg,416,416,21,228,293,259,316
1600_jpg.rf.599a642890a84d3da3e038982aea8876.jpg,416,416,15,150,339,186,364
1600_jpg.rf.599a642890a84d3da3e038982aea8876.jpg,416,416,20,229,323,259,348
1600_jpg.rf.599a642890a84d3da3e038982aea8876.jpg,416,416,1,153,370,186,396
1600_jpg.rf.599a642890a84d3da3e038982aea8876.jpg,416,416,19,229,353,259,378
219_jpg.rf.5a0701e3c040096d6c327c34c0a49f94.jpg,416,416,10,165,169,220,194
219_jpg.rf.5a0701e3c040096d6c327c34c0a49f94.jpg,416,416,8,165,191,219,212
219_jpg.rf.5a0701e3c040096d6c327c34c0a49f94.jpg,416,416,6,165,209,219,232
219_jpg.rf.5a0701e3c040096d6c327c34c0a49f94.jpg,416,416,4,166,226,219,249
219_jpg.rf.5a0701e3c040096d6c327c34c0a49f94.jpg,416,416,2,166,244,219,264
219_jpg.rf.5a0701e3c040096d6c327c34c0a49f94.jpg,416,416,G,167,261,218,283
219_jpg.rf.5a0701e3c040096d6c327c34c0a49f94.jpg,416,416,11,227,167,282,191
219_jpg.rf.5a0701e3c040096d6c327c34c0a49f94.jpg,416,416,9,227,187,280,211
219_jpg.rf.5a0701e3c040096d6c327c34c0a49f94.jpg,416,416,7,226,208,279,229
219_jpg.rf.5a0701e3c040096d6c327c34c0a49f94.jpg,416,416,5,225,224,277,245
219_jpg.rf.5a0701e3c040096d6c327c34c0a49f94.jpg,416,416,3,224,242,275,262
219_jpg.rf.5a0701e3c040096d6c327c34c0a49f94.jpg,416,416,1,225,258,275,278
43_jpg.rf.599350a2987c92e18c1b9d3e06a2c5e5.jpg,416,416,13,262,98,296,159
43_jpg.rf.599350a2987c92e18c1b9d3e06a2c5e5.jpg,416,416,12,184,97,222,163
43_jpg.rf.599350a2987c92e18c1b9d3e06a2c5e5.jpg,416,416,11,260,183,297,247
43_jpg.rf.599350a2987c92e18c1b9d3e06a2c5e5.jpg,416,416,10,185,185,219,247
43_jpg.rf.599350a2987c92e18c1b9d3e06a2c5e5.jpg,416,416,9,261,269,294,329
43_jpg.rf.599350a2987c92e18c1b9d3e06a2c5e5.jpg,416,416,8,188,274,223,335
11_jpg.rf.5c2abbd45339c6630dc2b1abde1135b0.jpg,416,416,14,174,193,194,209
11_jpg.rf.5c2abbd45339c6630dc2b1abde1135b0.jpg,416,416,15,209,191,227,207
11_jpg.rf.5c2abbd45339c6630dc2b1abde1135b0.jpg,416,416,13,209,212,227,228
11_jpg.rf.5c2abbd45339c6630dc2b1abde1135b0.jpg,416,416,12,174,214,194,231
11_jpg.rf.5c2abbd45339c6630dc2b1abde1135b0.jpg,416,416,10,174,235,194,252
11_jpg.rf.5c2abbd45339c6630dc2b1abde1135b0.jpg,416,416,11,210,232,227,248
11_jpg.rf.5c2abbd45339c6630dc2b1abde1135b0.jpg,416,416,9,209,251,227,267
11_jpg.rf.5c2abbd45339c6630dc2b1abde1135b0.jpg,416,416,8,175,256,194,273
11_jpg.rf.5c2abbd45339c6630dc2b1abde1135b0.jpg,416,416,7,209,271,226,287
11_jpg.rf.5c2abbd45339c6630dc2b1abde1135b0.jpg,416,416,6,174,277,194,294
11_jpg.rf.5c2abbd45339c6630dc2b1abde1135b0.jpg,416,416,5,209,291,226,307
11_jpg.rf.5c2abbd45339c6630dc2b1abde1135b0.jpg,416,416,4,174,299,194,316
11_jpg.rf.5c2abbd45339c6630dc2b1abde1135b0.jpg,416,416,2,175,319,194,336
11_jpg.rf.5c2abbd45339c6630dc2b1abde1135b0.jpg,416,416,3,208,311,226,327
11_jpg.rf.5c2abbd45339c6630dc2b1abde1135b0.jpg,416,416,1,192,335,210,351
84_jpg.rf.58c86453f38533b302be708459c1cdbc.jpg,416,416,8,133,165,204,264
84_jpg.rf.58c86453f38533b302be708459c1cdbc.jpg,416,416,7,272,261,325,344
84_jpg.rf.58c86453f38533b302be708459c1cdbc.jpg,416,416,6,141,300,211,395
157_jpg.rf.572974f820378054517b97b7394c4d12.jpg,416,416,16,238,7,324,52
157_jpg.rf.572974f820378054517b97b7394c4d12.jpg,416,416,15,64,4,157,54
157_jpg.rf.572974f820378054517b97b7394c4d12.jpg,416,416,12,235,54,321,101
157_jpg.rf.572974f820378054517b97b7394c4d12.jpg,416,416,11,62,55,154,102
157_jpg.rf.572974f820378054517b97b7394c4d12.jpg,416,416,10,231,103,318,147
157_jpg.rf.572974f820378054517b97b7394c4d12.jpg,416,416,9,66,103,154,149
157_jpg.rf.572974f820378054517b97b7394c4d12.jpg,416,416,8,232,152,312,192
157_jpg.rf.572974f820378054517b97b7394c4d12.jpg,416,416,7,68,152,152,195
157_jpg.rf.572974f820378054517b97b7394c4d12.jpg,416,416,6,230,196,307,235
157_jpg.rf.572974f820378054517b97b7394c4d12.jpg,416,416,5,68,197,151,239
157_jpg.rf.572974f820378054517b97b7394c4d12.jpg,416,416,3,228,237,307,276
157_jpg.rf.572974f820378054517b97b7394c4d12.jpg,416,416,2,68,241,151,281
157_jpg.rf.572974f820378054517b97b7394c4d12.jpg,416,416,1,226,278,305,316
1621_jpg.rf.5cc7e654397986fb3b6fe9a4895ce8dc.jpg,416,416,1,181,180,197,218
1621_jpg.rf.5cc7e654397986fb3b6fe9a4895ce8dc.jpg,416,416,2,199,181,217,217
1621_jpg.rf.5cc7e654397986fb3b6fe9a4895ce8dc.jpg,416,416,3,217,181,234,218
1621_jpg.rf.5cc7e654397986fb3b6fe9a4895ce8dc.jpg,416,416,4,181,222,197,259
1621_jpg.rf.5cc7e654397986fb3b6fe9a4895ce8dc.jpg,416,416,5,199,222,216,257
1621_jpg.rf.5cc7e654397986fb3b6fe9a4895ce8dc.jpg,416,416,6,216,223,234,257
1621_jpg.rf.5cc7e654397986fb3b6fe9a4895ce8dc.jpg,416,416,7,182,263,199,298
1621_jpg.rf.5cc7e654397986fb3b6fe9a4895ce8dc.jpg,416,416,8,199,263,216,297
1621_jpg.rf.5cc7e654397986fb3b6fe9a4895ce8dc.jpg,416,416,9,216,263,233,297
1621_jpg.rf.5cc7e654397986fb3b6fe9a4895ce8dc.jpg,416,416,s,182,302,199,336
1621_jpg.rf.5cc7e654397986fb3b6fe9a4895ce8dc.jpg,416,416,0,199,302,216,336
1621_jpg.rf.5cc7e654397986fb3b6fe9a4895ce8dc.jpg,416,416,-,216,301,232,335
1090_jpg.rf.5b3db8b5110d31b9ef1747dff2814bed.jpg,416,416,1,166,238,188,261
1090_jpg.rf.5b3db8b5110d31b9ef1747dff2814bed.jpg,416,416,2,165,214,187,237
1090_jpg.rf.5b3db8b5110d31b9ef1747dff2814bed.jpg,416,416,3,163,191,186,215
1090_jpg.rf.5b3db8b5110d31b9ef1747dff2814bed.jpg,416,416,4,161,166,185,190
1090_jpg.rf.5b3db8b5110d31b9ef1747dff2814bed.jpg,416,416,5,159,140,184,164
1090_jpg.rf.5b3db8b5110d31b9ef1747dff2814bed.jpg,416,416,6,158,115,183,139
1090_jpg.rf.5b3db8b5110d31b9ef1747dff2814bed.jpg,416,416,7,157,88,181,112
1090_jpg.rf.5b3db8b5110d31b9ef1747dff2814bed.jpg,416,416,8,155,61,180,86
1090_jpg.rf.5b3db8b5110d31b9ef1747dff2814bed.jpg,416,416,9,154,34,179,58
1090_jpg.rf.5b3db8b5110d31b9ef1747dff2814bed.jpg,416,416,22,186,31,211,56
1090_jpg.rf.5b3db8b5110d31b9ef1747dff2814bed.jpg,416,416,21,187,58,212,82
1090_jpg.rf.5b3db8b5110d31b9ef1747dff2814bed.jpg,416,416,20,188,86,213,110
1090_jpg.rf.5b3db8b5110d31b9ef1747dff2814bed.jpg,416,416,19,189,111,214,135
1090_jpg.rf.5b3db8b5110d31b9ef1747dff2814bed.jpg,416,416,18,191,137,216,160
1090_jpg.rf.5b3db8b5110d31b9ef1747dff2814bed.jpg,416,416,17,191,161,216,185
1090_jpg.rf.5b3db8b5110d31b9ef1747dff2814bed.jpg,416,416,16,192,186,215,208
1090_jpg.rf.5b3db8b5110d31b9ef1747dff2814bed.jpg,416,416,15,194,210,217,233
1090_jpg.rf.5b3db8b5110d31b9ef1747dff2814bed.jpg,416,416,12,199,280,220,301
1090_jpg.rf.5b3db8b5110d31b9ef1747dff2814bed.jpg,416,416,11,199,303,221,324
1090_jpg.rf.5b3db8b5110d31b9ef1747dff2814bed.jpg,416,416,10,200,324,222,345
1090_jpg.rf.5b3db8b5110d31b9ef1747dff2814bed.jpg,416,416,23,229,318,250,339
1090_jpg.rf.5b3db8b5110d31b9ef1747dff2814bed.jpg,416,416,24,227,297,249,318
1090_jpg.rf.5b3db8b5110d31b9ef1747dff2814bed.jpg,416,416,25,227,274,249,295
1090_jpg.rf.5b3db8b5110d31b9ef1747dff2814bed.jpg,416,416,26,226,251,248,272
1090_jpg.rf.5b3db8b5110d31b9ef1747dff2814bed.jpg,416,416,27,225,229,247,250
1090_jpg.rf.5b3db8b5110d31b9ef1747dff2814bed.jpg,416,416,28,224,204,247,228
1090_jpg.rf.5b3db8b5110d31b9ef1747dff2814bed.jpg,416,416,29,223,182,245,205
1090_jpg.rf.5b3db8b5110d31b9ef1747dff2814bed.jpg,416,416,30,222,157,245,178
1090_jpg.rf.5b3db8b5110d31b9ef1747dff2814bed.jpg,416,416,31,221,133,244,154
1090_jpg.rf.5b3db8b5110d31b9ef1747dff2814bed.jpg,416,416,32,220,108,244,131
1090_jpg.rf.5b3db8b5110d31b9ef1747dff2814bed.jpg,416,416,33,219,82,243,105
1090_jpg.rf.5b3db8b5110d31b9ef1747dff2814bed.jpg,416,416,34,219,55,243,78
1090_jpg.rf.5b3db8b5110d31b9ef1747dff2814bed.jpg,416,416,35,218,27,241,51
1407_jpg.rf.5bb1666ca77b7f9750563258dbcd68f7.jpg,416,416,3,223,226,266,261
1407_jpg.rf.5bb1666ca77b7f9750563258dbcd68f7.jpg,416,416,G,222,265,265,299
1407_jpg.rf.5bb1666ca77b7f9750563258dbcd68f7.jpg,416,416,2,178,227,222,262
1407_jpg.rf.5bb1666ca77b7f9750563258dbcd68f7.jpg,416,416,0,178,266,222,300
1286_jpg.rf.5537e882b6669b32727f72c31b63a51e.jpg,416,416,4,158,7,226,89
1286_jpg.rf.5537e882b6669b32727f72c31b63a51e.jpg,416,416,2,159,85,225,160
1286_jpg.rf.5537e882b6669b32727f72c31b63a51e.jpg,416,416,1,164,151,225,223
344_jpg.rf.5ae98699588974b7ba4780ef36a14e00.jpg,416,416,36,191,56,221,83
344_jpg.rf.5ae98699588974b7ba4780ef36a14e00.jpg,416,416,37,221,51,251,81
344_jpg.rf.5ae98699588974b7ba4780ef36a14e00.jpg,416,416,35,222,78,252,108
344_jpg.rf.5ae98699588974b7ba4780ef36a14e00.jpg,416,416,34,192,81,222,111
344_jpg.rf.5ae98699588974b7ba4780ef36a14e00.jpg,416,416,33,223,105,252,133
344_jpg.rf.5ae98699588974b7ba4780ef36a14e00.jpg,416,416,32,193,109,223,135
344_jpg.rf.5ae98699588974b7ba4780ef36a14e00.jpg,416,416,31,223,130,251,158
344_jpg.rf.5ae98699588974b7ba4780ef36a14e00.jpg,416,416,30,193,132,223,163
344_jpg.rf.5ae98699588974b7ba4780ef36a14e00.jpg,416,416,29,224,155,251,182
344_jpg.rf.5ae98699588974b7ba4780ef36a14e00.jpg,416,416,28,195,160,224,187
344_jpg.rf.5ae98699588974b7ba4780ef36a14e00.jpg,416,416,27,223,180,251,205
344_jpg.rf.5ae98699588974b7ba4780ef36a14e00.jpg,416,416,26,196,184,224,211
344_jpg.rf.5ae98699588974b7ba4780ef36a14e00.jpg,416,416,25,224,204,251,229
344_jpg.rf.5ae98699588974b7ba4780ef36a14e00.jpg,416,416,24,196,208,225,236
344_jpg.rf.5ae98699588974b7ba4780ef36a14e00.jpg,416,416,23,225,227,253,251
344_jpg.rf.5ae98699588974b7ba4780ef36a14e00.jpg,416,416,22,197,233,226,256
344_jpg.rf.5ae98699588974b7ba4780ef36a14e00.jpg,416,416,21,226,251,252,274
344_jpg.rf.5ae98699588974b7ba4780ef36a14e00.jpg,416,416,4,197,254,224,278
344_jpg.rf.5ae98699588974b7ba4780ef36a14e00.jpg,416,416,L,225,273,252,295
299_jpg.rf.5be53c77595a763398c9bb26392fa686.jpg,416,416,6,212,147,221,164
299_jpg.rf.5be53c77595a763398c9bb26392fa686.jpg,416,416,5,212,168,221,185
299_jpg.rf.5be53c77595a763398c9bb26392fa686.jpg,416,416,4,212,189,222,207
299_jpg.rf.5be53c77595a763398c9bb26392fa686.jpg,416,416,3,212,211,222,229
299_jpg.rf.5be53c77595a763398c9bb26392fa686.jpg,416,416,2,212,233,222,250
299_jpg.rf.5be53c77595a763398c9bb26392fa686.jpg,416,416,1,212,254,222,272
285_jpg.rf.5d82f447990230be1279ff840833a229.jpg,416,416,2,174,202,204,241
285_jpg.rf.5d82f447990230be1279ff840833a229.jpg,416,416,1,174,253,204,290
1397_jpg.rf.5b7d9d9d8a45e167afbb2c3affc2443e.jpg,416,416,4,185,218,205,252
1397_jpg.rf.5b7d9d9d8a45e167afbb2c3affc2443e.jpg,416,416,5,213,215,233,249
1397_jpg.rf.5b7d9d9d8a45e167afbb2c3affc2443e.jpg,416,416,6,240,212,260,248
1397_jpg.rf.5b7d9d9d8a45e167afbb2c3affc2443e.jpg,416,416,1,212,275,232,307
1397_jpg.rf.5b7d9d9d8a45e167afbb2c3affc2443e.jpg,416,416,2,238,273,258,305
1397_jpg.rf.5b7d9d9d8a45e167afbb2c3affc2443e.jpg,416,416,3,265,269,284,301
895_jpg.rf.5d3dae04ad7513091cc935fc4ec9d04c.jpg,416,416,10,4,2,27,31
895_jpg.rf.5d3dae04ad7513091cc935fc4ec9d04c.jpg,416,416,9,7,31,31,61
895_jpg.rf.5d3dae04ad7513091cc935fc4ec9d04c.jpg,416,416,8,9,61,32,90
895_jpg.rf.5d3dae04ad7513091cc935fc4ec9d04c.jpg,416,416,7,13,91,35,118
895_jpg.rf.5d3dae04ad7513091cc935fc4ec9d04c.jpg,416,416,6,15,120,38,146
895_jpg.rf.5d3dae04ad7513091cc935fc4ec9d04c.jpg,416,416,5,17,148,40,173
895_jpg.rf.5d3dae04ad7513091cc935fc4ec9d04c.jpg,416,416,4,21,176,42,199
895_jpg.rf.5d3dae04ad7513091cc935fc4ec9d04c.jpg,416,416,V,25,202,44,225
895_jpg.rf.5d3dae04ad7513091cc935fc4ec9d04c.jpg,416,416,V,27,226,47,251
895_jpg.rf.5d3dae04ad7513091cc935fc4ec9d04c.jpg,416,416,V,33,276,51,299
895_jpg.rf.5d3dae04ad7513091cc935fc4ec9d04c.jpg,416,416,1,30,253,49,275
895_jpg.rf.5d3dae04ad7513091cc935fc4ec9d04c.jpg,416,416,6,283,241,307,277
895_jpg.rf.5d3dae04ad7513091cc935fc4ec9d04c.jpg,416,416,7,308,255,333,290
895_jpg.rf.5d3dae04ad7513091cc935fc4ec9d04c.jpg,416,416,8,335,264,362,297
895_jpg.rf.5d3dae04ad7513091cc935fc4ec9d04c.jpg,416,416,9,365,275,392,308
895_jpg.rf.5d3dae04ad7513091cc935fc4ec9d04c.jpg,416,416,10,397,287,415,322
895_jpg.rf.5d3dae04ad7513091cc935fc4ec9d04c.jpg,416,416,4,389,348,416,380
895_jpg.rf.5d3dae04ad7513091cc935fc4ec9d04c.jpg,416,416,V,359,333,385,365
895_jpg.rf.5d3dae04ad7513091cc935fc4ec9d04c.jpg,416,416,V,331,321,356,353
895_jpg.rf.5d3dae04ad7513091cc935fc4ec9d04c.jpg,416,416,V,281,298,303,327
895_jpg.rf.5d3dae04ad7513091cc935fc4ec9d04c.jpg,416,416,1,305,309,329,340
35_jpg.rf.5be5b0d7f339e6722a961b8c3a28f860.jpg,416,416,20,167,35,184,66
35_jpg.rf.5be5b0d7f339e6722a961b8c3a28f860.jpg,416,416,19,135,35,152,66
35_jpg.rf.5be5b0d7f339e6722a961b8c3a28f860.jpg,416,416,18,198,74,215,103
35_jpg.rf.5be5b0d7f339e6722a961b8c3a28f860.jpg,416,416,17,167,73,184,104
35_jpg.rf.5be5b0d7f339e6722a961b8c3a28f860.jpg,416,416,16,136,71,152,103
35_jpg.rf.5be5b0d7f339e6722a961b8c3a28f860.jpg,416,416,15,199,109,216,140
35_jpg.rf.5be5b0d7f339e6722a961b8c3a28f860.jpg,416,416,14,167,110,184,139
35_jpg.rf.5be5b0d7f339e6722a961b8c3a28f860.jpg,416,416,12,136,108,153,139
35_jpg.rf.5be5b0d7f339e6722a961b8c3a28f860.jpg,416,416,11,199,145,215,176
35_jpg.rf.5be5b0d7f339e6722a961b8c3a28f860.jpg,416,416,10,168,145,185,175
35_jpg.rf.5be5b0d7f339e6722a961b8c3a28f860.jpg,416,416,9,137,145,153,175
35_jpg.rf.5be5b0d7f339e6722a961b8c3a28f860.jpg,416,416,8,198,180,215,211
35_jpg.rf.5be5b0d7f339e6722a961b8c3a28f860.jpg,416,416,7,168,181,185,211
35_jpg.rf.5be5b0d7f339e6722a961b8c3a28f860.jpg,416,416,I,199,216,214,244
35_jpg.rf.5be5b0d7f339e6722a961b8c3a28f860.jpg,416,416,G,168,216,185,244
35_jpg.rf.5be5b0d7f339e6722a961b8c3a28f860.jpg,416,416,E,137,215,154,245
35_jpg.rf.5be5b0d7f339e6722a961b8c3a28f860.jpg,416,416,0,199,251,215,280
35_jpg.rf.5be5b0d7f339e6722a961b8c3a28f860.jpg,416,416,1,138,252,153,279
861_jpg.rf.5c8510c1b995692ec0202f408ccc1c41.jpg,416,416,4,161,78,274,118
861_jpg.rf.5c8510c1b995692ec0202f408ccc1c41.jpg,416,416,3,161,127,273,165
861_jpg.rf.5c8510c1b995692ec0202f408ccc1c41.jpg,416,416,2,159,174,272,212
861_jpg.rf.5c8510c1b995692ec0202f408ccc1c41.jpg,416,416,1,159,218,272,256
1150_jpg.rf.5a381e0f03bc66d7a17117af7681eda7.jpg,416,416,26,117,75,141,113
1150_jpg.rf.5a381e0f03bc66d7a17117af7681eda7.jpg,416,416,22,118,118,143,152
1150_jpg.rf.5a381e0f03bc66d7a17117af7681eda7.jpg,416,416,23,171,117,194,151
1150_jpg.rf.5a381e0f03bc66d7a17117af7681eda7.jpg,416,416,24,220,117,243,149
1150_jpg.rf.5a381e0f03bc66d7a17117af7681eda7.jpg,416,416,25,270,116,292,149
1150_jpg.rf.5a381e0f03bc66d7a17117af7681eda7.jpg,416,416,18,121,157,144,190
1150_jpg.rf.5a381e0f03bc66d7a17117af7681eda7.jpg,416,416,19,171,156,194,188
1150_jpg.rf.5a381e0f03bc66d7a17117af7681eda7.jpg,416,416,20,220,155,242,187
1150_jpg.rf.5a381e0f03bc66d7a17117af7681eda7.jpg,416,416,21,269,155,290,187
1150_jpg.rf.5a381e0f03bc66d7a17117af7681eda7.jpg,416,416,14,123,194,146,228
1150_jpg.rf.5a381e0f03bc66d7a17117af7681eda7.jpg,416,416,15,172,194,194,225
1150_jpg.rf.5a381e0f03bc66d7a17117af7681eda7.jpg,416,416,16,220,193,241,223
1150_jpg.rf.5a381e0f03bc66d7a17117af7681eda7.jpg,416,416,17,267,192,288,221
1150_jpg.rf.5a381e0f03bc66d7a17117af7681eda7.jpg,416,416,9,124,230,146,262
1150_jpg.rf.5a381e0f03bc66d7a17117af7681eda7.jpg,416,416,10,172,229,193,259
1150_jpg.rf.5a381e0f03bc66d7a17117af7681eda7.jpg,416,416,11,219,228,240,258
1150_jpg.rf.5a381e0f03bc66d7a17117af7681eda7.jpg,416,416,12,265,226,286,256
1150_jpg.rf.5a381e0f03bc66d7a17117af7681eda7.jpg,416,416,5,125,264,148,295
1150_jpg.rf.5a381e0f03bc66d7a17117af7681eda7.jpg,416,416,6,173,263,194,292
1150_jpg.rf.5a381e0f03bc66d7a17117af7681eda7.jpg,416,416,7,218,261,239,289
1150_jpg.rf.5a381e0f03bc66d7a17117af7681eda7.jpg,416,416,8,263,259,284,288
1150_jpg.rf.5a381e0f03bc66d7a17117af7681eda7.jpg,416,416,2,173,295,194,323
1150_jpg.rf.5a381e0f03bc66d7a17117af7681eda7.jpg,416,416,3,217,293,238,321
1150_jpg.rf.5a381e0f03bc66d7a17117af7681eda7.jpg,416,416,4,262,291,282,319
1064_jpg.rf.5c7a727c264df3638189595aafc235d6.jpg,416,416,4,129,137,148,157
1064_jpg.rf.5c7a727c264df3638189595aafc235d6.jpg,416,416,3,130,167,148,184
1064_jpg.rf.5c7a727c264df3638189595aafc235d6.jpg,416,416,2,131,193,148,211
1064_jpg.rf.5c7a727c264df3638189595aafc235d6.jpg,416,416,1,132,221,149,236
1317_jpg.rf.5e134b275dbc7193beec5a5b9dfa4d70.jpg,416,416,12,211,194,227,207
1317_jpg.rf.5e134b275dbc7193beec5a5b9dfa4d70.jpg,416,416,11,211,209,226,221
1317_jpg.rf.5e134b275dbc7193beec5a5b9dfa4d70.jpg,416,416,10,211,223,227,236
1317_jpg.rf.5e134b275dbc7193beec5a5b9dfa4d70.jpg,416,416,9,212,237,226,249
1317_jpg.rf.5e134b275dbc7193beec5a5b9dfa4d70.jpg,416,416,8,212,252,226,264
1317_jpg.rf.5e134b275dbc7193beec5a5b9dfa4d70.jpg,416,416,7,212,266,227,278
1317_jpg.rf.5e134b275dbc7193beec5a5b9dfa4d70.jpg,416,416,6,174,196,192,209
1317_jpg.rf.5e134b275dbc7193beec5a5b9dfa4d70.jpg,416,416,5,175,211,191,224
1317_jpg.rf.5e134b275dbc7193beec5a5b9dfa4d70.jpg,416,416,4,175,226,192,239
1317_jpg.rf.5e134b275dbc7193beec5a5b9dfa4d70.jpg,416,416,3,176,241,192,254
1317_jpg.rf.5e134b275dbc7193beec5a5b9dfa4d70.jpg,416,416,2,176,254,192,268
1317_jpg.rf.5e134b275dbc7193beec5a5b9dfa4d70.jpg,416,416,1,176,270,192,283
1317_jpg.rf.5e134b275dbc7193beec5a5b9dfa4d70.jpg,416,416,0,177,284,193,297
930_jpg.rf.5cc0039e7369959c12e3908d270f4f78.jpg,416,416,1,149,280,161,303
930_jpg.rf.5cc0039e7369959c12e3908d270f4f78.jpg,416,416,2,148,257,161,280
930_jpg.rf.5cc0039e7369959c12e3908d270f4f78.jpg,416,416,3,149,234,161,257
930_jpg.rf.5cc0039e7369959c12e3908d270f4f78.jpg,416,416,4,149,211,161,234
930_jpg.rf.5cc0039e7369959c12e3908d270f4f78.jpg,416,416,5,149,188,161,211
1753_jpg.rf.5c01776066fa8cc533ca55a750ef5879.jpg,416,416,47,330,129,348,155
1753_jpg.rf.5c01776066fa8cc533ca55a750ef5879.jpg,416,416,46,327,166,346,194
1753_jpg.rf.5c01776066fa8cc533ca55a750ef5879.jpg,416,416,45,324,203,343,230
1753_jpg.rf.5c01776066fa8cc533ca55a750ef5879.jpg,416,416,44,322,239,341,264
1753_jpg.rf.5c01776066fa8cc533ca55a750ef5879.jpg,416,416,43,320,273,337,298
1753_jpg.rf.5c01776066fa8cc533ca55a750ef5879.jpg,416,416,42,317,307,335,330
1753_jpg.rf.5c01776066fa8cc533ca55a750ef5879.jpg,416,416,41,295,127,315,156
1753_jpg.rf.5c01776066fa8cc533ca55a750ef5879.jpg,416,416,40,294,166,313,193
1753_jpg.rf.5c01776066fa8cc533ca55a750ef5879.jpg,416,416,39,292,204,311,230
1753_jpg.rf.5c01776066fa8cc533ca55a750ef5879.jpg,416,416,38,290,239,309,265
1753_jpg.rf.5c01776066fa8cc533ca55a750ef5879.jpg,416,416,37,288,274,306,298
1753_jpg.rf.5c01776066fa8cc533ca55a750ef5879.jpg,416,416,36,286,307,304,331
1753_jpg.rf.5c01776066fa8cc533ca55a750ef5879.jpg,416,416,35,260,127,280,155
1753_jpg.rf.5c01776066fa8cc533ca55a750ef5879.jpg,416,416,34,259,166,279,194
1753_jpg.rf.5c01776066fa8cc533ca55a750ef5879.jpg,416,416,33,258,204,277,230
1753_jpg.rf.5c01776066fa8cc533ca55a750ef5879.jpg,416,416,32,257,240,275,265
1753_jpg.rf.5c01776066fa8cc533ca55a750ef5879.jpg,416,416,31,256,274,275,299
1753_jpg.rf.5c01776066fa8cc533ca55a750ef5879.jpg,416,416,30,255,308,273,331
1753_jpg.rf.5c01776066fa8cc533ca55a750ef5879.jpg,416,416,29,225,126,245,155
1753_jpg.rf.5c01776066fa8cc533ca55a750ef5879.jpg,416,416,28,225,166,245,193
1753_jpg.rf.5c01776066fa8cc533ca55a750ef5879.jpg,416,416,27,224,204,244,230
1753_jpg.rf.5c01776066fa8cc533ca55a750ef5879.jpg,416,416,26,224,240,243,266
1753_jpg.rf.5c01776066fa8cc533ca55a750ef5879.jpg,416,416,25,223,275,242,299
1753_jpg.rf.5c01776066fa8cc533ca55a750ef5879.jpg,416,416,24,222,307,241,332
1753_jpg.rf.5c01776066fa8cc533ca55a750ef5879.jpg,416,416,23,189,127,211,155
1753_jpg.rf.5c01776066fa8cc533ca55a750ef5879.jpg,416,416,22,189,166,211,194
1753_jpg.rf.5c01776066fa8cc533ca55a750ef5879.jpg,416,416,21,190,203,209,230
1753_jpg.rf.5c01776066fa8cc533ca55a750ef5879.jpg,416,416,20,190,240,209,265
1753_jpg.rf.5c01776066fa8cc533ca55a750ef5879.jpg,416,416,19,190,275,209,299
1753_jpg.rf.5c01776066fa8cc533ca55a750ef5879.jpg,416,416,18,190,309,209,333
1753_jpg.rf.5c01776066fa8cc533ca55a750ef5879.jpg,416,416,17,153,127,174,154
1753_jpg.rf.5c01776066fa8cc533ca55a750ef5879.jpg,416,416,16,154,166,175,193
1753_jpg.rf.5c01776066fa8cc533ca55a750ef5879.jpg,416,416,15,155,204,176,230
1753_jpg.rf.5c01776066fa8cc533ca55a750ef5879.jpg,416,416,14,156,240,176,265
1753_jpg.rf.5c01776066fa8cc533ca55a750ef5879.jpg,416,416,13,157,275,177,300
1753_jpg.rf.5c01776066fa8cc533ca55a750ef5879.jpg,416,416,12,158,309,177,333
1753_jpg.rf.5c01776066fa8cc533ca55a750ef5879.jpg,416,416,11,118,127,139,154
1753_jpg.rf.5c01776066fa8cc533ca55a750ef5879.jpg,416,416,10,119,166,140,193
1753_jpg.rf.5c01776066fa8cc533ca55a750ef5879.jpg,416,416,9,121,204,141,230
1753_jpg.rf.5c01776066fa8cc533ca55a750ef5879.jpg,416,416,8,122,240,142,266
1753_jpg.rf.5c01776066fa8cc533ca55a750ef5879.jpg,416,416,7,124,276,144,300
1753_jpg.rf.5c01776066fa8cc533ca55a750ef5879.jpg,416,416,6,126,309,145,333
1753_jpg.rf.5c01776066fa8cc533ca55a750ef5879.jpg,416,416,5,82,127,103,155
1753_jpg.rf.5c01776066fa8cc533ca55a750ef5879.jpg,416,416,4,84,167,105,193
1753_jpg.rf.5c01776066fa8cc533ca55a750ef5879.jpg,416,416,2,87,205,107,230
1753_jpg.rf.5c01776066fa8cc533ca55a750ef5879.jpg,416,416,1,89,241,109,266
1753_jpg.rf.5c01776066fa8cc533ca55a750ef5879.jpg,416,416,0,91,276,110,300
1139_jpg.rf.5c4f79aa608897f8b61320ef540d4175.jpg,416,416,7,165,243,181,266
1139_jpg.rf.5c4f79aa608897f8b61320ef540d4175.jpg,416,416,P,150,264,166,287
1139_jpg.rf.5c4f79aa608897f8b61320ef540d4175.jpg,416,416,8,165,223,181,245
1139_jpg.rf.5c4f79aa608897f8b61320ef540d4175.jpg,416,416,2,150,223,166,245
1139_jpg.rf.5c4f79aa608897f8b61320ef540d4175.jpg,416,416,3,150,204,166,225
1139_jpg.rf.5c4f79aa608897f8b61320ef540d4175.jpg,416,416,9,165,204,181,225
1139_jpg.rf.5c4f79aa608897f8b61320ef540d4175.jpg,416,416,10,165,183,180,204
1139_jpg.rf.5c4f79aa608897f8b61320ef540d4175.jpg,416,416,4,150,183,166,205
1139_jpg.rf.5c4f79aa608897f8b61320ef540d4175.jpg,416,416,5,150,164,166,185
1139_jpg.rf.5c4f79aa608897f8b61320ef540d4175.jpg,416,416,6,150,146,166,167
1139_jpg.rf.5c4f79aa608897f8b61320ef540d4175.jpg,416,416,11,165,164,180,185
1139_jpg.rf.5c4f79aa608897f8b61320ef540d4175.jpg,416,416,12,165,145,180,166
1139_jpg.rf.5c4f79aa608897f8b61320ef540d4175.jpg,416,416,13,165,126,180,147
1335_jpg.rf.5edea4c1fd93173f92aea6c922e86be1.jpg,416,416,14,172,0,221,37
1335_jpg.rf.5edea4c1fd93173f92aea6c922e86be1.jpg,416,416,11,172,35,223,73
1335_jpg.rf.5edea4c1fd93173f92aea6c922e86be1.jpg,416,416,9,173,71,223,112
1335_jpg.rf.5edea4c1fd93173f92aea6c922e86be1.jpg,416,416,7,174,109,227,152
1335_jpg.rf.5edea4c1fd93173f92aea6c922e86be1.jpg,416,416,5,175,148,229,196
1335_jpg.rf.5edea4c1fd93173f92aea6c922e86be1.jpg,416,416,4,175,191,232,242
1335_jpg.rf.5edea4c1fd93173f92aea6c922e86be1.jpg,416,416,2,176,235,234,289
1335_jpg.rf.5edea4c1fd93173f92aea6c922e86be1.jpg,416,416,0,179,284,238,340
1335_jpg.rf.5edea4c1fd93173f92aea6c922e86be1.jpg,416,416,1,231,232,286,285
1335_jpg.rf.5edea4c1fd93173f92aea6c922e86be1.jpg,416,416,3,228,190,283,237
1335_jpg.rf.5edea4c1fd93173f92aea6c922e86be1.jpg,416,416,6,225,147,277,191
1335_jpg.rf.5edea4c1fd93173f92aea6c922e86be1.jpg,416,416,8,224,109,276,150
1335_jpg.rf.5edea4c1fd93173f92aea6c922e86be1.jpg,416,416,10,224,72,272,110
426_jpg.rf.5fcf538a58a08a8337a2233e1fb2814a.jpg,416,416,4,170,128,189,160
426_jpg.rf.5fcf538a58a08a8337a2233e1fb2814a.jpg,416,416,3,170,163,189,195
426_jpg.rf.5fcf538a58a08a8337a2233e1fb2814a.jpg,416,416,2,170,198,189,230
426_jpg.rf.5fcf538a58a08a8337a2233e1fb2814a.jpg,416,416,1,170,236,189,268
232_jpg.rf.5f7c9156ec62a2c720c18e339cde14ba.jpg,416,416,8,103,251,129,267
232_jpg.rf.5f7c9156ec62a2c720c18e339cde14ba.jpg,416,416,7,104,266,130,279
232_jpg.rf.5f7c9156ec62a2c720c18e339cde14ba.jpg,416,416,6,104,278,129,291
232_jpg.rf.5f7c9156ec62a2c720c18e339cde14ba.jpg,416,416,5,103,290,130,303
232_jpg.rf.5f7c9156ec62a2c720c18e339cde14ba.jpg,416,416,4,103,301,129,315
232_jpg.rf.5f7c9156ec62a2c720c18e339cde14ba.jpg,416,416,14,145,250,172,266
232_jpg.rf.5f7c9156ec62a2c720c18e339cde14ba.jpg,416,416,13,146,264,170,278
232_jpg.rf.5f7c9156ec62a2c720c18e339cde14ba.jpg,416,416,12,146,277,170,289
232_jpg.rf.5f7c9156ec62a2c720c18e339cde14ba.jpg,416,416,11,145,288,170,300
232_jpg.rf.5f7c9156ec62a2c720c18e339cde14ba.jpg,416,416,10,145,299,169,312
232_jpg.rf.5f7c9156ec62a2c720c18e339cde14ba.jpg,416,416,9,145,311,169,324
1752_jpg.rf.5ff71cb6f6e1a3804be35229afb8c25a.jpg,416,416,3,1,45,75,158
1752_jpg.rf.5ff71cb6f6e1a3804be35229afb8c25a.jpg,416,416,G,10,190,84,290
1752_jpg.rf.5ff71cb6f6e1a3804be35229afb8c25a.jpg,416,416,4,154,60,219,146
1752_jpg.rf.5ff71cb6f6e1a3804be35229afb8c25a.jpg,416,416,4,219,40,307,158
1752_jpg.rf.5ff71cb6f6e1a3804be35229afb8c25a.jpg,416,416,2,159,208,219,283
1752_jpg.rf.5ff71cb6f6e1a3804be35229afb8c25a.jpg,416,416,2,220,194,301,294
1390_jpg.rf.5eecae5fc8689b673baca26bd8a72aa8.jpg,416,416,3,180,219,207,245
1390_jpg.rf.5eecae5fc8689b673baca26bd8a72aa8.jpg,416,416,2,181,270,208,294
1390_jpg.rf.5eecae5fc8689b673baca26bd8a72aa8.jpg,416,416,1,183,318,208,340
1390_jpg.rf.5eecae5fc8689b673baca26bd8a72aa8.jpg,416,416,0,183,362,207,383
637_jpg.rf.5f88793ca6a7aa2057bef358a9a6aec8.jpg,416,416,G,295,53,414,186
552_jpg.rf.6341dcb1be5fb14a3d3252a7e9b1cf51.jpg,416,416,1,59,44,98,84
552_jpg.rf.6341dcb1be5fb14a3d3252a7e9b1cf51.jpg,416,416,2,103,47,141,85
552_jpg.rf.6341dcb1be5fb14a3d3252a7e9b1cf51.jpg,416,416,3,144,47,184,87
552_jpg.rf.6341dcb1be5fb14a3d3252a7e9b1cf51.jpg,416,416,4,60,90,98,127
552_jpg.rf.6341dcb1be5fb14a3d3252a7e9b1cf51.jpg,416,416,5,103,91,141,128
552_jpg.rf.6341dcb1be5fb14a3d3252a7e9b1cf51.jpg,416,416,-,145,177,182,215
552_jpg.rf.6341dcb1be5fb14a3d3252a7e9b1cf51.jpg,416,416,6,144,91,182,129
552_jpg.rf.6341dcb1be5fb14a3d3252a7e9b1cf51.jpg,416,416,7,59,133,98,171
552_jpg.rf.6341dcb1be5fb14a3d3252a7e9b1cf51.jpg,416,416,8,102,134,141,171
552_jpg.rf.6341dcb1be5fb14a3d3252a7e9b1cf51.jpg,416,416,9,145,134,183,172
552_jpg.rf.6341dcb1be5fb14a3d3252a7e9b1cf51.jpg,416,416,L,60,176,98,215
552_jpg.rf.6341dcb1be5fb14a3d3252a7e9b1cf51.jpg,416,416,0,103,177,141,215
1531_jpg.rf.62bcd4fd7453e9c1408a28bceaf95c1d.jpg,416,416,6,163,241,192,258
1531_jpg.rf.62bcd4fd7453e9c1408a28bceaf95c1d.jpg,416,416,12,199,239,226,254
1531_jpg.rf.62bcd4fd7453e9c1408a28bceaf95c1d.jpg,416,416,4,163,265,192,282
1531_jpg.rf.62bcd4fd7453e9c1408a28bceaf95c1d.jpg,416,416,10,199,263,225,277
1531_jpg.rf.62bcd4fd7453e9c1408a28bceaf95c1d.jpg,416,416,2,164,289,193,305
1531_jpg.rf.62bcd4fd7453e9c1408a28bceaf95c1d.jpg,416,416,8,198,285,227,301
1531_jpg.rf.62bcd4fd7453e9c1408a28bceaf95c1d.jpg,416,416,G,164,312,193,329
477_jpg.rf.5f1f31832384ccba6c95eb61bf593500.jpg,416,416,6,212,2,262,67
477_jpg.rf.5f1f31832384ccba6c95eb61bf593500.jpg,416,416,5,301,72,337,120
477_jpg.rf.5f1f31832384ccba6c95eb61bf593500.jpg,416,416,4,129,119,183,177
477_jpg.rf.5f1f31832384ccba6c95eb61bf593500.jpg,416,416,3,302,140,337,181
477_jpg.rf.5f1f31832384ccba6c95eb61bf593500.jpg,416,416,2,149,198,196,242
477_jpg.rf.5f1f31832384ccba6c95eb61bf593500.jpg,416,416,1,304,196,334,234
477_jpg.rf.5f1f31832384ccba6c95eb61bf593500.jpg,416,416,G,167,260,210,303
357_jpg.rf.5a55c3736c449122ca0e42a81a7ca584.jpg,416,416,3,120,39,183,94
357_jpg.rf.5a55c3736c449122ca0e42a81a7ca584.jpg,416,416,2,130,99,187,145
357_jpg.rf.5a55c3736c449122ca0e42a81a7ca584.jpg,416,416,G,236,166,295,208
1744_jpg.rf.61288f39b40869171eb4e6da6d9eb51e.jpg,416,416,3,313,113,324,132
1744_jpg.rf.61288f39b40869171eb4e6da6d9eb51e.jpg,416,416,4,332,108,342,127
1744_jpg.rf.61288f39b40869171eb4e6da6d9eb51e.jpg,416,416,4,52,14,67,39
1744_jpg.rf.61288f39b40869171eb4e6da6d9eb51e.jpg,416,416,3,56,43,70,68
679_jpg.rf.62b7f5089884a5489677c792ebf4c9c7.jpg,416,416,5,205,269,223,293
679_jpg.rf.62b7f5089884a5489677c792ebf4c9c7.jpg,416,416,6,245,269,262,291
679_jpg.rf.62b7f5089884a5489677c792ebf4c9c7.jpg,416,416,3,205,296,223,320
679_jpg.rf.62b7f5089884a5489677c792ebf4c9c7.jpg,416,416,2,245,322,262,344
257_jpg.rf.62d34f16377bc92b0b36c46960250079.jpg,416,416,5,158,182,173,204
257_jpg.rf.62d34f16377bc92b0b36c46960250079.jpg,416,416,10,185,179,199,200
257_jpg.rf.62d34f16377bc92b0b36c46960250079.jpg,416,416,4,159,209,174,230
257_jpg.rf.62d34f16377bc92b0b36c46960250079.jpg,416,416,9,186,205,200,225
257_jpg.rf.62d34f16377bc92b0b36c46960250079.jpg,416,416,3,160,235,175,256
257_jpg.rf.62d34f16377bc92b0b36c46960250079.jpg,416,416,8,186,231,200,251
257_jpg.rf.62d34f16377bc92b0b36c46960250079.jpg,416,416,2,161,262,176,282
257_jpg.rf.62d34f16377bc92b0b36c46960250079.jpg,416,416,7,187,255,200,275
257_jpg.rf.62d34f16377bc92b0b36c46960250079.jpg,416,416,1,162,286,178,308
257_jpg.rf.62d34f16377bc92b0b36c46960250079.jpg,416,416,6,188,280,201,300
257_jpg.rf.62d34f16377bc92b0b36c46960250079.jpg,416,416,B,163,311,178,331
1121_jpg.rf.60a683251a60176237a3613942039728.jpg,416,416,1,174,280,194,304
1121_jpg.rf.60a683251a60176237a3613942039728.jpg,416,416,2,209,273,227,294
1121_jpg.rf.60a683251a60176237a3613942039728.jpg,416,416,3,133,255,156,279
1121_jpg.rf.60a683251a60176237a3613942039728.jpg,416,416,4,174,249,193,271
1121_jpg.rf.60a683251a60176237a3613942039728.jpg,416,416,5,208,243,227,264
1121_jpg.rf.60a683251a60176237a3613942039728.jpg,416,416,6,133,221,155,245
1121_jpg.rf.60a683251a60176237a3613942039728.jpg,416,416,7,173,218,193,240
1121_jpg.rf.60a683251a60176237a3613942039728.jpg,416,416,8,209,214,227,234
1121_jpg.rf.60a683251a60176237a3613942039728.jpg,416,416,9,132,187,155,210
1121_jpg.rf.60a683251a60176237a3613942039728.jpg,416,416,10,173,186,194,207
1121_jpg.rf.60a683251a60176237a3613942039728.jpg,416,416,11,209,185,228,205
1121_jpg.rf.60a683251a60176237a3613942039728.jpg,416,416,12,133,152,155,175
1121_jpg.rf.60a683251a60176237a3613942039728.jpg,416,416,13,174,153,193,174
1121_jpg.rf.60a683251a60176237a3613942039728.jpg,416,416,14,210,154,229,173
1121_jpg.rf.60a683251a60176237a3613942039728.jpg,416,416,15,131,116,154,139
922_jpg.rf.632935d6cd02ada33a0ca22acb675792.jpg,416,416,3,158,128,203,163
922_jpg.rf.632935d6cd02ada33a0ca22acb675792.jpg,416,416,4,251,128,295,162
922_jpg.rf.632935d6cd02ada33a0ca22acb675792.jpg,416,416,2,252,189,292,219
922_jpg.rf.632935d6cd02ada33a0ca22acb675792.jpg,416,416,1,160,186,204,221
922_jpg.rf.632935d6cd02ada33a0ca22acb675792.jpg,416,416,L,204,243,248,278
1911_jpg.rf.60e60b83c9646be5232f930143fca7ef.jpg,416,416,18,214,164,234,185
1911_jpg.rf.60e60b83c9646be5232f930143fca7ef.jpg,416,416,19,239,163,259,184
1911_jpg.rf.60e60b83c9646be5232f930143fca7ef.jpg,416,416,17,239,195,259,218
1911_jpg.rf.60e60b83c9646be5232f930143fca7ef.jpg,416,416,16,214,196,234,219
1911_jpg.rf.60e60b83c9646be5232f930143fca7ef.jpg,416,416,14,214,229,234,252
1911_jpg.rf.60e60b83c9646be5232f930143fca7ef.jpg,416,416,15,240,228,260,251
1911_jpg.rf.60e60b83c9646be5232f930143fca7ef.jpg,416,416,11,215,261,235,284
1911_jpg.rf.60e60b83c9646be5232f930143fca7ef.jpg,416,416,12,240,260,260,283
1911_jpg.rf.60e60b83c9646be5232f930143fca7ef.jpg,416,416,10,240,292,260,315
1911_jpg.rf.60e60b83c9646be5232f930143fca7ef.jpg,416,416,9,215,294,235,317
1911_jpg.rf.60e60b83c9646be5232f930143fca7ef.jpg,416,416,7,215,326,235,349
1911_jpg.rf.60e60b83c9646be5232f930143fca7ef.jpg,416,416,8,241,324,261,347
1911_jpg.rf.60e60b83c9646be5232f930143fca7ef.jpg,416,416,6,241,357,261,380
1911_jpg.rf.60e60b83c9646be5232f930143fca7ef.jpg,416,416,5,215,358,235,381
1911_jpg.rf.60e60b83c9646be5232f930143fca7ef.jpg,416,416,3,216,391,236,414
1911_jpg.rf.60e60b83c9646be5232f930143fca7ef.jpg,416,416,4,241,389,261,412
1911_jpg.rf.60e60b83c9646be5232f930143fca7ef.jpg,416,416,20,213,131,233,153
904_jpg.rf.6427f73e3e7908b389ffedf292819f85.jpg,416,416,B,206,201,228,240
904_jpg.rf.6427f73e3e7908b389ffedf292819f85.jpg,416,416,1,203,149,225,188
715_jpg.rf.62c1567bb3d113159d40f1c412db84b8.jpg,416,416,3,197,299,209,309
715_jpg.rf.62c1567bb3d113159d40f1c412db84b8.jpg,416,416,2,197,317,209,326
715_jpg.rf.62c1567bb3d113159d40f1c412db84b8.jpg,416,416,1,197,334,209,344
173_jpg.rf.61fd6fe655bc4d7edee3c3680de7e76e.jpg,416,416,1,170,120,229,179
173_jpg.rf.61fd6fe655bc4d7edee3c3680de7e76e.jpg,416,416,0,164,180,226,242
1219_jpg.rf.61f63cb41d8c2a309049d0bc94e52893.jpg,416,416,1,114,281,151,298
1219_jpg.rf.61f63cb41d8c2a309049d0bc94e52893.jpg,416,416,2,199,281,235,299
1219_jpg.rf.61f63cb41d8c2a309049d0bc94e52893.jpg,416,416,4,282,281,319,298
1219_jpg.rf.61f63cb41d8c2a309049d0bc94e52893.jpg,416,416,5,111,255,149,273
1219_jpg.rf.61f63cb41d8c2a309049d0bc94e52893.jpg,416,416,6,198,254,237,273
1219_jpg.rf.61f63cb41d8c2a309049d0bc94e52893.jpg,416,416,7,284,255,323,274
1219_jpg.rf.61f63cb41d8c2a309049d0bc94e52893.jpg,416,416,18,108,226,149,247
1219_jpg.rf.61f63cb41d8c2a309049d0bc94e52893.jpg,416,416,19,198,226,239,247
1219_jpg.rf.61f63cb41d8c2a309049d0bc94e52893.jpg,416,416,21,288,226,329,247
1219_jpg.rf.61f63cb41d8c2a309049d0bc94e52893.jpg,416,416,22,105,195,148,218
1219_jpg.rf.61f63cb41d8c2a309049d0bc94e52893.jpg,416,416,23,198,195,241,218
1219_jpg.rf.61f63cb41d8c2a309049d0bc94e52893.jpg,416,416,24,290,195,333,218
1219_jpg.rf.61f63cb41d8c2a309049d0bc94e52893.jpg,416,416,25,100,162,146,187
1219_jpg.rf.61f63cb41d8c2a309049d0bc94e52893.jpg,416,416,26,295,162,340,186
002_jpg.rf.6030039cd36aec980316b809d67b4e7e.jpg,416,416,24,47,32,87,69
002_jpg.rf.6030039cd36aec980316b809d67b4e7e.jpg,416,416,21,47,81,87,119
002_jpg.rf.6030039cd36aec980316b809d67b4e7e.jpg,416,416,18,47,130,88,167
002_jpg.rf.6030039cd36aec980316b809d67b4e7e.jpg,416,416,15,47,181,86,218
002_jpg.rf.6030039cd36aec980316b809d67b4e7e.jpg,416,416,17,262,182,304,219
002_jpg.rf.6030039cd36aec980316b809d67b4e7e.jpg,416,416,20,260,130,302,168
002_jpg.rf.6030039cd36aec980316b809d67b4e7e.jpg,416,416,23,260,81,303,118
002_jpg.rf.6030039cd36aec980316b809d67b4e7e.jpg,416,416,25,154,32,193,67
002_jpg.rf.6030039cd36aec980316b809d67b4e7e.jpg,416,416,22,154,80,193,117
002_jpg.rf.6030039cd36aec980316b809d67b4e7e.jpg,416,416,19,152,130,192,164
002_jpg.rf.6030039cd36aec980316b809d67b4e7e.jpg,416,416,16,155,178,194,216
1674_jpg.rf.617303b59fdb0e16fffb6020ac0ab62d.jpg,416,416,B,57,8,179,138
5_jpg.rf.63ad015c81627a0866f9c7f9b992179c.jpg,416,416,6,239,128,261,148
5_jpg.rf.63ad015c81627a0866f9c7f9b992179c.jpg,416,416,5,172,147,195,167
5_jpg.rf.63ad015c81627a0866f9c7f9b992179c.jpg,416,416,4,238,167,260,186
5_jpg.rf.63ad015c81627a0866f9c7f9b992179c.jpg,416,416,3,173,185,194,204
5_jpg.rf.63ad015c81627a0866f9c7f9b992179c.jpg,416,416,2,237,203,261,223
5_jpg.rf.63ad015c81627a0866f9c7f9b992179c.jpg,416,416,1,173,223,195,241
5_jpg.rf.63ad015c81627a0866f9c7f9b992179c.jpg,416,416,M,236,240,260,260
447_jpg.rf.640bfced1048114bbf607beacb1697dc.jpg,416,416,G,195,109,225,160
432_jpg.rf.644a25174ac1a58a8981cbc02f51b57f.jpg,416,416,20,220,320,232,340
432_jpg.rf.644a25174ac1a58a8981cbc02f51b57f.jpg,416,416,19,221,344,233,364
432_jpg.rf.644a25174ac1a58a8981cbc02f51b57f.jpg,416,416,18,221,369,233,389
432_jpg.rf.644a25174ac1a58a8981cbc02f51b57f.jpg,416,416,17,222,395,234,415
432_jpg.rf.644a25174ac1a58a8981cbc02f51b57f.jpg,416,416,11,200,321,212,340
432_jpg.rf.644a25174ac1a58a8981cbc02f51b57f.jpg,416,416,10,200,346,212,365
432_jpg.rf.644a25174ac1a58a8981cbc02f51b57f.jpg,416,416,9,200,370,212,390
432_jpg.rf.644a25174ac1a58a8981cbc02f51b57f.jpg,416,416,8,200,396,212,415
516_jpg.rf.6455c374ec4be7f69ed703047302dacf.jpg,416,416,4,182,291,210,309
516_jpg.rf.6455c374ec4be7f69ed703047302dacf.jpg,416,416,3,182,308,210,326
516_jpg.rf.6455c374ec4be7f69ed703047302dacf.jpg,416,416,2,183,325,211,343
516_jpg.rf.6455c374ec4be7f69ed703047302dacf.jpg,416,416,1,183,341,211,359
1883_jpg.rf.642b35bd1760a94198537f1dc8353b86.jpg,416,416,3,153,146,203,178
1883_jpg.rf.642b35bd1760a94198537f1dc8353b86.jpg,416,416,2,156,182,203,213
1883_jpg.rf.642b35bd1760a94198537f1dc8353b86.jpg,416,416,1,158,218,205,249
1883_jpg.rf.642b35bd1760a94198537f1dc8353b86.jpg,416,416,G,157,255,204,285
1129_jpg.rf.636efafd54d74bb5fc985f999c602d67.jpg,416,416,3,127,95,203,160
1129_jpg.rf.636efafd54d74bb5fc985f999c602d67.jpg,416,416,4,200,95,276,160
1129_jpg.rf.636efafd54d74bb5fc985f999c602d67.jpg,416,416,2,200,153,274,217
1129_jpg.rf.636efafd54d74bb5fc985f999c602d67.jpg,416,416,1,128,152,203,214
862_jpg.rf.6368dddd9e13a942675699f594a27afd.jpg,416,416,4,193,145,206,169
862_jpg.rf.6368dddd9e13a942675699f594a27afd.jpg,416,416,3,193,171,206,194
862_jpg.rf.6368dddd9e13a942675699f594a27afd.jpg,416,416,2,193,197,206,219
862_jpg.rf.6368dddd9e13a942675699f594a27afd.jpg,416,416,1,194,222,206,245
862_jpg.rf.6368dddd9e13a942675699f594a27afd.jpg,416,416,G,194,248,205,270
664_jpg.rf.572d95e8899a3dbf2d59da9c4db2bf06.jpg,416,416,8,162,249,182,263
664_jpg.rf.572d95e8899a3dbf2d59da9c4db2bf06.jpg,416,416,7,160,269,181,283
664_jpg.rf.572d95e8899a3dbf2d59da9c4db2bf06.jpg,416,416,6,180,288,200,302
664_jpg.rf.572d95e8899a3dbf2d59da9c4db2bf06.jpg,416,416,5,179,307,198,321
664_jpg.rf.572d95e8899a3dbf2d59da9c4db2bf06.jpg,416,416,4,179,326,198,340
664_jpg.rf.572d95e8899a3dbf2d59da9c4db2bf06.jpg,416,416,3,178,344,199,358
664_jpg.rf.572d95e8899a3dbf2d59da9c4db2bf06.jpg,416,416,2,178,363,198,376
664_jpg.rf.572d95e8899a3dbf2d59da9c4db2bf06.jpg,416,416,1,178,381,198,394
1393_jpg.rf.906efeba30f1e6fcffd0669f6a07983f.jpg,416,416,6,248,170,258,193
1393_jpg.rf.906efeba30f1e6fcffd0669f6a07983f.jpg,416,416,5,234,172,244,193
1393_jpg.rf.906efeba30f1e6fcffd0669f6a07983f.jpg,416,416,4,249,192,258,215
1393_jpg.rf.906efeba30f1e6fcffd0669f6a07983f.jpg,416,416,3,233,196,244,217
1393_jpg.rf.906efeba30f1e6fcffd0669f6a07983f.jpg,416,416,2,249,216,258,237
1393_jpg.rf.906efeba30f1e6fcffd0669f6a07983f.jpg,416,416,1,234,219,244,241
456_jpg.rf.90a9f6a682e60e77dc15b7651c0fb554.jpg,416,416,2,252,0,342,125
456_jpg.rf.90a9f6a682e60e77dc15b7651c0fb554.jpg,416,416,1,101,0,192,125
456_jpg.rf.90a9f6a682e60e77dc15b7651c0fb554.jpg,416,416,0,232,148,322,270
1308_jpg.rf.91d2637049f26d29046835dcbda40e44.jpg,416,416,R,163,30,191,59
1308_jpg.rf.91d2637049f26d29046835dcbda40e44.jpg,416,416,7,221,75,246,100
1308_jpg.rf.91d2637049f26d29046835dcbda40e44.jpg,416,416,6,109,73,135,100
1308_jpg.rf.91d2637049f26d29046835dcbda40e44.jpg,416,416,5,219,117,246,142
1308_jpg.rf.91d2637049f26d29046835dcbda40e44.jpg,416,416,4,109,116,134,141
1308_jpg.rf.91d2637049f26d29046835dcbda40e44.jpg,416,416,3,220,159,245,183
1308_jpg.rf.91d2637049f26d29046835dcbda40e44.jpg,416,416,2,110,158,133,182
1308_jpg.rf.91d2637049f26d29046835dcbda40e44.jpg,416,416,1,218,198,243,223
1308_jpg.rf.91d2637049f26d29046835dcbda40e44.jpg,416,416,B,110,199,133,222
1308_jpg.rf.91d2637049f26d29046835dcbda40e44.jpg,416,416,U,107,274,136,304
1308_jpg.rf.91d2637049f26d29046835dcbda40e44.jpg,416,416,D,213,274,242,305
248_jpg.rf.9037121bf6be524c9cd1c50022029fd7.jpg,416,416,7,237,152,252,183
248_jpg.rf.9037121bf6be524c9cd1c50022029fd7.jpg,416,416,5,237,189,252,219
248_jpg.rf.9037121bf6be524c9cd1c50022029fd7.jpg,416,416,3,238,224,251,252
248_jpg.rf.9037121bf6be524c9cd1c50022029fd7.jpg,416,416,1,237,257,251,286
248_jpg.rf.9037121bf6be524c9cd1c50022029fd7.jpg,416,416,B,209,249,221,277
248_jpg.rf.9037121bf6be524c9cd1c50022029fd7.jpg,416,416,2,209,217,221,244
248_jpg.rf.9037121bf6be524c9cd1c50022029fd7.jpg,416,416,4,209,183,222,211
248_jpg.rf.9037121bf6be524c9cd1c50022029fd7.jpg,416,416,6,208,148,221,176
248_jpg.rf.9037121bf6be524c9cd1c50022029fd7.jpg,416,416,8,208,113,221,140
248_jpg.rf.9037121bf6be524c9cd1c50022029fd7.jpg,416,416,8,119,103,128,127
1419_jpg.rf.904f951bbc6f8f9a4b1927bf0bf06a43.jpg,416,416,2,162,155,232,207
1419_jpg.rf.904f951bbc6f8f9a4b1927bf0bf06a43.jpg,416,416,1,161,200,230,248
1419_jpg.rf.904f951bbc6f8f9a4b1927bf0bf06a43.jpg,416,416,E,160,241,231,292
384_jpg.rf.91eb6d804a5a13d4bcee8e85853824c7.jpg,416,416,8,277,188,288,206
384_jpg.rf.91eb6d804a5a13d4bcee8e85853824c7.jpg,416,416,7,278,209,288,226
384_jpg.rf.91eb6d804a5a13d4bcee8e85853824c7.jpg,416,416,5,278,229,288,245
384_jpg.rf.91eb6d804a5a13d4bcee8e85853824c7.jpg,416,416,4,278,249,289,266
384_jpg.rf.91eb6d804a5a13d4bcee8e85853824c7.jpg,416,416,3,260,208,270,226
384_jpg.rf.91eb6d804a5a13d4bcee8e85853824c7.jpg,416,416,2,259,229,270,246
384_jpg.rf.91eb6d804a5a13d4bcee8e85853824c7.jpg,416,416,1,260,249,270,266
384_jpg.rf.91eb6d804a5a13d4bcee8e85853824c7.jpg,416,416,G,260,269,271,287
1551_jpg.rf.92a0bb5721e836c6f9262c41508a7636.jpg,416,416,1,168,299,185,313
1551_jpg.rf.92a0bb5721e836c6f9262c41508a7636.jpg,416,416,2,169,277,186,291
1551_jpg.rf.92a0bb5721e836c6f9262c41508a7636.jpg,416,416,3,169,255,186,269
1551_jpg.rf.92a0bb5721e836c6f9262c41508a7636.jpg,416,416,4,169,233,186,247
1551_jpg.rf.92a0bb5721e836c6f9262c41508a7636.jpg,416,416,5,169,212,186,226
1551_jpg.rf.92a0bb5721e836c6f9262c41508a7636.jpg,416,416,6,168,190,185,204
1551_jpg.rf.92a0bb5721e836c6f9262c41508a7636.jpg,416,416,7,169,168,186,183
1551_jpg.rf.92a0bb5721e836c6f9262c41508a7636.jpg,416,416,8,169,147,186,161
1551_jpg.rf.92a0bb5721e836c6f9262c41508a7636.jpg,416,416,9,168,125,185,139
1305_jpg.rf.9326e5bc6f03b4fbc8fa2e25decb58e6.jpg,416,416,3,136,76,170,117
1305_jpg.rf.9326e5bc6f03b4fbc8fa2e25decb58e6.jpg,416,416,2,138,124,170,161
1305_jpg.rf.9326e5bc6f03b4fbc8fa2e25decb58e6.jpg,416,416,1,141,164,172,204
1762_jpg.rf.91d38352ad83b10ae1dcb882fbf8be0b.jpg,416,416,5,193,91,222,114
1762_jpg.rf.91d38352ad83b10ae1dcb882fbf8be0b.jpg,416,416,4,192,115,220,137
1762_jpg.rf.91d38352ad83b10ae1dcb882fbf8be0b.jpg,416,416,3,190,139,218,160
1762_jpg.rf.91d38352ad83b10ae1dcb882fbf8be0b.jpg,416,416,2,189,160,217,181
1762_jpg.rf.91d38352ad83b10ae1dcb882fbf8be0b.jpg,416,416,1,188,182,214,202
1762_jpg.rf.91d38352ad83b10ae1dcb882fbf8be0b.jpg,416,416,U,184,244,209,263
41_jpg.rf.91ebb1afb412b8b5e1c6f19e3faa2300.jpg,416,416,7,237,7,319,94
41_jpg.rf.91ebb1afb412b8b5e1c6f19e3faa2300.jpg,416,416,6,237,115,316,194
41_jpg.rf.91ebb1afb412b8b5e1c6f19e3faa2300.jpg,416,416,5,238,209,309,278
41_jpg.rf.91ebb1afb412b8b5e1c6f19e3faa2300.jpg,416,416,4,23,12,116,102
41_jpg.rf.91ebb1afb412b8b5e1c6f19e3faa2300.jpg,416,416,3,36,122,126,204
41_jpg.rf.91ebb1afb412b8b5e1c6f19e3faa2300.jpg,416,416,2,49,217,130,293
41_jpg.rf.91ebb1afb412b8b5e1c6f19e3faa2300.jpg,416,416,1,134,10,218,98
41_jpg.rf.91ebb1afb412b8b5e1c6f19e3faa2300.jpg,416,416,s,141,119,221,198
41_jpg.rf.91ebb1afb412b8b5e1c6f19e3faa2300.jpg,416,416,0,145,212,225,290
528_jpg.rf.914ceaf87298705315369fbcd82d8c7c.jpg,416,416,1,156,182,181,199
528_jpg.rf.914ceaf87298705315369fbcd82d8c7c.jpg,416,416,2,182,182,207,199
528_jpg.rf.914ceaf87298705315369fbcd82d8c7c.jpg,416,416,3,209,183,235,200
528_jpg.rf.914ceaf87298705315369fbcd82d8c7c.jpg,416,416,4,156,203,180,219
528_jpg.rf.914ceaf87298705315369fbcd82d8c7c.jpg,416,416,5,183,204,206,219
528_jpg.rf.914ceaf87298705315369fbcd82d8c7c.jpg,416,416,6,208,204,233,220
528_jpg.rf.914ceaf87298705315369fbcd82d8c7c.jpg,416,416,7,155,223,180,239
528_jpg.rf.914ceaf87298705315369fbcd82d8c7c.jpg,416,416,8,182,223,206,240
528_jpg.rf.914ceaf87298705315369fbcd82d8c7c.jpg,416,416,9,207,224,232,240
528_jpg.rf.914ceaf87298705315369fbcd82d8c7c.jpg,416,416,0,180,243,205,259
528_jpg.rf.914ceaf87298705315369fbcd82d8c7c.jpg,416,416,-,207,243,231,260
289_jpg.rf.90963c0e5b944d9f78bbad2d2607231d.jpg,416,416,4,171,397,182,415
289_jpg.rf.90963c0e5b944d9f78bbad2d2607231d.jpg,416,416,12,185,395,195,415
289_jpg.rf.90963c0e5b944d9f78bbad2d2607231d.jpg,416,416,5,171,376,181,397
289_jpg.rf.90963c0e5b944d9f78bbad2d2607231d.jpg,416,416,6,171,355,181,376
289_jpg.rf.90963c0e5b944d9f78bbad2d2607231d.jpg,416,416,7,170,336,181,356
289_jpg.rf.90963c0e5b944d9f78bbad2d2607231d.jpg,416,416,8,170,316,181,336
289_jpg.rf.90963c0e5b944d9f78bbad2d2607231d.jpg,416,416,16,184,316,194,335
289_jpg.rf.90963c0e5b944d9f78bbad2d2607231d.jpg,416,416,15,184,335,194,356
289_jpg.rf.90963c0e5b944d9f78bbad2d2607231d.jpg,416,416,14,185,356,195,375
1919_jpg.rf.93838e66e4c7f6b817fd911af5cf219c.jpg,416,416,32,210,79,221,100
1919_jpg.rf.93838e66e4c7f6b817fd911af5cf219c.jpg,416,416,33,223,78,235,100
1919_jpg.rf.93838e66e4c7f6b817fd911af5cf219c.jpg,416,416,29,210,103,222,125
1919_jpg.rf.93838e66e4c7f6b817fd911af5cf219c.jpg,416,416,30,224,101,237,126
1919_jpg.rf.93838e66e4c7f6b817fd911af5cf219c.jpg,416,416,31,238,100,251,124
1919_jpg.rf.93838e66e4c7f6b817fd911af5cf219c.jpg,416,416,L,232,126,251,150
940_jpg.rf.940c4b7e2e842316c6951101ea311233.jpg,416,416,19,134,61,154,100
940_jpg.rf.940c4b7e2e842316c6951101ea311233.jpg,416,416,16,136,109,156,148
940_jpg.rf.940c4b7e2e842316c6951101ea311233.jpg,416,416,20,165,60,185,99
940_jpg.rf.940c4b7e2e842316c6951101ea311233.jpg,416,416,17,167,109,186,146
940_jpg.rf.940c4b7e2e842316c6951101ea311233.jpg,416,416,18,197,108,217,145
940_jpg.rf.940c4b7e2e842316c6951101ea311233.jpg,416,416,13,138,154,157,190
940_jpg.rf.940c4b7e2e842316c6951101ea311233.jpg,416,416,14,168,154,187,191
940_jpg.rf.940c4b7e2e842316c6951101ea311233.jpg,416,416,15,198,155,217,192
940_jpg.rf.940c4b7e2e842316c6951101ea311233.jpg,416,416,10,140,199,158,234
940_jpg.rf.940c4b7e2e842316c6951101ea311233.jpg,416,416,11,169,199,188,233
940_jpg.rf.940c4b7e2e842316c6951101ea311233.jpg,416,416,12,199,199,218,233
940_jpg.rf.940c4b7e2e842316c6951101ea311233.jpg,416,416,7,142,241,161,275
940_jpg.rf.940c4b7e2e842316c6951101ea311233.jpg,416,416,8,170,241,189,275
940_jpg.rf.940c4b7e2e842316c6951101ea311233.jpg,416,416,1,143,281,162,315
934_jpg.rf.9132daa8092ed40698b44c2dbee63ace.jpg,416,416,8,159,160,214,204
934_jpg.rf.9132daa8092ed40698b44c2dbee63ace.jpg,416,416,9,214,147,264,188
934_jpg.rf.9132daa8092ed40698b44c2dbee63ace.jpg,416,416,6,161,205,215,247
934_jpg.rf.9132daa8092ed40698b44c2dbee63ace.jpg,416,416,7,214,190,266,233
934_jpg.rf.9132daa8092ed40698b44c2dbee63ace.jpg,416,416,4,164,250,215,289
934_jpg.rf.9132daa8092ed40698b44c2dbee63ace.jpg,416,416,5,217,239,267,277
934_jpg.rf.9132daa8092ed40698b44c2dbee63ace.jpg,416,416,2,167,294,216,335
934_jpg.rf.9132daa8092ed40698b44c2dbee63ace.jpg,416,416,3,219,282,268,321
934_jpg.rf.9132daa8092ed40698b44c2dbee63ace.jpg,416,416,M,168,337,218,379
934_jpg.rf.9132daa8092ed40698b44c2dbee63ace.jpg,416,416,1,222,320,271,360
934_jpg.rf.9132daa8092ed40698b44c2dbee63ace.jpg,416,416,L,170,378,220,416
934_jpg.rf.9132daa8092ed40698b44c2dbee63ace.jpg,416,416,E,223,360,273,400
723_jpg.rf.93da6678f84bae146038123148c42a45.jpg,416,416,4,87,59,164,102
723_jpg.rf.93da6678f84bae146038123148c42a45.jpg,416,416,3,233,118,310,161
723_jpg.rf.93da6678f84bae146038123148c42a45.jpg,416,416,2,81,116,160,161
723_jpg.rf.93da6678f84bae146038123148c42a45.jpg,416,416,1,226,178,306,223
723_jpg.rf.93da6678f84bae146038123148c42a45.jpg,416,416,G,74,176,152,219
723_jpg.rf.93da6678f84bae146038123148c42a45.jpg,416,416,B,66,237,149,284
1341_jpg.rf.9311c239dc5506cc2426d4d034cb40c0.jpg,416,416,8,242,62,289,123
1341_jpg.rf.9311c239dc5506cc2426d4d034cb40c0.jpg,416,416,7,159,75,207,135
1341_jpg.rf.9311c239dc5506cc2426d4d034cb40c0.jpg,416,416,6,244,130,287,184
1341_jpg.rf.9311c239dc5506cc2426d4d034cb40c0.jpg,416,416,5,166,142,211,194
1341_jpg.rf.9311c239dc5506cc2426d4d034cb40c0.jpg,416,416,4,245,188,284,237
1341_jpg.rf.9311c239dc5506cc2426d4d034cb40c0.jpg,416,416,3,173,201,214,247
1341_jpg.rf.9311c239dc5506cc2426d4d034cb40c0.jpg,416,416,2,244,239,284,285
1341_jpg.rf.9311c239dc5506cc2426d4d034cb40c0.jpg,416,416,1,177,251,219,294
1661_jpg.rf.93464fe2a6b3872fadfa2e015c5ce6be.jpg,416,416,1,184,153,213,173
1661_jpg.rf.93464fe2a6b3872fadfa2e015c5ce6be.jpg,416,416,2,214,152,245,173
1661_jpg.rf.93464fe2a6b3872fadfa2e015c5ce6be.jpg,416,416,3,244,152,275,173
1661_jpg.rf.93464fe2a6b3872fadfa2e015c5ce6be.jpg,416,416,4,183,176,214,195
1661_jpg.rf.93464fe2a6b3872fadfa2e015c5ce6be.jpg,416,416,5,214,175,243,195
1661_jpg.rf.93464fe2a6b3872fadfa2e015c5ce6be.jpg,416,416,6,244,175,274,195
1661_jpg.rf.93464fe2a6b3872fadfa2e015c5ce6be.jpg,416,416,7,185,197,214,217
1661_jpg.rf.93464fe2a6b3872fadfa2e015c5ce6be.jpg,416,416,8,214,197,242,216
1661_jpg.rf.93464fe2a6b3872fadfa2e015c5ce6be.jpg,416,416,9,241,197,271,216
1661_jpg.rf.93464fe2a6b3872fadfa2e015c5ce6be.jpg,416,416,s,183,218,214,237
1661_jpg.rf.93464fe2a6b3872fadfa2e015c5ce6be.jpg,416,416,0,214,217,241,236
1661_jpg.rf.93464fe2a6b3872fadfa2e015c5ce6be.jpg,416,416,-,243,216,270,236
817_jpg.rf.94b4dfebe605ba3be765909f14e5c385.jpg,416,416,6,279,103,304,128
817_jpg.rf.94b4dfebe605ba3be765909f14e5c385.jpg,416,416,5,326,131,350,153
817_jpg.rf.94b4dfebe605ba3be765909f14e5c385.jpg,416,416,B,278,162,303,184
817_jpg.rf.94b4dfebe605ba3be765909f14e5c385.jpg,416,416,1,326,159,347,180
935_jpg.rf.93d8bcf800e1b66d36cfc12a4585d3a2.jpg,416,416,12,92,0,212,167
935_jpg.rf.93d8bcf800e1b66d36cfc12a4585d3a2.jpg,416,416,9,86,197,206,365
439_jpg.rf.9551ac18c2d10124a132e0a46db617b8.jpg,416,416,4,177,107,198,145
439_jpg.rf.9551ac18c2d10124a132e0a46db617b8.jpg,416,416,3,177,148,198,182
439_jpg.rf.9551ac18c2d10124a132e0a46db617b8.jpg,416,416,2,179,187,199,221
240_jpg.rf.9352e1ebb02fca2d034a183f80153848.jpg,416,416,6,125,184,153,202
240_jpg.rf.9352e1ebb02fca2d034a183f80153848.jpg,416,416,5,127,204,154,222
240_jpg.rf.9352e1ebb02fca2d034a183f80153848.jpg,416,416,4,129,224,155,241
240_jpg.rf.9352e1ebb02fca2d034a183f80153848.jpg,416,416,3,130,243,157,260
240_jpg.rf.9352e1ebb02fca2d034a183f80153848.jpg,416,416,2,132,261,158,277
240_jpg.rf.9352e1ebb02fca2d034a183f80153848.jpg,416,416,1,134,279,158,294
240_jpg.rf.9352e1ebb02fca2d034a183f80153848.jpg,416,416,G,136,296,160,311
240_jpg.rf.9352e1ebb02fca2d034a183f80153848.jpg,416,416,7,177,293,200,308
240_jpg.rf.9352e1ebb02fca2d034a183f80153848.jpg,416,416,8,177,277,200,292
240_jpg.rf.9352e1ebb02fca2d034a183f80153848.jpg,416,416,9,177,259,201,275
240_jpg.rf.9352e1ebb02fca2d034a183f80153848.jpg,416,416,10,176,242,200,258
240_jpg.rf.9352e1ebb02fca2d034a183f80153848.jpg,416,416,11,175,224,200,240
240_jpg.rf.9352e1ebb02fca2d034a183f80153848.jpg,416,416,12,175,204,200,221
240_jpg.rf.9352e1ebb02fca2d034a183f80153848.jpg,416,416,13,174,183,200,201
240_jpg.rf.9352e1ebb02fca2d034a183f80153848.jpg,416,416,19,220,183,246,201
240_jpg.rf.9352e1ebb02fca2d034a183f80153848.jpg,416,416,18,220,203,245,219
240_jpg.rf.9352e1ebb02fca2d034a183f80153848.jpg,416,416,17,219,222,244,238
240_jpg.rf.9352e1ebb02fca2d034a183f80153848.jpg,416,416,16,219,240,243,256
240_jpg.rf.9352e1ebb02fca2d034a183f80153848.jpg,416,416,15,219,259,243,273
240_jpg.rf.9352e1ebb02fca2d034a183f80153848.jpg,416,416,14,218,276,242,290
240_jpg.rf.9352e1ebb02fca2d034a183f80153848.jpg,416,416,24,265,202,291,218
240_jpg.rf.9352e1ebb02fca2d034a183f80153848.jpg,416,416,23,263,221,289,237
240_jpg.rf.9352e1ebb02fca2d034a183f80153848.jpg,416,416,22,262,240,286,255
240_jpg.rf.9352e1ebb02fca2d034a183f80153848.jpg,416,416,21,261,258,285,273
240_jpg.rf.9352e1ebb02fca2d034a183f80153848.jpg,416,416,20,260,275,283,289
1802_jpg.rf.94e7bbf95154cecaeb7a4cec3a6a03b7.jpg,416,416,5,286,69,302,99
1802_jpg.rf.94e7bbf95154cecaeb7a4cec3a6a03b7.jpg,416,416,5,302,71,315,97
1802_jpg.rf.94e7bbf95154cecaeb7a4cec3a6a03b7.jpg,416,416,4,302,103,315,129
1802_jpg.rf.94e7bbf95154cecaeb7a4cec3a6a03b7.jpg,416,416,3,302,137,314,161
1802_jpg.rf.94e7bbf95154cecaeb7a4cec3a6a03b7.jpg,416,416,2,302,169,314,191
1802_jpg.rf.94e7bbf95154cecaeb7a4cec3a6a03b7.jpg,416,416,1,301,202,313,224
1802_jpg.rf.94e7bbf95154cecaeb7a4cec3a6a03b7.jpg,416,416,B,245,207,257,229
1566_jpg.rf.95e9d97a134ff7ab2a0343b733cd90a8.jpg,416,416,8,182,202,205,221
1566_jpg.rf.95e9d97a134ff7ab2a0343b733cd90a8.jpg,416,416,6,182,220,206,239
1566_jpg.rf.95e9d97a134ff7ab2a0343b733cd90a8.jpg,416,416,4,183,238,206,256
1566_jpg.rf.95e9d97a134ff7ab2a0343b733cd90a8.jpg,416,416,2,184,256,208,273
1566_jpg.rf.95e9d97a134ff7ab2a0343b733cd90a8.jpg,416,416,B,184,273,208,290
1566_jpg.rf.95e9d97a134ff7ab2a0343b733cd90a8.jpg,416,416,9,225,201,250,219
1566_jpg.rf.95e9d97a134ff7ab2a0343b733cd90a8.jpg,416,416,7,226,220,251,238
1566_jpg.rf.95e9d97a134ff7ab2a0343b733cd90a8.jpg,416,416,5,226,238,250,256
1566_jpg.rf.95e9d97a134ff7ab2a0343b733cd90a8.jpg,416,416,3,227,256,251,272
1566_jpg.rf.95e9d97a134ff7ab2a0343b733cd90a8.jpg,416,416,1,227,272,251,289
726_jpg.rf.96061d8e16dc491bc2bf1ca67f9b7dce.jpg,416,416,14,238,180,257,193
726_jpg.rf.96061d8e16dc491bc2bf1ca67f9b7dce.jpg,416,416,13,238,195,256,208
726_jpg.rf.96061d8e16dc491bc2bf1ca67f9b7dce.jpg,416,416,12,238,209,256,221
726_jpg.rf.96061d8e16dc491bc2bf1ca67f9b7dce.jpg,416,416,11,238,222,256,235
726_jpg.rf.96061d8e16dc491bc2bf1ca67f9b7dce.jpg,416,416,10,238,237,256,249
726_jpg.rf.96061d8e16dc491bc2bf1ca67f9b7dce.jpg,416,416,1,268,237,284,250
1869_jpg.rf.9569fd4d665b289f009f39bbb4b4818a.jpg,416,416,6,199,133,236,190
1869_jpg.rf.9569fd4d665b289f009f39bbb4b4818a.jpg,416,416,7,233,133,269,189
1869_jpg.rf.9569fd4d665b289f009f39bbb4b4818a.jpg,416,416,4,200,188,236,244
1869_jpg.rf.9569fd4d665b289f009f39bbb4b4818a.jpg,416,416,5,234,187,268,240
1869_jpg.rf.9569fd4d665b289f009f39bbb4b4818a.jpg,416,416,2,200,241,236,295
1869_jpg.rf.9569fd4d665b289f009f39bbb4b4818a.jpg,416,416,3,233,237,267,288
1869_jpg.rf.9569fd4d665b289f009f39bbb4b4818a.jpg,416,416,0,201,292,236,343
1869_jpg.rf.9569fd4d665b289f009f39bbb4b4818a.jpg,416,416,1,233,285,268,336
1489_jpg.rf.9757a4f8ae390a290ba23c77ac35ad3a.jpg,416,416,5,237,268,248,284
1489_jpg.rf.9757a4f8ae390a290ba23c77ac35ad3a.jpg,416,416,4,238,286,248,300
1489_jpg.rf.9757a4f8ae390a290ba23c77ac35ad3a.jpg,416,416,3,238,303,248,317
1489_jpg.rf.9757a4f8ae390a290ba23c77ac35ad3a.jpg,416,416,2,238,322,248,335
1489_jpg.rf.9757a4f8ae390a290ba23c77ac35ad3a.jpg,416,416,1,239,340,249,354
1489_jpg.rf.9757a4f8ae390a290ba23c77ac35ad3a.jpg,416,416,G,239,358,249,372
1489_jpg.rf.9757a4f8ae390a290ba23c77ac35ad3a.jpg,416,416,6,250,340,260,353
1489_jpg.rf.9757a4f8ae390a290ba23c77ac35ad3a.jpg,416,416,7,250,322,260,335
1489_jpg.rf.9757a4f8ae390a290ba23c77ac35ad3a.jpg,416,416,8,250,304,260,318
1489_jpg.rf.9757a4f8ae390a290ba23c77ac35ad3a.jpg,416,416,9,249,285,260,300
1489_jpg.rf.9757a4f8ae390a290ba23c77ac35ad3a.jpg,416,416,10,249,268,260,283
1470_jpg.rf.95946e6d2669228f579705031baeeb2b.jpg,416,416,5,210,131,244,152
1470_jpg.rf.95946e6d2669228f579705031baeeb2b.jpg,416,416,3,209,161,244,182
1470_jpg.rf.95946e6d2669228f579705031baeeb2b.jpg,416,416,2,210,191,243,211
1470_jpg.rf.95946e6d2669228f579705031baeeb2b.jpg,416,416,1,209,219,242,239
1470_jpg.rf.95946e6d2669228f579705031baeeb2b.jpg,416,416,B,210,247,240,265
1777_jpg.rf.95ff7ae5496384c308a421dbd4964997.jpg,416,416,1,214,112,231,145
183_jpg.rf.96a2c5f6ed6f65379866181fcace5bcb.jpg,416,416,9,217,231,234,245
183_jpg.rf.96a2c5f6ed6f65379866181fcace5bcb.jpg,416,416,8,218,245,235,259
183_jpg.rf.96a2c5f6ed6f65379866181fcace5bcb.jpg,416,416,7,218,260,236,273
183_jpg.rf.96a2c5f6ed6f65379866181fcace5bcb.jpg,416,416,6,220,274,236,287
183_jpg.rf.96a2c5f6ed6f65379866181fcace5bcb.jpg,416,416,5,220,287,236,301
183_jpg.rf.96a2c5f6ed6f65379866181fcace5bcb.jpg,416,416,4,221,302,238,316
183_jpg.rf.96a2c5f6ed6f65379866181fcace5bcb.jpg,416,416,3,222,316,239,329
183_jpg.rf.96a2c5f6ed6f65379866181fcace5bcb.jpg,416,416,2,221,329,239,344
183_jpg.rf.96a2c5f6ed6f65379866181fcace5bcb.jpg,416,416,1,222,344,240,358
1424_jpg.rf.993b2cd7b42237305537f2d81aab52e9.jpg,416,416,35,184,358,195,369
1424_jpg.rf.993b2cd7b42237305537f2d81aab52e9.jpg,416,416,29,142,350,154,361
1424_jpg.rf.993b2cd7b42237305537f2d81aab52e9.jpg,416,416,30,142,334,155,345
1424_jpg.rf.993b2cd7b42237305537f2d81aab52e9.jpg,416,416,31,143,317,155,328
1424_jpg.rf.993b2cd7b42237305537f2d81aab52e9.jpg,416,416,34,164,315,175,325
1424_jpg.rf.993b2cd7b42237305537f2d81aab52e9.jpg,416,416,33,164,330,176,341
1424_jpg.rf.993b2cd7b42237305537f2d81aab52e9.jpg,416,416,32,163,346,175,356
1424_jpg.rf.993b2cd7b42237305537f2d81aab52e9.jpg,416,416,36,184,343,195,353
1424_jpg.rf.993b2cd7b42237305537f2d81aab52e9.jpg,416,416,37,184,327,195,338
1424_jpg.rf.993b2cd7b42237305537f2d81aab52e9.jpg,416,416,38,184,313,195,323
1208_jpg.rf.99cf575680818118b24e4605ca1baa81.jpg,416,416,2,103,164,204,206
1208_jpg.rf.99cf575680818118b24e4605ca1baa81.jpg,416,416,1,226,214,316,251
1208_jpg.rf.99cf575680818118b24e4605ca1baa81.jpg,416,416,0,109,219,204,255
1491_jpg.rf.98bd9a72e5846f7c705650dd3f37a7e7.jpg,416,416,5,190,184,219,205
1491_jpg.rf.98bd9a72e5846f7c705650dd3f37a7e7.jpg,416,416,3,174,208,203,229
1491_jpg.rf.98bd9a72e5846f7c705650dd3f37a7e7.jpg,416,416,4,206,208,235,227
1491_jpg.rf.98bd9a72e5846f7c705650dd3f37a7e7.jpg,416,416,2,206,232,234,250
445_jpg.rf.99896a2451445bea8176037c32e540e6.jpg,416,416,2,173,239,192,255
445_jpg.rf.99896a2451445bea8176037c32e540e6.jpg,416,416,1,173,259,190,274
227_jpg.rf.99feb991016d8cdae377259305084c69.jpg,416,416,9,208,30,248,106
227_jpg.rf.99feb991016d8cdae377259305084c69.jpg,416,416,7,208,112,246,178
227_jpg.rf.99feb991016d8cdae377259305084c69.jpg,416,416,8,274,104,307,171
227_jpg.rf.99feb991016d8cdae377259305084c69.jpg,416,416,5,208,185,244,245
227_jpg.rf.99feb991016d8cdae377259305084c69.jpg,416,416,6,270,174,303,233
227_jpg.rf.99feb991016d8cdae377259305084c69.jpg,416,416,3,209,252,243,304
227_jpg.rf.99feb991016d8cdae377259305084c69.jpg,416,416,4,267,238,298,293
227_jpg.rf.99feb991016d8cdae377259305084c69.jpg,416,416,1,207,307,243,363
227_jpg.rf.99feb991016d8cdae377259305084c69.jpg,416,416,2,265,296,294,344
1618_jpg.rf.981fed721784f0e8bd4d25de8dce6b0e.jpg,416,416,4,162,5,238,84
1618_jpg.rf.981fed721784f0e8bd4d25de8dce6b0e.jpg,416,416,3,161,86,236,161
1618_jpg.rf.981fed721784f0e8bd4d25de8dce6b0e.jpg,416,416,1,159,165,231,235
007_jpg.rf.99c5293a8a5526135fa0d59e670733b5.jpg,416,416,6,92,38,154,75
007_jpg.rf.99c5293a8a5526135fa0d59e670733b5.jpg,416,416,5,91,72,154,115
007_jpg.rf.99c5293a8a5526135fa0d59e670733b5.jpg,416,416,4,92,112,155,151
007_jpg.rf.99c5293a8a5526135fa0d59e670733b5.jpg,416,416,3,92,176,155,213
007_jpg.rf.99c5293a8a5526135fa0d59e670733b5.jpg,416,416,2,92,210,153,247
007_jpg.rf.99c5293a8a5526135fa0d59e670733b5.jpg,416,416,B,160,293,225,331
2077_jpg.rf.99b93c02be425b758e03443a91d1132f.jpg,416,416,10,106,168,135,190
2077_jpg.rf.99b93c02be425b758e03443a91d1132f.jpg,416,416,11,192,167,222,188
2077_jpg.rf.99b93c02be425b758e03443a91d1132f.jpg,416,416,7,112,197,140,216
2077_jpg.rf.99b93c02be425b758e03443a91d1132f.jpg,416,416,8,193,196,221,215
2077_jpg.rf.99b93c02be425b758e03443a91d1132f.jpg,416,416,9,276,195,304,214
2077_jpg.rf.99b93c02be425b758e03443a91d1132f.jpg,416,416,4,116,223,144,241
2077_jpg.rf.99b93c02be425b758e03443a91d1132f.jpg,416,416,5,195,222,221,239
2077_jpg.rf.99b93c02be425b758e03443a91d1132f.jpg,416,416,6,273,221,300,238
2077_jpg.rf.99b93c02be425b758e03443a91d1132f.jpg,416,416,1,121,247,147,262
2077_jpg.rf.99b93c02be425b758e03443a91d1132f.jpg,416,416,2,196,246,221,262
2077_jpg.rf.99b93c02be425b758e03443a91d1132f.jpg,416,416,3,272,245,297,261
2077_jpg.rf.99b93c02be425b758e03443a91d1132f.jpg,416,416,G,269,267,295,282
2077_jpg.rf.99b93c02be425b758e03443a91d1132f.jpg,416,416,s,246,268,268,282
2000_jpg.rf.9a3fe86a820a5e5f29d50972e954a333.jpg,416,416,69,210,278,219,294
2000_jpg.rf.9a3fe86a820a5e5f29d50972e954a333.jpg,416,416,68,220,278,229,294
2000_jpg.rf.9a3fe86a820a5e5f29d50972e954a333.jpg,416,416,67,211,295,220,311
2000_jpg.rf.9a3fe86a820a5e5f29d50972e954a333.jpg,416,416,66,220,295,229,311
2000_jpg.rf.9a3fe86a820a5e5f29d50972e954a333.jpg,416,416,65,211,313,220,329
2000_jpg.rf.9a3fe86a820a5e5f29d50972e954a333.jpg,416,416,63,220,312,229,328
2000_jpg.rf.9a3fe86a820a5e5f29d50972e954a333.jpg,416,416,62,211,330,220,346
2000_jpg.rf.9a3fe86a820a5e5f29d50972e954a333.jpg,416,416,61,221,330,230,346
2000_jpg.rf.9a3fe86a820a5e5f29d50972e954a333.jpg,416,416,60,212,347,221,363
2000_jpg.rf.9a3fe86a820a5e5f29d50972e954a333.jpg,416,416,59,221,346,230,362
2000_jpg.rf.9a3fe86a820a5e5f29d50972e954a333.jpg,416,416,58,212,364,221,380
2000_jpg.rf.9a3fe86a820a5e5f29d50972e954a333.jpg,416,416,57,221,364,230,380
2000_jpg.rf.9a3fe86a820a5e5f29d50972e954a333.jpg,416,416,56,212,381,221,397
2000_jpg.rf.9a3fe86a820a5e5f29d50972e954a333.jpg,416,416,55,222,381,231,397
2000_jpg.rf.9a3fe86a820a5e5f29d50972e954a333.jpg,416,416,53,212,398,221,414
2000_jpg.rf.9a3fe86a820a5e5f29d50972e954a333.jpg,416,416,52,222,398,231,414
1035_jpg.rf.9d05900a78a91e8f9eaf0c34fea0f40b.jpg,416,416,1,196,328,213,360
1035_jpg.rf.9d05900a78a91e8f9eaf0c34fea0f40b.jpg,416,416,G,196,363,212,394
1035_jpg.rf.9d05900a78a91e8f9eaf0c34fea0f40b.jpg,416,416,12,222,125,237,155
1035_jpg.rf.9d05900a78a91e8f9eaf0c34fea0f40b.jpg,416,416,6,195,157,212,186
1035_jpg.rf.9d05900a78a91e8f9eaf0c34fea0f40b.jpg,416,416,11,221,158,237,188
1035_jpg.rf.9d05900a78a91e8f9eaf0c34fea0f40b.jpg,416,416,5,195,192,212,220
1035_jpg.rf.9d05900a78a91e8f9eaf0c34fea0f40b.jpg,416,416,10,221,192,238,219
1035_jpg.rf.9d05900a78a91e8f9eaf0c34fea0f40b.jpg,416,416,4,195,225,213,254
1035_jpg.rf.9d05900a78a91e8f9eaf0c34fea0f40b.jpg,416,416,9,221,225,238,253
1035_jpg.rf.9d05900a78a91e8f9eaf0c34fea0f40b.jpg,416,416,3,195,260,212,290
1035_jpg.rf.9d05900a78a91e8f9eaf0c34fea0f40b.jpg,416,416,8,222,258,239,286
1035_jpg.rf.9d05900a78a91e8f9eaf0c34fea0f40b.jpg,416,416,2,195,294,212,325
1035_jpg.rf.9d05900a78a91e8f9eaf0c34fea0f40b.jpg,416,416,7,221,292,239,321
354_jpg.rf.9a55fe28af76324a39bcff71a61bfcf2.jpg,416,416,26,215,228,241,249
354_jpg.rf.9a55fe28af76324a39bcff71a61bfcf2.jpg,416,416,25,167,231,194,254
354_jpg.rf.9a55fe28af76324a39bcff71a61bfcf2.jpg,416,416,24,216,252,242,273
354_jpg.rf.9a55fe28af76324a39bcff71a61bfcf2.jpg,416,416,23,168,256,196,280
354_jpg.rf.9a55fe28af76324a39bcff71a61bfcf2.jpg,416,416,22,215,275,240,297
354_jpg.rf.9a55fe28af76324a39bcff71a61bfcf2.jpg,416,416,21,168,282,196,304
354_jpg.rf.9a55fe28af76324a39bcff71a61bfcf2.jpg,416,416,20,216,300,241,321
354_jpg.rf.9a55fe28af76324a39bcff71a61bfcf2.jpg,416,416,19,170,307,197,329
354_jpg.rf.9a55fe28af76324a39bcff71a61bfcf2.jpg,416,416,18,217,323,241,344
354_jpg.rf.9a55fe28af76324a39bcff71a61bfcf2.jpg,416,416,17,171,332,197,354
354_jpg.rf.9a55fe28af76324a39bcff71a61bfcf2.jpg,416,416,1,170,355,196,377
64_jpg.rf.9e77e4c4dcad233d3405af3300b91bfb.jpg,416,416,5,144,208,166,244
64_jpg.rf.9e77e4c4dcad233d3405af3300b91bfb.jpg,416,416,4,145,246,167,283
64_jpg.rf.9e77e4c4dcad233d3405af3300b91bfb.jpg,416,416,3,145,288,168,323
64_jpg.rf.9e77e4c4dcad233d3405af3300b91bfb.jpg,416,416,2,102,213,127,247
64_jpg.rf.9e77e4c4dcad233d3405af3300b91bfb.jpg,416,416,M,102,251,127,288
64_jpg.rf.9e77e4c4dcad233d3405af3300b91bfb.jpg,416,416,1,102,288,128,331
64_jpg.rf.9e77e4c4dcad233d3405af3300b91bfb.jpg,416,416,B,102,333,129,372
2032_jpg.rf.9e3fea357180a6ea7bd6dc543d72d208.jpg,416,416,5,207,125,217,144
2032_jpg.rf.9e3fea357180a6ea7bd6dc543d72d208.jpg,416,416,4,207,151,217,169
2032_jpg.rf.9e3fea357180a6ea7bd6dc543d72d208.jpg,416,416,3,208,177,218,195
2032_jpg.rf.9e3fea357180a6ea7bd6dc543d72d208.jpg,416,416,2,208,204,218,222
2032_jpg.rf.9e3fea357180a6ea7bd6dc543d72d208.jpg,416,416,1,208,230,218,248
2026_jpg.rf.9d6bfe748cad7c3afefe17d1874c0e19.jpg,416,416,1,153,75,223,171
1804_jpg.rf.9c8669233d60ebe78171b86d4d7ebe0d.jpg,416,416,4,161,152,208,181
1804_jpg.rf.9c8669233d60ebe78171b86d4d7ebe0d.jpg,416,416,3,160,188,207,217
1804_jpg.rf.9c8669233d60ebe78171b86d4d7ebe0d.jpg,416,416,2,160,224,207,252
1804_jpg.rf.9c8669233d60ebe78171b86d4d7ebe0d.jpg,416,416,1,162,259,207,286
1804_jpg.rf.9c8669233d60ebe78171b86d4d7ebe0d.jpg,416,416,G,163,293,207,319
1259_jpg.rf.9ca728718af08a51848d994b45b85620.jpg,416,416,22,193,207,205,219
1259_jpg.rf.9ca728718af08a51848d994b45b85620.jpg,416,416,21,193,219,205,231
1259_jpg.rf.9ca728718af08a51848d994b45b85620.jpg,416,416,20,193,231,205,244
1259_jpg.rf.9ca728718af08a51848d994b45b85620.jpg,416,416,19,193,244,205,256
1259_jpg.rf.9ca728718af08a51848d994b45b85620.jpg,416,416,18,193,256,205,268
1259_jpg.rf.9ca728718af08a51848d994b45b85620.jpg,416,416,17,193,268,205,280
1259_jpg.rf.9ca728718af08a51848d994b45b85620.jpg,416,416,16,193,280,205,293
1259_jpg.rf.9ca728718af08a51848d994b45b85620.jpg,416,416,15,193,293,205,305
1259_jpg.rf.9ca728718af08a51848d994b45b85620.jpg,416,416,14,193,305,206,317
1259_jpg.rf.9ca728718af08a51848d994b45b85620.jpg,416,416,13,193,317,206,330
1259_jpg.rf.9ca728718af08a51848d994b45b85620.jpg,416,416,12,193,329,205,343
1259_jpg.rf.9ca728718af08a51848d994b45b85620.jpg,416,416,11,160,209,173,220
1259_jpg.rf.9ca728718af08a51848d994b45b85620.jpg,416,416,10,160,221,173,233
1259_jpg.rf.9ca728718af08a51848d994b45b85620.jpg,416,416,9,160,234,173,246
1259_jpg.rf.9ca728718af08a51848d994b45b85620.jpg,416,416,7,160,248,173,259
1259_jpg.rf.9ca728718af08a51848d994b45b85620.jpg,416,416,6,160,261,173,273
1259_jpg.rf.9ca728718af08a51848d994b45b85620.jpg,416,416,5,160,273,173,286
1259_jpg.rf.9ca728718af08a51848d994b45b85620.jpg,416,416,4,160,286,173,298
1259_jpg.rf.9ca728718af08a51848d994b45b85620.jpg,416,416,3,160,300,173,312
1259_jpg.rf.9ca728718af08a51848d994b45b85620.jpg,416,416,2,160,313,174,326
1259_jpg.rf.9ca728718af08a51848d994b45b85620.jpg,416,416,1,160,326,173,339
1259_jpg.rf.9ca728718af08a51848d994b45b85620.jpg,416,416,G,159,338,173,352
1970_jpg.rf.9972aa3478d4bf96b2c0f88d821c3769.jpg,416,416,2,176,240,191,253
1970_jpg.rf.9972aa3478d4bf96b2c0f88d821c3769.jpg,416,416,G,176,267,191,280
954_jpg.rf.99880167bf0d93e2b1d32bcd0cf55bf7.jpg,416,416,3,122,115,159,144
954_jpg.rf.99880167bf0d93e2b1d32bcd0cf55bf7.jpg,416,416,2,121,152,159,181
954_jpg.rf.99880167bf0d93e2b1d32bcd0cf55bf7.jpg,416,416,1,121,191,158,220
954_jpg.rf.99880167bf0d93e2b1d32bcd0cf55bf7.jpg,416,416,M,122,226,158,254
954_jpg.rf.99880167bf0d93e2b1d32bcd0cf55bf7.jpg,416,416,G,124,262,159,289
954_jpg.rf.99880167bf0d93e2b1d32bcd0cf55bf7.jpg,416,416,3,159,111,207,148
954_jpg.rf.99880167bf0d93e2b1d32bcd0cf55bf7.jpg,416,416,2,158,148,206,185
954_jpg.rf.99880167bf0d93e2b1d32bcd0cf55bf7.jpg,416,416,1,158,186,205,223
954_jpg.rf.99880167bf0d93e2b1d32bcd0cf55bf7.jpg,416,416,M,158,222,204,257
954_jpg.rf.99880167bf0d93e2b1d32bcd0cf55bf7.jpg,416,416,G,157,257,202,292
954_jpg.rf.99880167bf0d93e2b1d32bcd0cf55bf7.jpg,416,416,s,202,262,236,288
1853_jpg.rf.9cffcfe5a6ff4d32996deda40ab297dc.jpg,416,416,1,171,116,194,158
1702_jpg.rf.9c4d66416510919ecbaad8c7c2dcebdf.jpg,416,416,22,189,283,202,307
1702_jpg.rf.9c4d66416510919ecbaad8c7c2dcebdf.jpg,416,416,21,173,283,186,306
1702_jpg.rf.9c4d66416510919ecbaad8c7c2dcebdf.jpg,416,416,20,205,312,218,336
1702_jpg.rf.9c4d66416510919ecbaad8c7c2dcebdf.jpg,416,416,19,188,312,203,336
1702_jpg.rf.9c4d66416510919ecbaad8c7c2dcebdf.jpg,416,416,18,172,311,186,335
1702_jpg.rf.9c4d66416510919ecbaad8c7c2dcebdf.jpg,416,416,17,188,341,202,366
1702_jpg.rf.9c4d66416510919ecbaad8c7c2dcebdf.jpg,416,416,16,171,341,186,367
1702_jpg.rf.9c4d66416510919ecbaad8c7c2dcebdf.jpg,416,416,15,204,372,219,398
1702_jpg.rf.9c4d66416510919ecbaad8c7c2dcebdf.jpg,416,416,14,188,372,202,398
1702_jpg.rf.9c4d66416510919ecbaad8c7c2dcebdf.jpg,416,416,12,171,372,185,398
1451_jpg.rf.9aa2bea2c9d1359a05668fae3345a2b6.jpg,416,416,1,188,211,219,238
1451_jpg.rf.9aa2bea2c9d1359a05668fae3345a2b6.jpg,416,416,G,187,251,218,275
1451_jpg.rf.9aa2bea2c9d1359a05668fae3345a2b6.jpg,416,416,B,188,285,217,309
1084_jpg.rf.9d438a7ada7f36b4074c0f6f8d51ef0a.jpg,416,416,6,100,56,194,233
1084_jpg.rf.9d438a7ada7f36b4074c0f6f8d51ef0a.jpg,416,416,18,254,68,320,209
1084_jpg.rf.9d438a7ada7f36b4074c0f6f8d51ef0a.jpg,416,416,5,103,259,195,415
1084_jpg.rf.9d438a7ada7f36b4074c0f6f8d51ef0a.jpg,416,416,17,252,237,319,388
685_jpg.rf.9e0db2c59ee54736409fac5f333d7070.jpg,416,416,30,187,68,229,87
685_jpg.rf.9e0db2c59ee54736409fac5f333d7070.jpg,416,416,31,230,68,272,87
685_jpg.rf.9e0db2c59ee54736409fac5f333d7070.jpg,416,416,28,187,88,229,107
685_jpg.rf.9e0db2c59ee54736409fac5f333d7070.jpg,416,416,29,230,88,272,107
685_jpg.rf.9e0db2c59ee54736409fac5f333d7070.jpg,416,416,26,187,108,228,128
685_jpg.rf.9e0db2c59ee54736409fac5f333d7070.jpg,416,416,27,230,108,271,126
685_jpg.rf.9e0db2c59ee54736409fac5f333d7070.jpg,416,416,24,188,128,229,147
685_jpg.rf.9e0db2c59ee54736409fac5f333d7070.jpg,416,416,25,229,127,271,147
1736_jpg.rf.9e0bf8ad639b12aac4cf22cfcedf6ac9.jpg,416,416,1,141,336,186,411
1736_jpg.rf.9e0bf8ad639b12aac4cf22cfcedf6ac9.jpg,416,416,2,192,337,238,412
1736_jpg.rf.9e0bf8ad639b12aac4cf22cfcedf6ac9.jpg,416,416,3,244,336,289,413
1170_jpg.rf.9bcb1ea7ad566cc77adaedd510aacfba.jpg,416,416,U,134,230,155,253
1170_jpg.rf.9bcb1ea7ad566cc77adaedd510aacfba.jpg,416,416,D,211,226,233,248
1170_jpg.rf.9bcb1ea7ad566cc77adaedd510aacfba.jpg,416,416,1,133,204,154,225
1170_jpg.rf.9bcb1ea7ad566cc77adaedd510aacfba.jpg,416,416,2,212,201,232,221
1170_jpg.rf.9bcb1ea7ad566cc77adaedd510aacfba.jpg,416,416,3,134,180,153,200
1170_jpg.rf.9bcb1ea7ad566cc77adaedd510aacfba.jpg,416,416,4,214,177,233,198
1170_jpg.rf.9bcb1ea7ad566cc77adaedd510aacfba.jpg,416,416,5,133,154,153,176
1170_jpg.rf.9bcb1ea7ad566cc77adaedd510aacfba.jpg,416,416,6,213,153,232,172
1170_jpg.rf.9bcb1ea7ad566cc77adaedd510aacfba.jpg,416,416,7,132,127,154,149
1170_jpg.rf.9bcb1ea7ad566cc77adaedd510aacfba.jpg,416,416,8,212,126,233,147
18_jpg.rf.9e84a30dbdbe4210c268e40bf65aaafd.jpg,416,416,1,205,166,241,214
18_jpg.rf.9e84a30dbdbe4210c268e40bf65aaafd.jpg,416,416,2,245,149,282,200
18_jpg.rf.9e84a30dbdbe4210c268e40bf65aaafd.jpg,416,416,3,287,128,329,184
18_jpg.rf.9e84a30dbdbe4210c268e40bf65aaafd.jpg,416,416,4,201,215,238,264
18_jpg.rf.9e84a30dbdbe4210c268e40bf65aaafd.jpg,416,416,5,240,200,280,251
18_jpg.rf.9e84a30dbdbe4210c268e40bf65aaafd.jpg,416,416,6,285,181,331,236
18_jpg.rf.9e84a30dbdbe4210c268e40bf65aaafd.jpg,416,416,7,196,265,236,316
18_jpg.rf.9e84a30dbdbe4210c268e40bf65aaafd.jpg,416,416,8,235,253,282,304
18_jpg.rf.9e84a30dbdbe4210c268e40bf65aaafd.jpg,416,416,9,281,234,330,294
18_jpg.rf.9e84a30dbdbe4210c268e40bf65aaafd.jpg,416,416,0,231,309,274,366
18_jpg.rf.9e84a30dbdbe4210c268e40bf65aaafd.jpg,416,416,B,188,322,229,374
18_jpg.rf.9e84a30dbdbe4210c268e40bf65aaafd.jpg,416,416,-,278,301,328,361
807_jpg.rf.9d23d6d95fa63ebdd202df16c53f6648.jpg,416,416,0,76,235,170,308
807_jpg.rf.9d23d6d95fa63ebdd202df16c53f6648.jpg,416,416,1,211,256,321,337
24_jpg.rf.950632f43d286143bdab99afa9ec2ec7.jpg,416,416,7,231,85,270,125
24_jpg.rf.950632f43d286143bdab99afa9ec2ec7.jpg,416,416,6,233,142,272,182
24_jpg.rf.950632f43d286143bdab99afa9ec2ec7.jpg,416,416,5,235,201,274,240
24_jpg.rf.950632f43d286143bdab99afa9ec2ec7.jpg,416,416,4,238,258,276,297
24_jpg.rf.950632f43d286143bdab99afa9ec2ec7.jpg,416,416,3,149,88,189,128
24_jpg.rf.950632f43d286143bdab99afa9ec2ec7.jpg,416,416,2,151,147,191,188
24_jpg.rf.950632f43d286143bdab99afa9ec2ec7.jpg,416,416,1,154,204,194,244
728_jpg.rf.9e781cbd93abb2d51db1f36a3736414a.jpg,416,416,11,177,130,204,150
728_jpg.rf.9e781cbd93abb2d51db1f36a3736414a.jpg,416,416,12,211,128,239,149
728_jpg.rf.9e781cbd93abb2d51db1f36a3736414a.jpg,416,416,10,212,152,239,171
728_jpg.rf.9e781cbd93abb2d51db1f36a3736414a.jpg,416,416,9,178,152,205,172
728_jpg.rf.9e781cbd93abb2d51db1f36a3736414a.jpg,416,416,8,212,174,239,192
728_jpg.rf.9e781cbd93abb2d51db1f36a3736414a.jpg,416,416,7,179,174,205,193
728_jpg.rf.9e781cbd93abb2d51db1f36a3736414a.jpg,416,416,6,213,196,239,214
728_jpg.rf.9e781cbd93abb2d51db1f36a3736414a.jpg,416,416,5,180,196,206,214
728_jpg.rf.9e781cbd93abb2d51db1f36a3736414a.jpg,416,416,4,213,216,239,234
728_jpg.rf.9e781cbd93abb2d51db1f36a3736414a.jpg,416,416,3,181,217,206,235
728_jpg.rf.9e781cbd93abb2d51db1f36a3736414a.jpg,416,416,2,214,236,239,253
728_jpg.rf.9e781cbd93abb2d51db1f36a3736414a.jpg,416,416,L,214,256,239,273
2019_jpg.rf.9ecd1aacecb07c722116042cf5da6147.jpg,416,416,1,176,190,196,232
2019_jpg.rf.9ecd1aacecb07c722116042cf5da6147.jpg,416,416,2,193,186,213,229
2019_jpg.rf.9ecd1aacecb07c722116042cf5da6147.jpg,416,416,3,209,185,228,225
2019_jpg.rf.9ecd1aacecb07c722116042cf5da6147.jpg,416,416,4,179,227,198,268
2019_jpg.rf.9ecd1aacecb07c722116042cf5da6147.jpg,416,416,5,195,223,214,263
2019_jpg.rf.9ecd1aacecb07c722116042cf5da6147.jpg,416,416,6,210,219,229,259
2019_jpg.rf.9ecd1aacecb07c722116042cf5da6147.jpg,416,416,7,180,260,199,301
2019_jpg.rf.9ecd1aacecb07c722116042cf5da6147.jpg,416,416,8,195,254,214,295
2019_jpg.rf.9ecd1aacecb07c722116042cf5da6147.jpg,416,416,9,211,250,229,289
1306_jpg.rf.9f23f636964a2af281c2650e8b50b5d7.jpg,416,416,40,273,47,302,91
1306_jpg.rf.9f23f636964a2af281c2650e8b50b5d7.jpg,416,416,39,222,45,259,98
1306_jpg.rf.9f23f636964a2af281c2650e8b50b5d7.jpg,416,416,38,155,43,203,106
1306_jpg.rf.9f23f636964a2af281c2650e8b50b5d7.jpg,416,416,37,66,39,129,112
1306_jpg.rf.9f23f636964a2af281c2650e8b50b5d7.jpg,416,416,36,274,114,303,161
1306_jpg.rf.9f23f636964a2af281c2650e8b50b5d7.jpg,416,416,35,223,120,258,171
1306_jpg.rf.9f23f636964a2af281c2650e8b50b5d7.jpg,416,416,34,158,128,205,192
1306_jpg.rf.9f23f636964a2af281c2650e8b50b5d7.jpg,416,416,33,69,138,130,208
1306_jpg.rf.9f23f636964a2af281c2650e8b50b5d7.jpg,416,416,32,274,179,301,226
1306_jpg.rf.9f23f636964a2af281c2650e8b50b5d7.jpg,416,416,31,224,192,259,246
1306_jpg.rf.9f23f636964a2af281c2650e8b50b5d7.jpg,416,416,30,160,210,204,270
1306_jpg.rf.9f23f636964a2af281c2650e8b50b5d7.jpg,416,416,29,75,231,132,304
1306_jpg.rf.9f23f636964a2af281c2650e8b50b5d7.jpg,416,416,28,274,239,300,289
1306_jpg.rf.9f23f636964a2af281c2650e8b50b5d7.jpg,416,416,27,225,259,257,314
1306_jpg.rf.9f23f636964a2af281c2650e8b50b5d7.jpg,416,416,26,163,286,205,348
1306_jpg.rf.9f23f636964a2af281c2650e8b50b5d7.jpg,416,416,25,80,323,134,396
1306_jpg.rf.9f23f636964a2af281c2650e8b50b5d7.jpg,416,416,24,274,301,301,349
1306_jpg.rf.9f23f636964a2af281c2650e8b50b5d7.jpg,416,416,23,226,326,259,380
1306_jpg.rf.9f23f636964a2af281c2650e8b50b5d7.jpg,416,416,22,165,361,206,415
1306_jpg.rf.9f23f636964a2af281c2650e8b50b5d7.jpg,416,416,20,273,357,300,408
187_jpg.rf.9f7677b87e154d7b5e5fe82c6e59c125.jpg,416,416,4,159,200,183,241
187_jpg.rf.9f7677b87e154d7b5e5fe82c6e59c125.jpg,416,416,R,185,200,209,242
187_jpg.rf.9f7677b87e154d7b5e5fe82c6e59c125.jpg,416,416,3,210,269,232,308
187_jpg.rf.9f7677b87e154d7b5e5fe82c6e59c125.jpg,416,416,2,186,269,207,308
187_jpg.rf.9f7677b87e154d7b5e5fe82c6e59c125.jpg,416,416,1,159,269,184,309
2017_jpg.rf.9fc38b132e4819d470e79c1497d65bc7.jpg,416,416,4,154,134,184,164
2017_jpg.rf.9fc38b132e4819d470e79c1497d65bc7.jpg,416,416,5,208,135,237,165
2017_jpg.rf.9fc38b132e4819d470e79c1497d65bc7.jpg,416,416,3,209,159,238,189
2017_jpg.rf.9fc38b132e4819d470e79c1497d65bc7.jpg,416,416,1,208,184,235,211
2017_jpg.rf.9fc38b132e4819d470e79c1497d65bc7.jpg,416,416,2,156,159,183,187
2017_jpg.rf.9fc38b132e4819d470e79c1497d65bc7.jpg,416,416,s,131,184,158,211
2017_jpg.rf.9fc38b132e4819d470e79c1497d65bc7.jpg,416,416,D,250,240,273,257
2017_jpg.rf.9fc38b132e4819d470e79c1497d65bc7.jpg,416,416,U,160,240,183,257
2017_jpg.rf.9fc38b132e4819d470e79c1497d65bc7.jpg,416,416,5,235,147,258,164
2017_jpg.rf.9fc38b132e4819d470e79c1497d65bc7.jpg,416,416,3,234,167,257,184
2017_jpg.rf.9fc38b132e4819d470e79c1497d65bc7.jpg,416,416,1,234,187,257,204
2017_jpg.rf.9fc38b132e4819d470e79c1497d65bc7.jpg,416,416,4,181,146,204,163
2017_jpg.rf.9fc38b132e4819d470e79c1497d65bc7.jpg,416,416,2,181,167,204,184
2017_jpg.rf.9fc38b132e4819d470e79c1497d65bc7.jpg,416,416,0,180,187,203,204
258_jpg.rf.9687ce271ae4594f5c3ac223247d65c5.jpg,416,416,0,173,110,237,195
712_jpg.rf.a041d8166152376aa77635aa6843e2cf.jpg,416,416,14,136,14,166,59
712_jpg.rf.a041d8166152376aa77635aa6843e2cf.jpg,416,416,15,238,7,268,48
712_jpg.rf.a041d8166152376aa77635aa6843e2cf.jpg,416,416,12,236,57,269,99
712_jpg.rf.a041d8166152376aa77635aa6843e2cf.jpg,416,416,11,139,67,168,109
712_jpg.rf.a041d8166152376aa77635aa6843e2cf.jpg,416,416,10,239,104,269,143
712_jpg.rf.a041d8166152376aa77635aa6843e2cf.jpg,416,416,9,143,115,170,155
712_jpg.rf.a041d8166152376aa77635aa6843e2cf.jpg,416,416,8,242,150,269,188
712_jpg.rf.a041d8166152376aa77635aa6843e2cf.jpg,416,416,7,145,164,172,202
712_jpg.rf.a041d8166152376aa77635aa6843e2cf.jpg,416,416,6,242,196,269,232
712_jpg.rf.a041d8166152376aa77635aa6843e2cf.jpg,416,416,5,149,210,174,247
712_jpg.rf.a041d8166152376aa77635aa6843e2cf.jpg,416,416,4,241,235,269,271
712_jpg.rf.a041d8166152376aa77635aa6843e2cf.jpg,416,416,3,150,249,176,287
712_jpg.rf.a041d8166152376aa77635aa6843e2cf.jpg,416,416,2,240,276,268,313
712_jpg.rf.a041d8166152376aa77635aa6843e2cf.jpg,416,416,1,152,291,178,327
712_jpg.rf.a041d8166152376aa77635aa6843e2cf.jpg,416,416,0,242,317,268,350
978_jpg.rf.a26dd2c5c6d15670377faed03caa1cd8.jpg,416,416,25,177,225,188,233
978_jpg.rf.a26dd2c5c6d15670377faed03caa1cd8.jpg,416,416,21,177,235,188,243
978_jpg.rf.a26dd2c5c6d15670377faed03caa1cd8.jpg,416,416,18,178,244,188,252
978_jpg.rf.a26dd2c5c6d15670377faed03caa1cd8.jpg,416,416,15,178,253,188,261
978_jpg.rf.a26dd2c5c6d15670377faed03caa1cd8.jpg,416,416,10,178,261,188,269
978_jpg.rf.a26dd2c5c6d15670377faed03caa1cd8.jpg,416,416,7,178,270,188,279
978_jpg.rf.a26dd2c5c6d15670377faed03caa1cd8.jpg,416,416,3,178,279,188,287
978_jpg.rf.a26dd2c5c6d15670377faed03caa1cd8.jpg,416,416,26,198,224,208,232
978_jpg.rf.a26dd2c5c6d15670377faed03caa1cd8.jpg,416,416,22,198,233,208,241
978_jpg.rf.a26dd2c5c6d15670377faed03caa1cd8.jpg,416,416,19,198,242,208,250
978_jpg.rf.a26dd2c5c6d15670377faed03caa1cd8.jpg,416,416,16,198,251,208,259
978_jpg.rf.a26dd2c5c6d15670377faed03caa1cd8.jpg,416,416,11,198,259,208,267
978_jpg.rf.a26dd2c5c6d15670377faed03caa1cd8.jpg,416,416,8,198,268,208,276
978_jpg.rf.a26dd2c5c6d15670377faed03caa1cd8.jpg,416,416,5,198,276,208,284
978_jpg.rf.a26dd2c5c6d15670377faed03caa1cd8.jpg,416,416,1,198,285,208,293
978_jpg.rf.a26dd2c5c6d15670377faed03caa1cd8.jpg,416,416,27,217,223,227,231
978_jpg.rf.a26dd2c5c6d15670377faed03caa1cd8.jpg,416,416,23,217,232,227,240
978_jpg.rf.a26dd2c5c6d15670377faed03caa1cd8.jpg,416,416,20,218,240,227,248
978_jpg.rf.a26dd2c5c6d15670377faed03caa1cd8.jpg,416,416,17,217,248,227,256
978_jpg.rf.a26dd2c5c6d15670377faed03caa1cd8.jpg,416,416,12,217,257,227,265
978_jpg.rf.a26dd2c5c6d15670377faed03caa1cd8.jpg,416,416,9,217,265,227,273
978_jpg.rf.a26dd2c5c6d15670377faed03caa1cd8.jpg,416,416,6,218,274,227,282
419_jpg.rf.a11b17a9819a1b2a936b1c26a24f1dcc.jpg,416,416,8,227,138,244,161
419_jpg.rf.a11b17a9819a1b2a936b1c26a24f1dcc.jpg,416,416,7,227,160,243,183
419_jpg.rf.a11b17a9819a1b2a936b1c26a24f1dcc.jpg,416,416,6,227,182,244,205
419_jpg.rf.a11b17a9819a1b2a936b1c26a24f1dcc.jpg,416,416,5,209,160,226,183
419_jpg.rf.a11b17a9819a1b2a936b1c26a24f1dcc.jpg,416,416,4,209,181,226,204
419_jpg.rf.a11b17a9819a1b2a936b1c26a24f1dcc.jpg,416,416,3,209,204,226,227
419_jpg.rf.a11b17a9819a1b2a936b1c26a24f1dcc.jpg,416,416,1,210,228,226,251
1608_jpg.rf.a0acabfab4291b2f68f552f56eeceeb1.jpg,416,416,8,209,174,225,187
1608_jpg.rf.a0acabfab4291b2f68f552f56eeceeb1.jpg,416,416,3,188,187,203,200
1608_jpg.rf.a0acabfab4291b2f68f552f56eeceeb1.jpg,416,416,7,210,188,226,200
1608_jpg.rf.a0acabfab4291b2f68f552f56eeceeb1.jpg,416,416,2,188,201,203,214
1608_jpg.rf.a0acabfab4291b2f68f552f56eeceeb1.jpg,416,416,6,210,200,225,213
1608_jpg.rf.a0acabfab4291b2f68f552f56eeceeb1.jpg,416,416,1,188,214,204,226
1608_jpg.rf.a0acabfab4291b2f68f552f56eeceeb1.jpg,416,416,5,210,214,226,227
1608_jpg.rf.a0acabfab4291b2f68f552f56eeceeb1.jpg,416,416,G,189,227,204,239
618_jpg.rf.9eb6ea6342e1bb773e236b1713032650.jpg,416,416,10,181,155,200,170
618_jpg.rf.9eb6ea6342e1bb773e236b1713032650.jpg,416,416,11,224,156,242,170
618_jpg.rf.9eb6ea6342e1bb773e236b1713032650.jpg,416,416,8,183,172,201,186
618_jpg.rf.9eb6ea6342e1bb773e236b1713032650.jpg,416,416,9,225,171,242,185
618_jpg.rf.9eb6ea6342e1bb773e236b1713032650.jpg,416,416,6,182,188,200,202
618_jpg.rf.9eb6ea6342e1bb773e236b1713032650.jpg,416,416,7,225,187,242,201
618_jpg.rf.9eb6ea6342e1bb773e236b1713032650.jpg,416,416,4,182,203,202,218
618_jpg.rf.9eb6ea6342e1bb773e236b1713032650.jpg,416,416,3,226,218,242,231
618_jpg.rf.9eb6ea6342e1bb773e236b1713032650.jpg,416,416,G,226,234,243,247
1719_jpg.rf.a0221f18f5380da68675797274c25556.jpg,416,416,1,187,115,203,126
1719_jpg.rf.a0221f18f5380da68675797274c25556.jpg,416,416,2,204,115,220,126
1719_jpg.rf.a0221f18f5380da68675797274c25556.jpg,416,416,3,221,115,237,126
1719_jpg.rf.a0221f18f5380da68675797274c25556.jpg,416,416,4,188,128,204,139
1719_jpg.rf.a0221f18f5380da68675797274c25556.jpg,416,416,5,204,129,220,140
1719_jpg.rf.a0221f18f5380da68675797274c25556.jpg,416,416,6,221,128,237,139
1719_jpg.rf.a0221f18f5380da68675797274c25556.jpg,416,416,7,189,141,205,152
1719_jpg.rf.a0221f18f5380da68675797274c25556.jpg,416,416,8,204,142,220,153
1719_jpg.rf.a0221f18f5380da68675797274c25556.jpg,416,416,9,221,141,236,152
1719_jpg.rf.a0221f18f5380da68675797274c25556.jpg,416,416,s,189,155,205,165
1719_jpg.rf.a0221f18f5380da68675797274c25556.jpg,416,416,0,205,154,220,165
1719_jpg.rf.a0221f18f5380da68675797274c25556.jpg,416,416,-,221,153,237,165
1719_jpg.rf.a0221f18f5380da68675797274c25556.jpg,416,416,G,191,226,237,235
76_jpg.rf.a2c99d793b17fd1746c70e6fb7c7785e.jpg,416,416,1,162,185,211,248
76_jpg.rf.a2c99d793b17fd1746c70e6fb7c7785e.jpg,416,416,0,167,254,214,315
1463_jpg.rf.a221fe4804bbabc0fb2e85a06752f87a.jpg,416,416,1,57,148,112,233
1463_jpg.rf.a221fe4804bbabc0fb2e85a06752f87a.jpg,416,416,0,92,219,135,287
941_jpg.rf.9fda25a7db4a58611f3f4f69f8809644.jpg,416,416,1,251,255,277,300
941_jpg.rf.9fda25a7db4a58611f3f4f69f8809644.jpg,416,416,3,282,258,310,304
388_jpg.rf.a1f1eb66fcf171a621eddde5bea0d1b5.jpg,416,416,11,178,181,189,200
388_jpg.rf.a1f1eb66fcf171a621eddde5bea0d1b5.jpg,416,416,10,240,209,250,228
388_jpg.rf.a1f1eb66fcf171a621eddde5bea0d1b5.jpg,416,416,9,228,210,238,229
388_jpg.rf.a1f1eb66fcf171a621eddde5bea0d1b5.jpg,416,416,8,216,210,226,229
388_jpg.rf.a1f1eb66fcf171a621eddde5bea0d1b5.jpg,416,416,7,203,211,213,231
388_jpg.rf.a1f1eb66fcf171a621eddde5bea0d1b5.jpg,416,416,6,192,212,202,233
388_jpg.rf.a1f1eb66fcf171a621eddde5bea0d1b5.jpg,416,416,5,179,211,191,237
1337_jpg.rf.a26ff3e1cdb6fb43707f3e95da2ceb9a.jpg,416,416,29,165,39,269,81
1337_jpg.rf.a26ff3e1cdb6fb43707f3e95da2ceb9a.jpg,416,416,28,278,86,372,126
1337_jpg.rf.a26ff3e1cdb6fb43707f3e95da2ceb9a.jpg,416,416,27,164,83,269,122
1337_jpg.rf.a26ff3e1cdb6fb43707f3e95da2ceb9a.jpg,416,416,26,47,80,152,123
1337_jpg.rf.a26ff3e1cdb6fb43707f3e95da2ceb9a.jpg,416,416,25,276,127,368,162
1337_jpg.rf.a26ff3e1cdb6fb43707f3e95da2ceb9a.jpg,416,416,24,164,124,268,164
1337_jpg.rf.a26ff3e1cdb6fb43707f3e95da2ceb9a.jpg,416,416,23,51,124,155,165
1337_jpg.rf.a26ff3e1cdb6fb43707f3e95da2ceb9a.jpg,416,416,22,273,166,366,201
1337_jpg.rf.a26ff3e1cdb6fb43707f3e95da2ceb9a.jpg,416,416,21,165,167,265,203
1337_jpg.rf.a26ff3e1cdb6fb43707f3e95da2ceb9a.jpg,416,416,20,52,167,157,204
1337_jpg.rf.a26ff3e1cdb6fb43707f3e95da2ceb9a.jpg,416,416,19,271,202,362,238
1337_jpg.rf.a26ff3e1cdb6fb43707f3e95da2ceb9a.jpg,416,416,18,165,204,262,239
1337_jpg.rf.a26ff3e1cdb6fb43707f3e95da2ceb9a.jpg,416,416,17,57,206,156,244
1337_jpg.rf.a26ff3e1cdb6fb43707f3e95da2ceb9a.jpg,416,416,16,270,238,360,272
1337_jpg.rf.a26ff3e1cdb6fb43707f3e95da2ceb9a.jpg,416,416,15,168,241,261,275
1337_jpg.rf.a26ff3e1cdb6fb43707f3e95da2ceb9a.jpg,416,416,14,61,244,158,281
1337_jpg.rf.a26ff3e1cdb6fb43707f3e95da2ceb9a.jpg,416,416,13,268,272,356,305
1337_jpg.rf.a26ff3e1cdb6fb43707f3e95da2ceb9a.jpg,416,416,12,167,276,260,309
1337_jpg.rf.a26ff3e1cdb6fb43707f3e95da2ceb9a.jpg,416,416,4,64,280,160,313
1337_jpg.rf.a26ff3e1cdb6fb43707f3e95da2ceb9a.jpg,416,416,3,268,305,352,335
1337_jpg.rf.a26ff3e1cdb6fb43707f3e95da2ceb9a.jpg,416,416,2,167,308,260,341
145_jpg.rf.a2f1a790651f1837532fb4ab1800c676.jpg,416,416,L,174,100,203,150
1887_jpg.rf.a323b8d9960d4a26bd875f37e76214e8.jpg,416,416,3,159,147,192,179
1887_jpg.rf.a323b8d9960d4a26bd875f37e76214e8.jpg,416,416,2,160,182,194,215
1887_jpg.rf.a323b8d9960d4a26bd875f37e76214e8.jpg,416,416,1,160,218,194,251
1887_jpg.rf.a323b8d9960d4a26bd875f37e76214e8.jpg,416,416,G,161,254,194,286
107_jpg.rf.a194b6b562596fc65b39c1bbb781ac0f.jpg,416,416,28,247,70,275,86
107_jpg.rf.a194b6b562596fc65b39c1bbb781ac0f.jpg,416,416,27,192,68,219,85
107_jpg.rf.a194b6b562596fc65b39c1bbb781ac0f.jpg,416,416,26,136,68,164,84
107_jpg.rf.a194b6b562596fc65b39c1bbb781ac0f.jpg,416,416,25,246,99,274,115
107_jpg.rf.a194b6b562596fc65b39c1bbb781ac0f.jpg,416,416,24,192,98,219,116
107_jpg.rf.a194b6b562596fc65b39c1bbb781ac0f.jpg,416,416,23,137,98,167,116
107_jpg.rf.a194b6b562596fc65b39c1bbb781ac0f.jpg,416,416,22,246,130,273,147
107_jpg.rf.a194b6b562596fc65b39c1bbb781ac0f.jpg,416,416,21,193,129,219,146
107_jpg.rf.a194b6b562596fc65b39c1bbb781ac0f.jpg,416,416,20,136,130,165,145
107_jpg.rf.a194b6b562596fc65b39c1bbb781ac0f.jpg,416,416,19,247,160,273,175
107_jpg.rf.a194b6b562596fc65b39c1bbb781ac0f.jpg,416,416,18,192,160,219,175
107_jpg.rf.a194b6b562596fc65b39c1bbb781ac0f.jpg,416,416,17,138,159,166,176
107_jpg.rf.a194b6b562596fc65b39c1bbb781ac0f.jpg,416,416,16,246,190,273,206
107_jpg.rf.a194b6b562596fc65b39c1bbb781ac0f.jpg,416,416,15,192,190,219,206
107_jpg.rf.a194b6b562596fc65b39c1bbb781ac0f.jpg,416,416,14,138,189,164,206
107_jpg.rf.a194b6b562596fc65b39c1bbb781ac0f.jpg,416,416,13,246,219,273,234
107_jpg.rf.a194b6b562596fc65b39c1bbb781ac0f.jpg,416,416,12,192,218,219,235
107_jpg.rf.a194b6b562596fc65b39c1bbb781ac0f.jpg,416,416,11,138,220,164,235
107_jpg.rf.a194b6b562596fc65b39c1bbb781ac0f.jpg,416,416,10,246,249,273,264
107_jpg.rf.a194b6b562596fc65b39c1bbb781ac0f.jpg,416,416,9,192,248,219,264
107_jpg.rf.a194b6b562596fc65b39c1bbb781ac0f.jpg,416,416,8,137,249,165,265
107_jpg.rf.a194b6b562596fc65b39c1bbb781ac0f.jpg,416,416,7,246,277,274,295
107_jpg.rf.a194b6b562596fc65b39c1bbb781ac0f.jpg,416,416,6,192,278,219,296
107_jpg.rf.a194b6b562596fc65b39c1bbb781ac0f.jpg,416,416,5,138,279,165,296
107_jpg.rf.a194b6b562596fc65b39c1bbb781ac0f.jpg,416,416,4,248,308,274,325
107_jpg.rf.a194b6b562596fc65b39c1bbb781ac0f.jpg,416,416,3,191,308,220,325
107_jpg.rf.a194b6b562596fc65b39c1bbb781ac0f.jpg,416,416,2,138,309,164,325
107_jpg.rf.a194b6b562596fc65b39c1bbb781ac0f.jpg,416,416,1,136,338,166,357
663_jpg.rf.9edca4e4a497277706f1b82b19896469.jpg,416,416,2,172,53,221,87
663_jpg.rf.9edca4e4a497277706f1b82b19896469.jpg,416,416,1,177,91,223,123
663_jpg.rf.9edca4e4a497277706f1b82b19896469.jpg,416,416,M,182,127,225,158
663_jpg.rf.9edca4e4a497277706f1b82b19896469.jpg,416,416,G,188,193,229,221
663_jpg.rf.9edca4e4a497277706f1b82b19896469.jpg,416,416,B,194,252,233,277
663_jpg.rf.9edca4e4a497277706f1b82b19896469.jpg,416,416,8,252,119,292,149
663_jpg.rf.9edca4e4a497277706f1b82b19896469.jpg,416,416,7,254,152,293,180
663_jpg.rf.9edca4e4a497277706f1b82b19896469.jpg,416,416,6,256,183,291,210
663_jpg.rf.9edca4e4a497277706f1b82b19896469.jpg,416,416,5,257,212,292,238
663_jpg.rf.9edca4e4a497277706f1b82b19896469.jpg,416,416,4,258,239,292,264
663_jpg.rf.9edca4e4a497277706f1b82b19896469.jpg,416,416,3,259,266,294,290
1023_jpg.rf.a1aae4a006abaf1d8a1457a2e125a118.jpg,416,416,15,95,56,179,122
1023_jpg.rf.a1aae4a006abaf1d8a1457a2e125a118.jpg,416,416,11,108,149,181,202
1023_jpg.rf.a1aae4a006abaf1d8a1457a2e125a118.jpg,416,416,7,116,207,183,249
1023_jpg.rf.a1aae4a006abaf1d8a1457a2e125a118.jpg,416,416,3,122,252,185,291
1023_jpg.rf.a1aae4a006abaf1d8a1457a2e125a118.jpg,416,416,G,127,293,186,328
1023_jpg.rf.a1aae4a006abaf1d8a1457a2e125a118.jpg,416,416,1,218,297,278,329
1023_jpg.rf.a1aae4a006abaf1d8a1457a2e125a118.jpg,416,416,5,219,256,285,294
1023_jpg.rf.a1aae4a006abaf1d8a1457a2e125a118.jpg,416,416,9,220,210,291,251
1023_jpg.rf.a1aae4a006abaf1d8a1457a2e125a118.jpg,416,416,13,224,152,300,202
1916_jpg.rf.a169c44c1487cd5c719b6e20d19d6e99.jpg,416,416,1,188,62,237,127
1916_jpg.rf.a169c44c1487cd5c719b6e20d19d6e99.jpg,416,416,G,185,161,237,228
1925_jpg.rf.a2cb1435a3f463156f399559bf4b4419.jpg,416,416,2,204,24,284,128
1925_jpg.rf.a2cb1435a3f463156f399559bf4b4419.jpg,416,416,1,201,156,273,238
1925_jpg.rf.a2cb1435a3f463156f399559bf4b4419.jpg,416,416,L,201,258,264,328
1585_jpg.rf.a28aa3144c606d77498f36dc4c78a50d.jpg,416,416,36,70,0,138,114
1585_jpg.rf.a28aa3144c606d77498f36dc4c78a50d.jpg,416,416,32,78,139,144,257
1585_jpg.rf.a28aa3144c606d77498f36dc4c78a50d.jpg,416,416,33,152,133,204,243
1585_jpg.rf.a28aa3144c606d77498f36dc4c78a50d.jpg,416,416,34,213,132,251,227
1585_jpg.rf.a28aa3144c606d77498f36dc4c78a50d.jpg,416,416,35,258,130,290,220
1585_jpg.rf.a28aa3144c606d77498f36dc4c78a50d.jpg,416,416,28,83,279,149,397
1585_jpg.rf.a28aa3144c606d77498f36dc4c78a50d.jpg,416,416,29,156,258,207,369
1585_jpg.rf.a28aa3144c606d77498f36dc4c78a50d.jpg,416,416,30,215,244,256,339
1585_jpg.rf.a28aa3144c606d77498f36dc4c78a50d.jpg,416,416,31,260,234,297,322
1585_jpg.rf.a28aa3144c606d77498f36dc4c78a50d.jpg,416,416,27,261,333,297,415
740_jpg.rf.a2dbb9d170adf8cd85c7ba8f91234814.jpg,416,416,25,29,72,95,168
740_jpg.rf.a2dbb9d170adf8cd85c7ba8f91234814.jpg,416,416,26,282,63,398,170
740_jpg.rf.a2dbb9d170adf8cd85c7ba8f91234814.jpg,416,416,22,35,171,162,270
740_jpg.rf.a2dbb9d170adf8cd85c7ba8f91234814.jpg,416,416,23,160,166,278,263
740_jpg.rf.a2dbb9d170adf8cd85c7ba8f91234814.jpg,416,416,24,282,170,392,259
740_jpg.rf.a2dbb9d170adf8cd85c7ba8f91234814.jpg,416,416,19,43,267,160,363
740_jpg.rf.a2dbb9d170adf8cd85c7ba8f91234814.jpg,416,416,20,159,258,274,357
740_jpg.rf.a2dbb9d170adf8cd85c7ba8f91234814.jpg,416,416,21,272,260,382,348
740_jpg.rf.a2dbb9d170adf8cd85c7ba8f91234814.jpg,416,416,16,52,355,158,415
740_jpg.rf.a2dbb9d170adf8cd85c7ba8f91234814.jpg,416,416,17,162,347,271,415
740_jpg.rf.a2dbb9d170adf8cd85c7ba8f91234814.jpg,416,416,18,267,341,375,415
005_jpg.rf.a1dd5f6365f109965aa263b7963c5180.jpg,416,416,7,177,57,199,91
005_jpg.rf.a1dd5f6365f109965aa263b7963c5180.jpg,416,416,7,199,56,222,91
005_jpg.rf.a1dd5f6365f109965aa263b7963c5180.jpg,416,416,5,178,106,200,140
005_jpg.rf.a1dd5f6365f109965aa263b7963c5180.jpg,416,416,5,200,105,222,139
005_jpg.rf.a1dd5f6365f109965aa263b7963c5180.jpg,416,416,3,177,151,199,185
005_jpg.rf.a1dd5f6365f109965aa263b7963c5180.jpg,416,416,3,200,151,222,186
005_jpg.rf.a1dd5f6365f109965aa263b7963c5180.jpg,416,416,M,178,198,199,233
005_jpg.rf.a1dd5f6365f109965aa263b7963c5180.jpg,416,416,B,178,247,199,280
005_jpg.rf.a1dd5f6365f109965aa263b7963c5180.jpg,416,416,M,200,199,221,233
005_jpg.rf.a1dd5f6365f109965aa263b7963c5180.jpg,416,416,B,200,247,221,280
005_jpg.rf.a1dd5f6365f109965aa263b7963c5180.jpg,416,416,L,249,245,270,281
005_jpg.rf.a1dd5f6365f109965aa263b7963c5180.jpg,416,416,2,226,199,247,233
005_jpg.rf.a1dd5f6365f109965aa263b7963c5180.jpg,416,416,2,248,199,269,233
005_jpg.rf.a1dd5f6365f109965aa263b7963c5180.jpg,416,416,4,226,152,248,185
005_jpg.rf.a1dd5f6365f109965aa263b7963c5180.jpg,416,416,4,247,152,269,185
005_jpg.rf.a1dd5f6365f109965aa263b7963c5180.jpg,416,416,6,226,105,246,139
005_jpg.rf.a1dd5f6365f109965aa263b7963c5180.jpg,416,416,6,248,106,269,140
1055_jpg.rf.a3a0a5320546b66b7cadf66b73195d43.jpg,416,416,16,180,181,197,193
1055_jpg.rf.a3a0a5320546b66b7cadf66b73195d43.jpg,416,416,22,204,181,221,192
1055_jpg.rf.a3a0a5320546b66b7cadf66b73195d43.jpg,416,416,15,180,199,197,210
1055_jpg.rf.a3a0a5320546b66b7cadf66b73195d43.jpg,416,416,21,204,199,221,210
1055_jpg.rf.a3a0a5320546b66b7cadf66b73195d43.jpg,416,416,14,180,217,197,228
1055_jpg.rf.a3a0a5320546b66b7cadf66b73195d43.jpg,416,416,20,204,217,221,228
1055_jpg.rf.a3a0a5320546b66b7cadf66b73195d43.jpg,416,416,13,180,234,196,246
1055_jpg.rf.a3a0a5320546b66b7cadf66b73195d43.jpg,416,416,19,204,234,220,246
1055_jpg.rf.a3a0a5320546b66b7cadf66b73195d43.jpg,416,416,12,180,252,197,264
1055_jpg.rf.a3a0a5320546b66b7cadf66b73195d43.jpg,416,416,18,204,252,220,264
1055_jpg.rf.a3a0a5320546b66b7cadf66b73195d43.jpg,416,416,G,180,270,196,281
1055_jpg.rf.a3a0a5320546b66b7cadf66b73195d43.jpg,416,416,17,203,270,219,281
298_jpg.rf.a37c306b36819f20d8f9b2a4a44f89eb.jpg,416,416,1,148,240,192,263
298_jpg.rf.a37c306b36819f20d8f9b2a4a44f89eb.jpg,416,416,2,201,241,245,263
298_jpg.rf.a37c306b36819f20d8f9b2a4a44f89eb.jpg,416,416,3,253,241,297,262
298_jpg.rf.a37c306b36819f20d8f9b2a4a44f89eb.jpg,416,416,4,147,265,192,286
298_jpg.rf.a37c306b36819f20d8f9b2a4a44f89eb.jpg,416,416,5,200,266,244,287
298_jpg.rf.a37c306b36819f20d8f9b2a4a44f89eb.jpg,416,416,6,253,265,297,287
298_jpg.rf.a37c306b36819f20d8f9b2a4a44f89eb.jpg,416,416,7,149,289,192,310
298_jpg.rf.a37c306b36819f20d8f9b2a4a44f89eb.jpg,416,416,8,199,290,244,311
298_jpg.rf.a37c306b36819f20d8f9b2a4a44f89eb.jpg,416,416,9,253,290,294,310
298_jpg.rf.a37c306b36819f20d8f9b2a4a44f89eb.jpg,416,416,-,148,313,192,334
298_jpg.rf.a37c306b36819f20d8f9b2a4a44f89eb.jpg,416,416,0,199,314,243,335
298_jpg.rf.a37c306b36819f20d8f9b2a4a44f89eb.jpg,416,416,-,252,313,293,334
1823_jpg.rf.a41525d3761bf246b650bfc946992885.jpg,416,416,28,144,243,158,254
1823_jpg.rf.a41525d3761bf246b650bfc946992885.jpg,416,416,29,170,241,183,252
1823_jpg.rf.a41525d3761bf246b650bfc946992885.jpg,416,416,24,144,261,158,272
1823_jpg.rf.a41525d3761bf246b650bfc946992885.jpg,416,416,25,171,260,185,270
1823_jpg.rf.a41525d3761bf246b650bfc946992885.jpg,416,416,26,195,257,209,268
1823_jpg.rf.a41525d3761bf246b650bfc946992885.jpg,416,416,27,219,256,233,266
1823_jpg.rf.a41525d3761bf246b650bfc946992885.jpg,416,416,20,145,280,159,290
1823_jpg.rf.a41525d3761bf246b650bfc946992885.jpg,416,416,21,171,278,185,288
1823_jpg.rf.a41525d3761bf246b650bfc946992885.jpg,416,416,22,195,275,209,286
1823_jpg.rf.a41525d3761bf246b650bfc946992885.jpg,416,416,23,219,273,233,284
1823_jpg.rf.a41525d3761bf246b650bfc946992885.jpg,416,416,16,145,299,159,312
1823_jpg.rf.a41525d3761bf246b650bfc946992885.jpg,416,416,12,145,318,160,331
1823_jpg.rf.a41525d3761bf246b650bfc946992885.jpg,416,416,8,145,337,160,350
1823_jpg.rf.a41525d3761bf246b650bfc946992885.jpg,416,416,4,146,356,161,369
1823_jpg.rf.a41525d3761bf246b650bfc946992885.jpg,416,416,17,171,297,185,310
1823_jpg.rf.a41525d3761bf246b650bfc946992885.jpg,416,416,13,171,315,186,328
1823_jpg.rf.a41525d3761bf246b650bfc946992885.jpg,416,416,9,171,334,186,347
1823_jpg.rf.a41525d3761bf246b650bfc946992885.jpg,416,416,5,172,352,186,365
1823_jpg.rf.a41525d3761bf246b650bfc946992885.jpg,416,416,18,195,294,210,306
1823_jpg.rf.a41525d3761bf246b650bfc946992885.jpg,416,416,14,195,313,210,325
1823_jpg.rf.a41525d3761bf246b650bfc946992885.jpg,416,416,10,196,331,210,344
1823_jpg.rf.a41525d3761bf246b650bfc946992885.jpg,416,416,19,219,292,234,305
1823_jpg.rf.a41525d3761bf246b650bfc946992885.jpg,416,416,15,219,310,234,322
1823_jpg.rf.a41525d3761bf246b650bfc946992885.jpg,416,416,7,221,346,235,358
1823_jpg.rf.a41525d3761bf246b650bfc946992885.jpg,416,416,3,221,364,235,376
1823_jpg.rf.a41525d3761bf246b650bfc946992885.jpg,416,416,1,172,371,186,383
1823_jpg.rf.a41525d3761bf246b650bfc946992885.jpg,416,416,2,197,367,212,379
1823_jpg.rf.a41525d3761bf246b650bfc946992885.jpg,416,416,G,147,375,162,387
514_jpg.rf.a3bd3bf93940a0fbbe59b9875a3c8b3b.jpg,416,416,28,199,39,214,60
514_jpg.rf.a3bd3bf93940a0fbbe59b9875a3c8b3b.jpg,416,416,39,220,36,235,59
514_jpg.rf.a3bd3bf93940a0fbbe59b9875a3c8b3b.jpg,416,416,49,241,34,254,57
514_jpg.rf.a3bd3bf93940a0fbbe59b9875a3c8b3b.jpg,416,416,27,201,67,214,90
514_jpg.rf.a3bd3bf93940a0fbbe59b9875a3c8b3b.jpg,416,416,38,222,65,235,87
514_jpg.rf.a3bd3bf93940a0fbbe59b9875a3c8b3b.jpg,416,416,48,242,62,256,85
514_jpg.rf.a3bd3bf93940a0fbbe59b9875a3c8b3b.jpg,416,416,26,202,95,217,118
514_jpg.rf.a3bd3bf93940a0fbbe59b9875a3c8b3b.jpg,416,416,37,222,92,236,114
514_jpg.rf.a3bd3bf93940a0fbbe59b9875a3c8b3b.jpg,416,416,47,243,90,256,112
514_jpg.rf.a3bd3bf93940a0fbbe59b9875a3c8b3b.jpg,416,416,25,203,122,218,145
514_jpg.rf.a3bd3bf93940a0fbbe59b9875a3c8b3b.jpg,416,416,36,223,120,237,142
514_jpg.rf.a3bd3bf93940a0fbbe59b9875a3c8b3b.jpg,416,416,46,244,117,258,140
514_jpg.rf.a3bd3bf93940a0fbbe59b9875a3c8b3b.jpg,416,416,24,204,150,218,171
514_jpg.rf.a3bd3bf93940a0fbbe59b9875a3c8b3b.jpg,416,416,35,225,147,239,170
514_jpg.rf.a3bd3bf93940a0fbbe59b9875a3c8b3b.jpg,416,416,45,245,144,258,166
514_jpg.rf.a3bd3bf93940a0fbbe59b9875a3c8b3b.jpg,416,416,23,205,177,219,199
514_jpg.rf.a3bd3bf93940a0fbbe59b9875a3c8b3b.jpg,416,416,34,225,174,239,196
514_jpg.rf.a3bd3bf93940a0fbbe59b9875a3c8b3b.jpg,416,416,44,246,170,259,192
514_jpg.rf.a3bd3bf93940a0fbbe59b9875a3c8b3b.jpg,416,416,22,206,204,220,227
514_jpg.rf.a3bd3bf93940a0fbbe59b9875a3c8b3b.jpg,416,416,33,227,200,241,221
514_jpg.rf.a3bd3bf93940a0fbbe59b9875a3c8b3b.jpg,416,416,43,248,197,260,220
514_jpg.rf.a3bd3bf93940a0fbbe59b9875a3c8b3b.jpg,416,416,21,208,230,221,252
514_jpg.rf.a3bd3bf93940a0fbbe59b9875a3c8b3b.jpg,416,416,20,209,256,223,280
514_jpg.rf.a3bd3bf93940a0fbbe59b9875a3c8b3b.jpg,416,416,32,228,226,241,248
514_jpg.rf.a3bd3bf93940a0fbbe59b9875a3c8b3b.jpg,416,416,42,248,223,261,245
514_jpg.rf.a3bd3bf93940a0fbbe59b9875a3c8b3b.jpg,416,416,31,229,252,243,276
514_jpg.rf.a3bd3bf93940a0fbbe59b9875a3c8b3b.jpg,416,416,41,249,249,262,270
514_jpg.rf.a3bd3bf93940a0fbbe59b9875a3c8b3b.jpg,416,416,30,230,279,243,299
514_jpg.rf.a3bd3bf93940a0fbbe59b9875a3c8b3b.jpg,416,416,40,250,275,263,296
514_jpg.rf.a3bd3bf93940a0fbbe59b9875a3c8b3b.jpg,416,416,18,211,307,225,332
514_jpg.rf.a3bd3bf93940a0fbbe59b9875a3c8b3b.jpg,416,416,29,231,304,245,326
286_jpg.rf.a44da7e04cf9d3037c45dbb8c13d1306.jpg,416,416,7,197,99,217,132
286_jpg.rf.a44da7e04cf9d3037c45dbb8c13d1306.jpg,416,416,8,231,98,251,132
286_jpg.rf.a44da7e04cf9d3037c45dbb8c13d1306.jpg,416,416,5,197,139,217,172
286_jpg.rf.a44da7e04cf9d3037c45dbb8c13d1306.jpg,416,416,6,231,138,250,172
286_jpg.rf.a44da7e04cf9d3037c45dbb8c13d1306.jpg,416,416,3,197,178,216,211
286_jpg.rf.a44da7e04cf9d3037c45dbb8c13d1306.jpg,416,416,4,230,178,249,209
286_jpg.rf.a44da7e04cf9d3037c45dbb8c13d1306.jpg,416,416,1,196,217,215,247
286_jpg.rf.a44da7e04cf9d3037c45dbb8c13d1306.jpg,416,416,2,230,216,248,247
578_jpg.rf.a4ce3551cb75e67316fc12cd83296a8b.jpg,416,416,18,247,83,334,183
578_jpg.rf.a4ce3551cb75e67316fc12cd83296a8b.jpg,416,416,17,243,211,323,287
1713_jpg.rf.a562ba2c43a948922f81ac6562c8296a.jpg,416,416,24,219,232,230,243
1713_jpg.rf.a562ba2c43a948922f81ac6562c8296a.jpg,416,416,22,187,234,199,245
1713_jpg.rf.a562ba2c43a948922f81ac6562c8296a.jpg,416,416,20,218,245,230,255
1713_jpg.rf.a562ba2c43a948922f81ac6562c8296a.jpg,416,416,18,187,247,199,259
1713_jpg.rf.a562ba2c43a948922f81ac6562c8296a.jpg,416,416,16,219,257,230,268
1713_jpg.rf.a562ba2c43a948922f81ac6562c8296a.jpg,416,416,14,187,261,199,272
1713_jpg.rf.a562ba2c43a948922f81ac6562c8296a.jpg,416,416,12,218,270,230,281
1713_jpg.rf.a562ba2c43a948922f81ac6562c8296a.jpg,416,416,10,187,274,199,285
1713_jpg.rf.a562ba2c43a948922f81ac6562c8296a.jpg,416,416,8,218,283,230,294
1713_jpg.rf.a562ba2c43a948922f81ac6562c8296a.jpg,416,416,6,187,287,199,299
1713_jpg.rf.a562ba2c43a948922f81ac6562c8296a.jpg,416,416,4,218,295,229,306
1713_jpg.rf.a562ba2c43a948922f81ac6562c8296a.jpg,416,416,2,187,300,199,312
1713_jpg.rf.a562ba2c43a948922f81ac6562c8296a.jpg,416,416,1,218,307,229,319
1713_jpg.rf.a562ba2c43a948922f81ac6562c8296a.jpg,416,416,G,187,312,199,325
1605_jpg.rf.a5093e650782fc10413f27672dc1654e.jpg,416,416,5,154,227,169,254
1605_jpg.rf.a5093e650782fc10413f27672dc1654e.jpg,416,416,6,175,227,191,253
1605_jpg.rf.a5093e650782fc10413f27672dc1654e.jpg,416,416,7,195,227,211,252
1605_jpg.rf.a5093e650782fc10413f27672dc1654e.jpg,416,416,8,216,227,231,253
1605_jpg.rf.a5093e650782fc10413f27672dc1654e.jpg,416,416,9,236,227,252,252
1605_jpg.rf.a5093e650782fc10413f27672dc1654e.jpg,416,416,1,176,271,191,296
1605_jpg.rf.a5093e650782fc10413f27672dc1654e.jpg,416,416,2,195,270,211,295
1605_jpg.rf.a5093e650782fc10413f27672dc1654e.jpg,416,416,3,216,270,230,295
1605_jpg.rf.a5093e650782fc10413f27672dc1654e.jpg,416,416,4,235,270,251,295
2096_jpg.rf.a7cf2b28ccb96c42228e5f75fbbed4d5.jpg,416,416,4,118,104,152,132
2096_jpg.rf.a7cf2b28ccb96c42228e5f75fbbed4d5.jpg,416,416,2,123,146,156,172
2096_jpg.rf.a7cf2b28ccb96c42228e5f75fbbed4d5.jpg,416,416,3,209,149,244,176
2096_jpg.rf.a7cf2b28ccb96c42228e5f75fbbed4d5.jpg,416,416,1,211,189,243,213
2003_jpg.rf.a51df519d48ee0c37c3cf0ecef2aa376.jpg,416,416,G,66,265,138,344
1429_jpg.rf.a61e5a33e6fda6120c36d26442f0784a.jpg,416,416,B,202,299,225,315
1429_jpg.rf.a61e5a33e6fda6120c36d26442f0784a.jpg,416,416,1,202,261,225,277
1429_jpg.rf.a61e5a33e6fda6120c36d26442f0784a.jpg,416,416,2,201,241,224,257
1429_jpg.rf.a61e5a33e6fda6120c36d26442f0784a.jpg,416,416,3,200,221,223,238
1429_jpg.rf.a61e5a33e6fda6120c36d26442f0784a.jpg,416,416,4,201,202,223,218
901_jpg.rf.a61851be2e40353c79ccac294bc884cd.jpg,416,416,s,180,297,194,326
901_jpg.rf.a61851be2e40353c79ccac294bc884cd.jpg,416,416,0,194,295,208,324
901_jpg.rf.a61851be2e40353c79ccac294bc884cd.jpg,416,416,-,208,295,222,324
901_jpg.rf.a61851be2e40353c79ccac294bc884cd.jpg,416,416,9,207,260,221,289
901_jpg.rf.a61851be2e40353c79ccac294bc884cd.jpg,416,416,8,193,262,207,291
901_jpg.rf.a61851be2e40353c79ccac294bc884cd.jpg,416,416,7,180,262,194,291
901_jpg.rf.a61851be2e40353c79ccac294bc884cd.jpg,416,416,6,180,228,194,257
901_jpg.rf.a61851be2e40353c79ccac294bc884cd.jpg,416,416,5,193,228,207,257
901_jpg.rf.a61851be2e40353c79ccac294bc884cd.jpg,416,416,4,207,227,221,256
901_jpg.rf.a61851be2e40353c79ccac294bc884cd.jpg,416,416,3,207,194,220,222
901_jpg.rf.a61851be2e40353c79ccac294bc884cd.jpg,416,416,2,193,195,207,223
901_jpg.rf.a61851be2e40353c79ccac294bc884cd.jpg,416,416,1,179,195,193,223
414_jpg.rf.a635068f058803f8c302ed9334bd06d4.jpg,416,416,4,240,140,284,198
414_jpg.rf.a635068f058803f8c302ed9334bd06d4.jpg,416,416,3,238,235,282,295
414_jpg.rf.a635068f058803f8c302ed9334bd06d4.jpg,416,416,2,170,141,216,205
414_jpg.rf.a635068f058803f8c302ed9334bd06d4.jpg,416,416,1,171,238,219,299
1726_jpg.rf.a5c0e24c5864ccd20d03800d69e72148.jpg,416,416,20,241,144,258,175
1726_jpg.rf.a5c0e24c5864ccd20d03800d69e72148.jpg,416,416,19,241,175,259,203
1726_jpg.rf.a5c0e24c5864ccd20d03800d69e72148.jpg,416,416,18,242,203,259,232
1726_jpg.rf.a5c0e24c5864ccd20d03800d69e72148.jpg,416,416,17,242,231,260,260
1726_jpg.rf.a5c0e24c5864ccd20d03800d69e72148.jpg,416,416,16,244,260,260,289
1726_jpg.rf.a5c0e24c5864ccd20d03800d69e72148.jpg,416,416,15,245,288,260,316
1726_jpg.rf.a5c0e24c5864ccd20d03800d69e72148.jpg,416,416,12,245,317,261,344
1726_jpg.rf.a5c0e24c5864ccd20d03800d69e72148.jpg,416,416,11,209,147,226,177
1726_jpg.rf.a5c0e24c5864ccd20d03800d69e72148.jpg,416,416,10,209,177,226,205
1726_jpg.rf.a5c0e24c5864ccd20d03800d69e72148.jpg,416,416,8,210,205,226,233
1726_jpg.rf.a5c0e24c5864ccd20d03800d69e72148.jpg,416,416,7,211,234,227,263
1726_jpg.rf.a5c0e24c5864ccd20d03800d69e72148.jpg,416,416,6,212,263,228,292
1726_jpg.rf.a5c0e24c5864ccd20d03800d69e72148.jpg,416,416,5,212,291,229,319
1726_jpg.rf.a5c0e24c5864ccd20d03800d69e72148.jpg,416,416,4,213,319,229,346
1726_jpg.rf.a5c0e24c5864ccd20d03800d69e72148.jpg,416,416,1,213,346,230,376
1042_jpg.rf.a4643ad0706c6b16fe046f60b1d38dd3.jpg,416,416,B,75,151,120,226
1042_jpg.rf.a4643ad0706c6b16fe046f60b1d38dd3.jpg,416,416,G,244,145,288,222
1042_jpg.rf.a4643ad0706c6b16fe046f60b1d38dd3.jpg,416,416,B,120,155,159,225
1042_jpg.rf.a4643ad0706c6b16fe046f60b1d38dd3.jpg,416,416,G,289,146,330,225
1371_jpg.rf.a5b2ca3ea8d790590ecf6522991b2d68.jpg,416,416,9,232,19,250,38
1371_jpg.rf.a5b2ca3ea8d790590ecf6522991b2d68.jpg,416,416,8,232,55,250,74
1371_jpg.rf.a5b2ca3ea8d790590ecf6522991b2d68.jpg,416,416,7,233,90,250,109
1371_jpg.rf.a5b2ca3ea8d790590ecf6522991b2d68.jpg,416,416,6,233,122,250,141
1371_jpg.rf.a5b2ca3ea8d790590ecf6522991b2d68.jpg,416,416,5,235,155,250,174
1371_jpg.rf.a5b2ca3ea8d790590ecf6522991b2d68.jpg,416,416,4,235,185,250,204
1371_jpg.rf.a5b2ca3ea8d790590ecf6522991b2d68.jpg,416,416,3,235,214,250,233
1371_jpg.rf.a5b2ca3ea8d790590ecf6522991b2d68.jpg,416,416,2,236,241,251,260
1371_jpg.rf.a5b2ca3ea8d790590ecf6522991b2d68.jpg,416,416,1,236,268,251,287
1040_jpg.rf.a67143f2a6a442008a1938793af7a070.jpg,416,416,4,187,232,212,248
1040_jpg.rf.a67143f2a6a442008a1938793af7a070.jpg,416,416,3,186,249,212,266
1040_jpg.rf.a67143f2a6a442008a1938793af7a070.jpg,416,416,2,187,267,212,285
1040_jpg.rf.a67143f2a6a442008a1938793af7a070.jpg,416,416,1,188,284,212,303
1040_jpg.rf.a67143f2a6a442008a1938793af7a070.jpg,416,416,G,187,303,213,320
921_jpg.rf.a74df6caa9a853bb46c797825e373711.jpg,416,416,4,192,100,210,132
921_jpg.rf.a74df6caa9a853bb46c797825e373711.jpg,416,416,3,192,143,210,175
921_jpg.rf.a74df6caa9a853bb46c797825e373711.jpg,416,416,2,192,185,210,217
921_jpg.rf.a74df6caa9a853bb46c797825e373711.jpg,416,416,1,192,227,210,259
1117_jpg.rf.a7ed039479c7279a6f5a8ae7428383ac.jpg,416,416,1,202,350,211,360
1117_jpg.rf.a7ed039479c7279a6f5a8ae7428383ac.jpg,416,416,2,172,338,183,349
1117_jpg.rf.a7ed039479c7279a6f5a8ae7428383ac.jpg,416,416,3,202,333,211,343
1117_jpg.rf.a7ed039479c7279a6f5a8ae7428383ac.jpg,416,416,4,172,323,182,334
1117_jpg.rf.a7ed039479c7279a6f5a8ae7428383ac.jpg,416,416,5,202,318,211,327
1117_jpg.rf.a7ed039479c7279a6f5a8ae7428383ac.jpg,416,416,6,171,306,182,316
997_jpg.rf.a655345461699b9b0d0e749acd6d6c34.jpg,416,416,6,180,79,205,125
997_jpg.rf.a655345461699b9b0d0e749acd6d6c34.jpg,416,416,5,180,124,206,168
997_jpg.rf.a655345461699b9b0d0e749acd6d6c34.jpg,416,416,8,219,85,242,129
997_jpg.rf.a655345461699b9b0d0e749acd6d6c34.jpg,416,416,7,220,128,243,169
997_jpg.rf.a655345461699b9b0d0e749acd6d6c34.jpg,416,416,4,181,170,244,211
997_jpg.rf.a655345461699b9b0d0e749acd6d6c34.jpg,416,416,3,181,212,244,257
997_jpg.rf.a655345461699b9b0d0e749acd6d6c34.jpg,416,416,2,182,254,245,303
997_jpg.rf.a655345461699b9b0d0e749acd6d6c34.jpg,416,416,1,182,297,245,351
692_jpg.rf.a6b647af424132495c47fa88ecbac395.jpg,416,416,5,189,152,240,183
692_jpg.rf.a6b647af424132495c47fa88ecbac395.jpg,416,416,4,191,188,241,218
692_jpg.rf.a6b647af424132495c47fa88ecbac395.jpg,416,416,3,192,222,242,252
692_jpg.rf.a6b647af424132495c47fa88ecbac395.jpg,416,416,2,193,257,239,286
692_jpg.rf.a6b647af424132495c47fa88ecbac395.jpg,416,416,1,196,289,241,317
1826_jpg.rf.a43cfbb401fec70a8e6eaf2782a4bb03.jpg,416,416,35,124,66,176,125
1826_jpg.rf.a43cfbb401fec70a8e6eaf2782a4bb03.jpg,416,416,31,130,123,178,176
1826_jpg.rf.a43cfbb401fec70a8e6eaf2782a4bb03.jpg,416,416,27,137,165,181,218
1826_jpg.rf.a43cfbb401fec70a8e6eaf2782a4bb03.jpg,416,416,2,140,208,182,259
1826_jpg.rf.a43cfbb401fec70a8e6eaf2782a4bb03.jpg,416,416,36,178,46,222,100
1826_jpg.rf.a43cfbb401fec70a8e6eaf2782a4bb03.jpg,416,416,32,180,95,222,148
1826_jpg.rf.a43cfbb401fec70a8e6eaf2782a4bb03.jpg,416,416,28,182,140,222,191
1826_jpg.rf.a43cfbb401fec70a8e6eaf2782a4bb03.jpg,416,416,3,184,179,222,227
1826_jpg.rf.a43cfbb401fec70a8e6eaf2782a4bb03.jpg,416,416,37,223,22,266,77
1826_jpg.rf.a43cfbb401fec70a8e6eaf2782a4bb03.jpg,416,416,33,222,74,260,124
1826_jpg.rf.a43cfbb401fec70a8e6eaf2782a4bb03.jpg,416,416,29,223,120,258,166
1826_jpg.rf.a43cfbb401fec70a8e6eaf2782a4bb03.jpg,416,416,4,223,158,257,203
1826_jpg.rf.a43cfbb401fec70a8e6eaf2782a4bb03.jpg,416,416,38,266,5,300,56
1826_jpg.rf.a43cfbb401fec70a8e6eaf2782a4bb03.jpg,416,416,34,262,55,296,101
1826_jpg.rf.a43cfbb401fec70a8e6eaf2782a4bb03.jpg,416,416,30,260,100,294,142
1826_jpg.rf.a43cfbb401fec70a8e6eaf2782a4bb03.jpg,416,416,5,257,137,287,178
1904_jpg.rf.a7667d19def7928b7b8d530021cdd61a.jpg,416,416,12,237,275,277,325
1904_jpg.rf.a7667d19def7928b7b8d530021cdd61a.jpg,416,416,9,112,343,155,394
1904_jpg.rf.a7667d19def7928b7b8d530021cdd61a.jpg,416,416,11,110,284,155,338
1904_jpg.rf.a7667d19def7928b7b8d530021cdd61a.jpg,416,416,16,237,217,281,270
1904_jpg.rf.a7667d19def7928b7b8d530021cdd61a.jpg,416,416,15,108,221,154,277
1904_jpg.rf.a7667d19def7928b7b8d530021cdd61a.jpg,416,416,17,106,155,155,213
1904_jpg.rf.a7667d19def7928b7b8d530021cdd61a.jpg,416,416,18,242,153,285,210
1904_jpg.rf.a7667d19def7928b7b8d530021cdd61a.jpg,416,416,20,243,84,289,147
1904_jpg.rf.a7667d19def7928b7b8d530021cdd61a.jpg,416,416,19,103,79,154,145
1904_jpg.rf.a7667d19def7928b7b8d530021cdd61a.jpg,416,416,E,38,78,111,145
1904_jpg.rf.a7667d19def7928b7b8d530021cdd61a.jpg,416,416,E,41,153,112,215
1904_jpg.rf.a7667d19def7928b7b8d530021cdd61a.jpg,416,416,A,46,223,112,281
1904_jpg.rf.a7667d19def7928b7b8d530021cdd61a.jpg,416,416,A,184,277,243,332
1904_jpg.rf.a7667d19def7928b7b8d530021cdd61a.jpg,416,416,E,184,219,244,272
1904_jpg.rf.a7667d19def7928b7b8d530021cdd61a.jpg,416,416,E,186,155,247,211
1904_jpg.rf.a7667d19def7928b7b8d530021cdd61a.jpg,416,416,E,186,84,250,146
20_jpg.rf.a84ca25bc57cc586b4a45ad291d676d3.jpg,416,416,3,159,107,212,149
20_jpg.rf.a84ca25bc57cc586b4a45ad291d676d3.jpg,416,416,2,273,134,327,175
20_jpg.rf.a84ca25bc57cc586b4a45ad291d676d3.jpg,416,416,1,157,160,210,201
20_jpg.rf.a84ca25bc57cc586b4a45ad291d676d3.jpg,416,416,E,270,185,322,224
20_jpg.rf.a84ca25bc57cc586b4a45ad291d676d3.jpg,416,416,K,158,210,209,251
1948_jpg.rf.a97dde421edf054cb5678719b41d7536.jpg,416,416,7,151,169,176,186
1948_jpg.rf.a97dde421edf054cb5678719b41d7536.jpg,416,416,8,218,168,243,186
1948_jpg.rf.a97dde421edf054cb5678719b41d7536.jpg,416,416,5,152,192,177,209
1948_jpg.rf.a97dde421edf054cb5678719b41d7536.jpg,416,416,6,217,191,242,208
1948_jpg.rf.a97dde421edf054cb5678719b41d7536.jpg,416,416,3,151,214,176,231
1948_jpg.rf.a97dde421edf054cb5678719b41d7536.jpg,416,416,4,218,212,243,230
1948_jpg.rf.a97dde421edf054cb5678719b41d7536.jpg,416,416,1,151,235,176,253
1948_jpg.rf.a97dde421edf054cb5678719b41d7536.jpg,416,416,2,216,234,242,251
1948_jpg.rf.a97dde421edf054cb5678719b41d7536.jpg,416,416,G,151,256,177,274
1948_jpg.rf.a97dde421edf054cb5678719b41d7536.jpg,416,416,M,216,256,242,273
1948_jpg.rf.a97dde421edf054cb5678719b41d7536.jpg,416,416,U,153,291,173,306
1948_jpg.rf.a97dde421edf054cb5678719b41d7536.jpg,416,416,D,218,290,239,305
1951_jpg.rf.a72c94ab83394913db8431d523f5ea09.jpg,416,416,7,205,88,227,131
1951_jpg.rf.a72c94ab83394913db8431d523f5ea09.jpg,416,416,6,206,129,227,168
1951_jpg.rf.a72c94ab83394913db8431d523f5ea09.jpg,416,416,5,205,167,227,205
1951_jpg.rf.a72c94ab83394913db8431d523f5ea09.jpg,416,416,4,206,204,227,243
1951_jpg.rf.a72c94ab83394913db8431d523f5ea09.jpg,416,416,3,206,242,227,279
1951_jpg.rf.a72c94ab83394913db8431d523f5ea09.jpg,416,416,2,206,275,227,313
1951_jpg.rf.a72c94ab83394913db8431d523f5ea09.jpg,416,416,1,206,311,227,348
1951_jpg.rf.a72c94ab83394913db8431d523f5ea09.jpg,416,416,G,206,346,227,384
1255_jpg.rf.a9411d762cf2c3677e7d0d24ced3b133.jpg,416,416,9,231,127,278,160
1255_jpg.rf.a9411d762cf2c3677e7d0d24ced3b133.jpg,416,416,8,231,163,278,194
1255_jpg.rf.a9411d762cf2c3677e7d0d24ced3b133.jpg,416,416,7,231,196,278,228
1255_jpg.rf.a9411d762cf2c3677e7d0d24ced3b133.jpg,416,416,6,231,230,278,259
1255_jpg.rf.a9411d762cf2c3677e7d0d24ced3b133.jpg,416,416,5,231,260,278,291
1255_jpg.rf.a9411d762cf2c3677e7d0d24ced3b133.jpg,416,416,4,151,127,198,160
1255_jpg.rf.a9411d762cf2c3677e7d0d24ced3b133.jpg,416,416,3,154,164,199,195
1255_jpg.rf.a9411d762cf2c3677e7d0d24ced3b133.jpg,416,416,2,154,196,199,226
1255_jpg.rf.a9411d762cf2c3677e7d0d24ced3b133.jpg,416,416,1,155,229,198,257
1166_jpg.rf.a8c02a06d46778477630f7fc862f9977.jpg,416,416,2,162,241,173,261
1166_jpg.rf.a8c02a06d46778477630f7fc862f9977.jpg,416,416,3,162,212,174,233
1166_jpg.rf.a8c02a06d46778477630f7fc862f9977.jpg,416,416,5,162,186,175,208
1166_jpg.rf.a8c02a06d46778477630f7fc862f9977.jpg,416,416,7,162,159,175,181
1166_jpg.rf.a8c02a06d46778477630f7fc862f9977.jpg,416,416,9,162,132,175,156
1166_jpg.rf.a8c02a06d46778477630f7fc862f9977.jpg,416,416,10,162,105,175,130
1166_jpg.rf.a8c02a06d46778477630f7fc862f9977.jpg,416,416,11,162,77,175,102
1166_jpg.rf.a8c02a06d46778477630f7fc862f9977.jpg,416,416,8,188,133,201,157
1166_jpg.rf.a8c02a06d46778477630f7fc862f9977.jpg,416,416,6,188,159,201,184
1166_jpg.rf.a8c02a06d46778477630f7fc862f9977.jpg,416,416,4,188,186,201,210
1071_jpg.rf.a8c3dff21c601154d53630a352edd17b.jpg,416,416,2,185,152,214,192
1071_jpg.rf.a8c3dff21c601154d53630a352edd17b.jpg,416,416,1,184,245,212,285
1071_jpg.rf.a8c3dff21c601154d53630a352edd17b.jpg,416,416,G,182,290,212,329
964_jpg.rf.acd71da51a26108f2f076ea2dbfdac54.jpg,416,416,1,162,134,180,167
964_jpg.rf.acd71da51a26108f2f076ea2dbfdac54.jpg,416,416,2,184,133,203,167
964_jpg.rf.acd71da51a26108f2f076ea2dbfdac54.jpg,416,416,3,207,134,225,166
964_jpg.rf.acd71da51a26108f2f076ea2dbfdac54.jpg,416,416,4,163,175,181,208
964_jpg.rf.acd71da51a26108f2f076ea2dbfdac54.jpg,416,416,5,185,175,204,208
964_jpg.rf.acd71da51a26108f2f076ea2dbfdac54.jpg,416,416,6,207,174,226,207
964_jpg.rf.acd71da51a26108f2f076ea2dbfdac54.jpg,416,416,7,163,216,182,250
964_jpg.rf.acd71da51a26108f2f076ea2dbfdac54.jpg,416,416,8,186,215,204,248
964_jpg.rf.acd71da51a26108f2f076ea2dbfdac54.jpg,416,416,9,208,213,226,247
964_jpg.rf.acd71da51a26108f2f076ea2dbfdac54.jpg,416,416,s,164,255,182,289
964_jpg.rf.acd71da51a26108f2f076ea2dbfdac54.jpg,416,416,-,209,253,227,287
919_jpg.rf.aa3aa978cc55222ef9ec799e800c882c.jpg,416,416,5,101,218,151,315
919_jpg.rf.aa3aa978cc55222ef9ec799e800c882c.jpg,416,416,9,180,225,230,322
263_jpg.rf.abc2794b765f4390d6ac05ac40eafd31.jpg,416,416,16,183,91,193,111
263_jpg.rf.abc2794b765f4390d6ac05ac40eafd31.jpg,416,416,15,183,116,194,135
263_jpg.rf.abc2794b765f4390d6ac05ac40eafd31.jpg,416,416,14,184,139,194,158
263_jpg.rf.abc2794b765f4390d6ac05ac40eafd31.jpg,416,416,13,184,163,195,182
263_jpg.rf.abc2794b765f4390d6ac05ac40eafd31.jpg,416,416,3,184,187,195,206
263_jpg.rf.abc2794b765f4390d6ac05ac40eafd31.jpg,416,416,2,185,210,195,229
263_jpg.rf.abc2794b765f4390d6ac05ac40eafd31.jpg,416,416,1,185,234,196,252
263_jpg.rf.abc2794b765f4390d6ac05ac40eafd31.jpg,416,416,17,213,208,223,227
263_jpg.rf.abc2794b765f4390d6ac05ac40eafd31.jpg,416,416,18,212,185,222,203
263_jpg.rf.abc2794b765f4390d6ac05ac40eafd31.jpg,416,416,19,212,162,222,180
263_jpg.rf.abc2794b765f4390d6ac05ac40eafd31.jpg,416,416,20,211,138,222,157
263_jpg.rf.abc2794b765f4390d6ac05ac40eafd31.jpg,416,416,21,211,115,221,134
951_jpg.rf.ad198a81f40b19b5cd62987b0bce8fda.jpg,416,416,3,230,231,272,256
951_jpg.rf.ad198a81f40b19b5cd62987b0bce8fda.jpg,416,416,2,231,252,273,277
951_jpg.rf.ad198a81f40b19b5cd62987b0bce8fda.jpg,416,416,1,231,272,273,296
951_jpg.rf.ad198a81f40b19b5cd62987b0bce8fda.jpg,416,416,E,229,293,271,315
951_jpg.rf.ad198a81f40b19b5cd62987b0bce8fda.jpg,416,416,K,228,312,270,335
1653_jpg.rf.aaa52ecb53af5cc473a660f634ba4321.jpg,416,416,P,214,391,229,416
223_jpg.rf.ab6ef4b466d3fb388f22a22145582470.jpg,416,416,1,53,134,82,182
223_jpg.rf.ab6ef4b466d3fb388f22a22145582470.jpg,416,416,2,116,134,144,182
223_jpg.rf.ab6ef4b466d3fb388f22a22145582470.jpg,416,416,3,181,135,208,183
223_jpg.rf.ab6ef4b466d3fb388f22a22145582470.jpg,416,416,4,246,135,276,183
301_jpg.rf.ad2bd473486e532316e0038049dd43da.jpg,416,416,4,205,297,237,313
301_jpg.rf.ad2bd473486e532316e0038049dd43da.jpg,416,416,3,206,313,236,327
301_jpg.rf.ad2bd473486e532316e0038049dd43da.jpg,416,416,2,206,328,236,343
301_jpg.rf.ad2bd473486e532316e0038049dd43da.jpg,416,416,1,207,340,236,356
1537_jpg.rf.ad874e9680e8c502b7c67c1264a477ba.jpg,416,416,1,183,126,241,177
1537_jpg.rf.ad874e9680e8c502b7c67c1264a477ba.jpg,416,416,0,182,178,237,225
1461_jpg.rf.ae11f5f787a861a88eb88c55c78b07c7.jpg,416,416,7,155,271,218,316
1461_jpg.rf.ae11f5f787a861a88eb88c55c78b07c7.jpg,416,416,5,158,325,219,365
1461_jpg.rf.ae11f5f787a861a88eb88c55c78b07c7.jpg,416,416,3,161,372,219,414
1461_jpg.rf.ae11f5f787a861a88eb88c55c78b07c7.jpg,416,416,8,237,267,297,310
1461_jpg.rf.ae11f5f787a861a88eb88c55c78b07c7.jpg,416,416,6,237,319,297,360
1461_jpg.rf.ae11f5f787a861a88eb88c55c78b07c7.jpg,416,416,4,238,367,295,407
1720_jpg.rf.aa3b5286a8db99545476e325555a9b52.jpg,416,416,11,175,203,189,215
1720_jpg.rf.aa3b5286a8db99545476e325555a9b52.jpg,416,416,10,214,226,227,236
1720_jpg.rf.aa3b5286a8db99545476e325555a9b52.jpg,416,416,9,175,223,189,235
1720_jpg.rf.aa3b5286a8db99545476e325555a9b52.jpg,416,416,8,213,245,227,257
1720_jpg.rf.aa3b5286a8db99545476e325555a9b52.jpg,416,416,7,176,243,189,254
1720_jpg.rf.aa3b5286a8db99545476e325555a9b52.jpg,416,416,6,213,266,227,277
1720_jpg.rf.aa3b5286a8db99545476e325555a9b52.jpg,416,416,5,176,262,189,273
1720_jpg.rf.aa3b5286a8db99545476e325555a9b52.jpg,416,416,4,213,284,227,295
1720_jpg.rf.aa3b5286a8db99545476e325555a9b52.jpg,416,416,3,176,281,189,292
1720_jpg.rf.aa3b5286a8db99545476e325555a9b52.jpg,416,416,2,212,303,226,316
1720_jpg.rf.aa3b5286a8db99545476e325555a9b52.jpg,416,416,M,175,300,190,312
1173_jpg.rf.aa2c055dfda7864e4eda013fd5b33e20.jpg,416,416,1,218,328,238,346
1173_jpg.rf.aa2c055dfda7864e4eda013fd5b33e20.jpg,416,416,2,224,305,242,325
1173_jpg.rf.aa2c055dfda7864e4eda013fd5b33e20.jpg,416,416,3,226,284,246,303
1173_jpg.rf.aa2c055dfda7864e4eda013fd5b33e20.jpg,416,416,4,229,256,249,278
1173_jpg.rf.aa2c055dfda7864e4eda013fd5b33e20.jpg,416,416,5,256,333,275,350
1173_jpg.rf.aa2c055dfda7864e4eda013fd5b33e20.jpg,416,416,6,259,308,278,329
1173_jpg.rf.aa2c055dfda7864e4eda013fd5b33e20.jpg,416,416,7,263,285,284,306
237_jpg.rf.ad45b8aa7a7d2acf8e9577daf2f28d33.jpg,416,416,14,144,205,176,225
237_jpg.rf.ad45b8aa7a7d2acf8e9577daf2f28d33.jpg,416,416,16,198,204,229,223
237_jpg.rf.ad45b8aa7a7d2acf8e9577daf2f28d33.jpg,416,416,10,147,227,177,246
237_jpg.rf.ad45b8aa7a7d2acf8e9577daf2f28d33.jpg,416,416,12,198,226,228,244
237_jpg.rf.ad45b8aa7a7d2acf8e9577daf2f28d33.jpg,416,416,6,150,248,179,265
237_jpg.rf.ad45b8aa7a7d2acf8e9577daf2f28d33.jpg,416,416,8,199,247,227,264
237_jpg.rf.ad45b8aa7a7d2acf8e9577daf2f28d33.jpg,416,416,3,152,267,180,284
237_jpg.rf.ad45b8aa7a7d2acf8e9577daf2f28d33.jpg,416,416,4,199,265,227,282
237_jpg.rf.ad45b8aa7a7d2acf8e9577daf2f28d33.jpg,416,416,1,154,285,181,300
237_jpg.rf.ad45b8aa7a7d2acf8e9577daf2f28d33.jpg,416,416,2,200,283,226,299
237_jpg.rf.ad45b8aa7a7d2acf8e9577daf2f28d33.jpg,416,416,M,201,300,226,314
846_jpg.rf.ad20f33e18453ed6b29df652fce284e1.jpg,416,416,1,152,151,189,180
846_jpg.rf.ad20f33e18453ed6b29df652fce284e1.jpg,416,416,G,154,215,192,245
397_jpg.rf.ae9a1383c73da85720a025fa5abbebf3.jpg,416,416,6,185,18,235,67
397_jpg.rf.ae9a1383c73da85720a025fa5abbebf3.jpg,416,416,5,186,79,232,122
397_jpg.rf.ae9a1383c73da85720a025fa5abbebf3.jpg,416,416,4,185,136,232,173
397_jpg.rf.ae9a1383c73da85720a025fa5abbebf3.jpg,416,416,3,185,187,233,227
397_jpg.rf.ae9a1383c73da85720a025fa5abbebf3.jpg,416,416,2,185,236,232,278
1447_jpg.rf.ae554ec5bb53168a1cb7c8d146bac2d7.jpg,416,416,1,81,131,131,210
1447_jpg.rf.ae554ec5bb53168a1cb7c8d146bac2d7.jpg,416,416,2,140,129,191,210
1447_jpg.rf.ae554ec5bb53168a1cb7c8d146bac2d7.jpg,416,416,3,202,129,254,210
1087_jpg.rf.ada6c49563b7fef2da4e2f297876c342.jpg,416,416,5,212,0,253,37
1087_jpg.rf.ada6c49563b7fef2da4e2f297876c342.jpg,416,416,4,214,47,252,93
1087_jpg.rf.ada6c49563b7fef2da4e2f297876c342.jpg,416,416,3,215,103,254,148
1087_jpg.rf.ada6c49563b7fef2da4e2f297876c342.jpg,416,416,2,215,156,253,201
1087_jpg.rf.ada6c49563b7fef2da4e2f297876c342.jpg,416,416,1,216,209,253,251
1087_jpg.rf.ada6c49563b7fef2da4e2f297876c342.jpg,416,416,B,216,259,254,301
1098_jpg.rf.af5e10d21225f52a49597094c872e65b.jpg,416,416,23,186,16,210,62
1098_jpg.rf.af5e10d21225f52a49597094c872e65b.jpg,416,416,24,221,19,243,64
1098_jpg.rf.af5e10d21225f52a49597094c872e65b.jpg,416,416,22,219,76,240,117
1098_jpg.rf.af5e10d21225f52a49597094c872e65b.jpg,416,416,21,186,72,209,115
1098_jpg.rf.af5e10d21225f52a49597094c872e65b.jpg,416,416,19,185,125,207,166
1098_jpg.rf.af5e10d21225f52a49597094c872e65b.jpg,416,416,20,217,126,239,166
1098_jpg.rf.af5e10d21225f52a49597094c872e65b.jpg,416,416,18,215,176,236,213
1098_jpg.rf.af5e10d21225f52a49597094c872e65b.jpg,416,416,17,185,175,206,213
1098_jpg.rf.af5e10d21225f52a49597094c872e65b.jpg,416,416,15,184,221,205,259
1098_jpg.rf.af5e10d21225f52a49597094c872e65b.jpg,416,416,16,214,222,234,260
1098_jpg.rf.af5e10d21225f52a49597094c872e65b.jpg,416,416,14,212,266,233,302
1098_jpg.rf.af5e10d21225f52a49597094c872e65b.jpg,416,416,11,211,310,231,345
793_jpg.rf.b0f75d1356753d0dfed809a91600f299.jpg,416,416,5,163,108,221,198
793_jpg.rf.b0f75d1356753d0dfed809a91600f299.jpg,416,416,6,224,50,278,141
793_jpg.rf.b0f75d1356753d0dfed809a91600f299.jpg,416,416,4,248,137,293,214
793_jpg.rf.b0f75d1356753d0dfed809a91600f299.jpg,416,416,3,192,195,245,276
793_jpg.rf.b0f75d1356753d0dfed809a91600f299.jpg,416,416,2,265,208,308,282
793_jpg.rf.b0f75d1356753d0dfed809a91600f299.jpg,416,416,1,215,262,264,335
793_jpg.rf.b0f75d1356753d0dfed809a91600f299.jpg,416,416,0,280,264,324,332
970_jpg.rf.af8ea5314b362575d96d93c4a06912a4.jpg,416,416,1,50,146,130,253
970_jpg.rf.af8ea5314b362575d96d93c4a06912a4.jpg,416,416,2,153,146,233,253
970_jpg.rf.af8ea5314b362575d96d93c4a06912a4.jpg,416,416,3,257,148,337,255
971_jpg.rf.afabea57067d455da59cc2eb94159763.jpg,416,416,6,209,109,239,160
971_jpg.rf.afabea57067d455da59cc2eb94159763.jpg,416,416,4,210,156,239,208
971_jpg.rf.afabea57067d455da59cc2eb94159763.jpg,416,416,5,247,169,279,223
971_jpg.rf.afabea57067d455da59cc2eb94159763.jpg,416,416,2,211,202,239,250
971_jpg.rf.afabea57067d455da59cc2eb94159763.jpg,416,416,3,247,218,278,270
971_jpg.rf.afabea57067d455da59cc2eb94159763.jpg,416,416,0,212,245,240,292
971_jpg.rf.afabea57067d455da59cc2eb94159763.jpg,416,416,1,246,261,276,311
524_jpg.rf.b0df4e24dac28f705e8f12acea64a0fd.jpg,416,416,3,120,96,149,149
524_jpg.rf.b0df4e24dac28f705e8f12acea64a0fd.jpg,416,416,4,230,95,261,151
524_jpg.rf.b0df4e24dac28f705e8f12acea64a0fd.jpg,416,416,2,230,165,260,217
1265_jpg.rf.af49de8a590974faf21c0909a13fe323.jpg,416,416,G,184,88,194,94
1265_jpg.rf.af49de8a590974faf21c0909a13fe323.jpg,416,416,1,194,88,203,95
1265_jpg.rf.af49de8a590974faf21c0909a13fe323.jpg,416,416,2,203,88,212,94
1265_jpg.rf.af49de8a590974faf21c0909a13fe323.jpg,416,416,3,213,87,222,94
1423_jpg.rf.b17b6111c5ca016b347d8575b1ba5f3c.jpg,416,416,13,188,49,270,73
1423_jpg.rf.b17b6111c5ca016b347d8575b1ba5f3c.jpg,416,416,12,189,90,267,112
1423_jpg.rf.b17b6111c5ca016b347d8575b1ba5f3c.jpg,416,416,11,189,125,265,147
1423_jpg.rf.b17b6111c5ca016b347d8575b1ba5f3c.jpg,416,416,10,192,158,263,180
1423_jpg.rf.b17b6111c5ca016b347d8575b1ba5f3c.jpg,416,416,9,193,187,261,208
1423_jpg.rf.b17b6111c5ca016b347d8575b1ba5f3c.jpg,416,416,8,193,215,260,233
1423_jpg.rf.b17b6111c5ca016b347d8575b1ba5f3c.jpg,416,416,7,194,243,258,257
1423_jpg.rf.b17b6111c5ca016b347d8575b1ba5f3c.jpg,416,416,6,195,268,257,281
1423_jpg.rf.b17b6111c5ca016b347d8575b1ba5f3c.jpg,416,416,5,196,289,257,303
1423_jpg.rf.b17b6111c5ca016b347d8575b1ba5f3c.jpg,416,416,4,197,311,256,322
1423_jpg.rf.b17b6111c5ca016b347d8575b1ba5f3c.jpg,416,416,3,198,330,255,343
1423_jpg.rf.b17b6111c5ca016b347d8575b1ba5f3c.jpg,416,416,2,199,349,252,360
1423_jpg.rf.b17b6111c5ca016b347d8575b1ba5f3c.jpg,416,416,1,198,367,254,377
1423_jpg.rf.b17b6111c5ca016b347d8575b1ba5f3c.jpg,416,416,B,198,382,251,393
1673_jpg.rf.b1195dee4047112fcb460f06b8c47690.jpg,416,416,7,190,369,204,396
1673_jpg.rf.b1195dee4047112fcb460f06b8c47690.jpg,416,416,6,190,399,204,416
1394_jpg.rf.af68bbacaa0943faac8af1c2ee99d2c0.jpg,416,416,7,242,255,253,265
1394_jpg.rf.af68bbacaa0943faac8af1c2ee99d2c0.jpg,416,416,5,242,265,253,275
1394_jpg.rf.af68bbacaa0943faac8af1c2ee99d2c0.jpg,416,416,G,242,296,253,307
1394_jpg.rf.af68bbacaa0943faac8af1c2ee99d2c0.jpg,416,416,11,276,279,288,289
1394_jpg.rf.af68bbacaa0943faac8af1c2ee99d2c0.jpg,416,416,9,276,290,288,300
1326_jpg.rf.b2092c410594f91981c4ac082093e2b2.jpg,416,416,8,161,34,267,114
1326_jpg.rf.b2092c410594f91981c4ac082093e2b2.jpg,416,416,7,168,109,261,179
1326_jpg.rf.b2092c410594f91981c4ac082093e2b2.jpg,416,416,6,170,177,254,240
1326_jpg.rf.b2092c410594f91981c4ac082093e2b2.jpg,416,416,5,174,233,252,290
1326_jpg.rf.b2092c410594f91981c4ac082093e2b2.jpg,416,416,3,175,287,248,335
308_jpg.rf.aefbf3c816ee2fc8bc611e564515ad34.jpg,416,416,3,129,102,167,157
308_jpg.rf.aefbf3c816ee2fc8bc611e564515ad34.jpg,416,416,4,205,81,240,135
308_jpg.rf.aefbf3c816ee2fc8bc611e564515ad34.jpg,416,416,1,139,168,174,216
308_jpg.rf.aefbf3c816ee2fc8bc611e564515ad34.jpg,416,416,2,210,146,242,194
1638_jpg.rf.b224865ccefb12ee2e1876f6eb343a69.jpg,416,416,R,203,130,221,162
1638_jpg.rf.b224865ccefb12ee2e1876f6eb343a69.jpg,416,416,2,202,166,221,198
1638_jpg.rf.b224865ccefb12ee2e1876f6eb343a69.jpg,416,416,1,203,201,220,234
1638_jpg.rf.b224865ccefb12ee2e1876f6eb343a69.jpg,416,416,G,203,238,220,269
1638_jpg.rf.b224865ccefb12ee2e1876f6eb343a69.jpg,416,416,B,202,272,220,305
204_jpg.rf.b2d2f5853df5ae1e3feddbb329b2a7f6.jpg,416,416,4,199,114,218,138
204_jpg.rf.b2d2f5853df5ae1e3feddbb329b2a7f6.jpg,416,416,3,199,147,218,172
204_jpg.rf.b2d2f5853df5ae1e3feddbb329b2a7f6.jpg,416,416,2,199,181,218,205
204_jpg.rf.b2d2f5853df5ae1e3feddbb329b2a7f6.jpg,416,416,1,200,214,218,238
204_jpg.rf.b2d2f5853df5ae1e3feddbb329b2a7f6.jpg,416,416,B,200,247,218,269
869_jpg.rf.b1189287d12f9e0944b62b337f066954.jpg,416,416,2,147,13,206,89
869_jpg.rf.b1189287d12f9e0944b62b337f066954.jpg,416,416,1,146,100,202,175
869_jpg.rf.b1189287d12f9e0944b62b337f066954.jpg,416,416,P,149,173,205,246
869_jpg.rf.b1189287d12f9e0944b62b337f066954.jpg,416,416,C,153,244,206,316
188_jpg.rf.b386dc7350adba62b7b07864c066b97e.jpg,416,416,3,186,277,220,293
188_jpg.rf.b386dc7350adba62b7b07864c066b97e.jpg,416,416,2,185,296,219,310
188_jpg.rf.b386dc7350adba62b7b07864c066b97e.jpg,416,416,1,185,312,220,328
850_jpg.rf.b22c6c04dc42dee5a24e75400052455a.jpg,416,416,2,257,172,353,238
850_jpg.rf.b22c6c04dc42dee5a24e75400052455a.jpg,416,416,3,142,102,242,175
1101_jpg.rf.b199a4573b186eace98c11448a32c53b.jpg,416,416,1,155,125,171,155
1101_jpg.rf.b199a4573b186eace98c11448a32c53b.jpg,416,416,2,178,124,194,154
1101_jpg.rf.b199a4573b186eace98c11448a32c53b.jpg,416,416,3,202,124,218,154
1101_jpg.rf.b199a4573b186eace98c11448a32c53b.jpg,416,416,4,225,123,241,153
1101_jpg.rf.b199a4573b186eace98c11448a32c53b.jpg,416,416,5,248,124,264,154
1347_jpg.rf.b475a7e1ad298c8e652b9bab56d6eabc.jpg,416,416,9,189,235,197,241
1347_jpg.rf.b475a7e1ad298c8e652b9bab56d6eabc.jpg,416,416,8,212,241,220,248
1347_jpg.rf.b475a7e1ad298c8e652b9bab56d6eabc.jpg,416,416,7,188,250,196,257
1347_jpg.rf.b475a7e1ad298c8e652b9bab56d6eabc.jpg,416,416,6,212,257,220,264
1347_jpg.rf.b475a7e1ad298c8e652b9bab56d6eabc.jpg,416,416,5,188,267,196,273
1347_jpg.rf.b475a7e1ad298c8e652b9bab56d6eabc.jpg,416,416,4,212,272,220,278
1347_jpg.rf.b475a7e1ad298c8e652b9bab56d6eabc.jpg,416,416,3,188,282,197,290
1347_jpg.rf.b475a7e1ad298c8e652b9bab56d6eabc.jpg,416,416,2,212,288,221,295
1347_jpg.rf.b475a7e1ad298c8e652b9bab56d6eabc.jpg,416,416,1,187,299,196,307
1983_jpg.rf.b1b857d190389a027ccbe402c03ef9af.jpg,416,416,1,165,126,223,171
1983_jpg.rf.b1b857d190389a027ccbe402c03ef9af.jpg,416,416,0,164,176,222,221
262_jpg.rf.b3b5309354b4d663ddea41e3df8e7946.jpg,416,416,3,185,68,229,117
262_jpg.rf.b3b5309354b4d663ddea41e3df8e7946.jpg,416,416,2,188,130,230,175
262_jpg.rf.b3b5309354b4d663ddea41e3df8e7946.jpg,416,416,1,189,187,231,230
262_jpg.rf.b3b5309354b4d663ddea41e3df8e7946.jpg,416,416,G,190,240,231,283
262_jpg.rf.b3b5309354b4d663ddea41e3df8e7946.jpg,416,416,B,193,290,231,325
1712_jpg.rf.b4f14e3b2605b87dd09a915131d98557.jpg,416,416,3,236,219,253,248
1712_jpg.rf.b4f14e3b2605b87dd09a915131d98557.jpg,416,416,2,197,223,214,253
959_jpg.rf.b540d54f70d85096047d4d64ad89218c.jpg,416,416,6,171,78,190,112
959_jpg.rf.b540d54f70d85096047d4d64ad89218c.jpg,416,416,7,202,79,222,112
959_jpg.rf.b540d54f70d85096047d4d64ad89218c.jpg,416,416,4,171,115,190,147
959_jpg.rf.b540d54f70d85096047d4d64ad89218c.jpg,416,416,5,202,116,221,148
959_jpg.rf.b540d54f70d85096047d4d64ad89218c.jpg,416,416,2,171,151,190,183
959_jpg.rf.b540d54f70d85096047d4d64ad89218c.jpg,416,416,3,201,151,220,183
959_jpg.rf.b540d54f70d85096047d4d64ad89218c.jpg,416,416,1,201,186,220,217
181_jpg.rf.b460ce40f3f4c64adb2d8e8b6715416b.jpg,416,416,4,142,38,195,93
181_jpg.rf.b460ce40f3f4c64adb2d8e8b6715416b.jpg,416,416,3,152,106,199,156
181_jpg.rf.b460ce40f3f4c64adb2d8e8b6715416b.jpg,416,416,2,158,164,201,206
181_jpg.rf.b460ce40f3f4c64adb2d8e8b6715416b.jpg,416,416,1,164,211,205,251
1392_jpg.rf.b22b00ab8cdfebdeaf2cbe6150bf8ba6.jpg,416,416,26,179,91,244,130
1392_jpg.rf.b22b00ab8cdfebdeaf2cbe6150bf8ba6.jpg,416,416,25,176,129,239,167
1392_jpg.rf.b22b00ab8cdfebdeaf2cbe6150bf8ba6.jpg,416,416,24,173,164,236,201
1392_jpg.rf.b22b00ab8cdfebdeaf2cbe6150bf8ba6.jpg,416,416,23,167,200,232,235
1392_jpg.rf.b22b00ab8cdfebdeaf2cbe6150bf8ba6.jpg,416,416,22,164,232,228,266
1392_jpg.rf.b22b00ab8cdfebdeaf2cbe6150bf8ba6.jpg,416,416,21,161,265,224,296
1392_jpg.rf.b22b00ab8cdfebdeaf2cbe6150bf8ba6.jpg,416,416,20,159,295,220,326
1392_jpg.rf.b22b00ab8cdfebdeaf2cbe6150bf8ba6.jpg,416,416,19,157,323,216,356
1392_jpg.rf.b22b00ab8cdfebdeaf2cbe6150bf8ba6.jpg,416,416,18,154,352,212,384
1392_jpg.rf.b22b00ab8cdfebdeaf2cbe6150bf8ba6.jpg,416,416,17,151,379,210,407
1392_jpg.rf.b22b00ab8cdfebdeaf2cbe6150bf8ba6.jpg,416,416,16,111,86,177,125
1392_jpg.rf.b22b00ab8cdfebdeaf2cbe6150bf8ba6.jpg,416,416,15,109,126,174,164
1392_jpg.rf.b22b00ab8cdfebdeaf2cbe6150bf8ba6.jpg,416,416,14,107,163,172,199
1392_jpg.rf.b22b00ab8cdfebdeaf2cbe6150bf8ba6.jpg,416,416,12,105,200,170,235
1392_jpg.rf.b22b00ab8cdfebdeaf2cbe6150bf8ba6.jpg,416,416,11,103,232,168,266
1392_jpg.rf.b22b00ab8cdfebdeaf2cbe6150bf8ba6.jpg,416,416,3,100,266,165,296
1392_jpg.rf.b22b00ab8cdfebdeaf2cbe6150bf8ba6.jpg,416,416,2,97,296,163,326
1392_jpg.rf.b22b00ab8cdfebdeaf2cbe6150bf8ba6.jpg,416,416,1,93,356,157,384
916_jpg.rf.b33d80215c0c08a86a677e84d8231ff8.jpg,416,416,1,74,93,110,153
916_jpg.rf.b33d80215c0c08a86a677e84d8231ff8.jpg,416,416,G,245,162,287,222
916_jpg.rf.b33d80215c0c08a86a677e84d8231ff8.jpg,416,416,B,241,264,283,324
916_jpg.rf.b33d80215c0c08a86a677e84d8231ff8.jpg,416,416,1,108,91,164,186
916_jpg.rf.b33d80215c0c08a86a677e84d8231ff8.jpg,416,416,G,180,118,247,216
916_jpg.rf.b33d80215c0c08a86a677e84d8231ff8.jpg,416,416,B,183,230,242,317
1607_jpg.rf.b4602fea1e10c19817315bf2df89f039.jpg,416,416,8,187,7,219,66
1607_jpg.rf.b4602fea1e10c19817315bf2df89f039.jpg,416,416,9,243,3,273,63
1607_jpg.rf.b4602fea1e10c19817315bf2df89f039.jpg,416,416,6,188,73,218,132
1607_jpg.rf.b4602fea1e10c19817315bf2df89f039.jpg,416,416,7,242,69,273,128
1607_jpg.rf.b4602fea1e10c19817315bf2df89f039.jpg,416,416,4,189,140,219,195
1607_jpg.rf.b4602fea1e10c19817315bf2df89f039.jpg,416,416,5,244,132,272,187
1607_jpg.rf.b4602fea1e10c19817315bf2df89f039.jpg,416,416,2,190,202,220,252
1607_jpg.rf.b4602fea1e10c19817315bf2df89f039.jpg,416,416,3,242,193,270,244
1607_jpg.rf.b4602fea1e10c19817315bf2df89f039.jpg,416,416,1,241,246,270,301
1368_jpg.rf.b4a860f7ffcfbaab2d561bbbafd6f32b.jpg,416,416,3,166,35,197,94
1368_jpg.rf.b4a860f7ffcfbaab2d561bbbafd6f32b.jpg,416,416,1,166,103,200,161
1368_jpg.rf.b4a860f7ffcfbaab2d561bbbafd6f32b.jpg,416,416,2,199,104,228,160
1939_jpg.rf.b4410ef2b975aa08b032389de9c05e19.jpg,416,416,3,41,264,111,375
1939_jpg.rf.b4410ef2b975aa08b032389de9c05e19.jpg,416,416,4,172,258,239,372
1939_jpg.rf.b4410ef2b975aa08b032389de9c05e19.jpg,416,416,5,296,257,363,365
1939_jpg.rf.b4410ef2b975aa08b032389de9c05e19.jpg,416,416,11,302,96,373,213
1939_jpg.rf.b4410ef2b975aa08b032389de9c05e19.jpg,416,416,10,173,92,245,214
1939_jpg.rf.b4410ef2b975aa08b032389de9c05e19.jpg,416,416,9,32,88,110,214
1672_jpg.rf.b46f7131e709215991cd4e8908ae7d9f.jpg,416,416,4,195,90,238,150
1672_jpg.rf.b46f7131e709215991cd4e8908ae7d9f.jpg,416,416,5,266,93,305,150
1672_jpg.rf.b46f7131e709215991cd4e8908ae7d9f.jpg,416,416,2,194,161,237,221
1672_jpg.rf.b46f7131e709215991cd4e8908ae7d9f.jpg,416,416,3,264,159,303,215
1672_jpg.rf.b46f7131e709215991cd4e8908ae7d9f.jpg,416,416,G,195,231,236,288
1672_jpg.rf.b46f7131e709215991cd4e8908ae7d9f.jpg,416,416,1,263,225,300,282
1184_jpg.rf.b4912fcf5b7a35f438318a2c2727e4ec.jpg,416,416,5,166,110,238,156
1184_jpg.rf.b4912fcf5b7a35f438318a2c2727e4ec.jpg,416,416,4,166,158,237,201
1184_jpg.rf.b4912fcf5b7a35f438318a2c2727e4ec.jpg,416,416,3,166,204,235,244
1184_jpg.rf.b4912fcf5b7a35f438318a2c2727e4ec.jpg,416,416,2,166,246,233,287
1184_jpg.rf.b4912fcf5b7a35f438318a2c2727e4ec.jpg,416,416,1,164,289,231,328
1827_jpg.rf.b3cb051fe67786f19b425a8b8a8da359.jpg,416,416,1,230,198,258,249
1592_jpg.rf.b7964521d1621773114b410788558fd7.jpg,416,416,52,173,30,217,113
1592_jpg.rf.b7964521d1621773114b410788558fd7.jpg,416,416,1,173,125,215,202
828_jpg.rf.b67dcbfef950c58b1e1eff0f12900996.jpg,416,416,7,202,198,216,213
828_jpg.rf.b67dcbfef950c58b1e1eff0f12900996.jpg,416,416,6,202,215,216,231
828_jpg.rf.b67dcbfef950c58b1e1eff0f12900996.jpg,416,416,5,203,233,216,247
828_jpg.rf.b67dcbfef950c58b1e1eff0f12900996.jpg,416,416,3,189,215,202,231
828_jpg.rf.b67dcbfef950c58b1e1eff0f12900996.jpg,416,416,2,189,233,202,248
1096_jpg.rf.b397dd7cbcf75ddf25e62babc554cf17.jpg,416,416,1,193,376,214,393
1096_jpg.rf.b397dd7cbcf75ddf25e62babc554cf17.jpg,416,416,2,145,354,166,372
1096_jpg.rf.b397dd7cbcf75ddf25e62babc554cf17.jpg,416,416,0,144,373,165,389
1002_jpg.rf.b5e01d19c70ee2fab2b507c554764fba.jpg,416,416,3,190,171,224,209
1002_jpg.rf.b5e01d19c70ee2fab2b507c554764fba.jpg,416,416,2,187,234,224,267
1002_jpg.rf.b5e01d19c70ee2fab2b507c554764fba.jpg,416,416,1,186,294,222,334
458_jpg.rf.b59b91786cda64bea026094fd0f9c2a5.jpg,416,416,7,148,30,204,76
458_jpg.rf.b59b91786cda64bea026094fd0f9c2a5.jpg,416,416,6,151,82,207,128
458_jpg.rf.b59b91786cda64bea026094fd0f9c2a5.jpg,416,416,5,74,81,130,127
458_jpg.rf.b59b91786cda64bea026094fd0f9c2a5.jpg,416,416,4,227,126,278,171
458_jpg.rf.b59b91786cda64bea026094fd0f9c2a5.jpg,416,416,3,152,126,204,171
458_jpg.rf.b59b91786cda64bea026094fd0f9c2a5.jpg,416,416,2,156,171,206,213
458_jpg.rf.b59b91786cda64bea026094fd0f9c2a5.jpg,416,416,1,82,171,134,214
458_jpg.rf.b59b91786cda64bea026094fd0f9c2a5.jpg,416,416,0,226,213,277,253
1135_jpg.rf.b587cbfd5575c64431d956478c9946cd.jpg,416,416,1,155,209,174,239
1135_jpg.rf.b587cbfd5575c64431d956478c9946cd.jpg,416,416,2,183,209,200,237
1135_jpg.rf.b587cbfd5575c64431d956478c9946cd.jpg,416,416,3,209,208,226,235
1135_jpg.rf.b587cbfd5575c64431d956478c9946cd.jpg,416,416,4,234,207,251,234
1135_jpg.rf.b587cbfd5575c64431d956478c9946cd.jpg,416,416,5,259,206,275,234
1135_jpg.rf.b587cbfd5575c64431d956478c9946cd.jpg,416,416,6,155,159,173,190
1135_jpg.rf.b587cbfd5575c64431d956478c9946cd.jpg,416,416,7,183,158,201,189
1135_jpg.rf.b587cbfd5575c64431d956478c9946cd.jpg,416,416,8,210,159,227,188
1135_jpg.rf.b587cbfd5575c64431d956478c9946cd.jpg,416,416,9,237,159,253,188
1348_jpg.rf.b9075ac99020f2516cfbe8d302898048.jpg,416,416,8,304,0,342,39
1348_jpg.rf.b9075ac99020f2516cfbe8d302898048.jpg,416,416,6,296,82,328,136
1348_jpg.rf.b9075ac99020f2516cfbe8d302898048.jpg,416,416,5,189,59,220,113
1348_jpg.rf.b9075ac99020f2516cfbe8d302898048.jpg,416,416,4,286,167,317,217
1348_jpg.rf.b9075ac99020f2516cfbe8d302898048.jpg,416,416,3,191,143,218,191
1348_jpg.rf.b9075ac99020f2516cfbe8d302898048.jpg,416,416,2,279,240,307,283
1348_jpg.rf.b9075ac99020f2516cfbe8d302898048.jpg,416,416,1,191,212,218,256
1348_jpg.rf.b9075ac99020f2516cfbe8d302898048.jpg,416,416,G,273,302,298,340
1668_jpg.rf.b88b2a5db29a8972dcfec472e34a57bc.jpg,416,416,1,153,155,249,220
1668_jpg.rf.b88b2a5db29a8972dcfec472e34a57bc.jpg,416,416,G,169,226,269,291
48_jpg.rf.b60b2e6362c7b4c809f498c46fa331e9.jpg,416,416,16,213,37,276,104
48_jpg.rf.b60b2e6362c7b4c809f498c46fa331e9.jpg,416,416,15,140,36,206,100
48_jpg.rf.b60b2e6362c7b4c809f498c46fa331e9.jpg,416,416,14,211,99,274,159
48_jpg.rf.b60b2e6362c7b4c809f498c46fa331e9.jpg,416,416,12,143,97,205,154
48_jpg.rf.b60b2e6362c7b4c809f498c46fa331e9.jpg,416,416,11,212,152,269,205
48_jpg.rf.b60b2e6362c7b4c809f498c46fa331e9.jpg,416,416,10,146,150,207,205
48_jpg.rf.b60b2e6362c7b4c809f498c46fa331e9.jpg,416,416,9,210,200,261,246
48_jpg.rf.b60b2e6362c7b4c809f498c46fa331e9.jpg,416,416,8,148,203,202,249
48_jpg.rf.b60b2e6362c7b4c809f498c46fa331e9.jpg,416,416,7,209,244,259,286
776_jpg.rf.b7c62d7d276f81bf9e5669e9ee164d60.jpg,416,416,25,65,45,132,82
776_jpg.rf.b7c62d7d276f81bf9e5669e9ee164d60.jpg,416,416,21,67,84,133,121
776_jpg.rf.b7c62d7d276f81bf9e5669e9ee164d60.jpg,416,416,18,67,123,134,157
776_jpg.rf.b7c62d7d276f81bf9e5669e9ee164d60.jpg,416,416,15,69,160,133,193
776_jpg.rf.b7c62d7d276f81bf9e5669e9ee164d60.jpg,416,416,10,72,194,133,227
776_jpg.rf.b7c62d7d276f81bf9e5669e9ee164d60.jpg,416,416,7,72,228,132,259
776_jpg.rf.b7c62d7d276f81bf9e5669e9ee164d60.jpg,416,416,3,73,260,133,289
776_jpg.rf.b7c62d7d276f81bf9e5669e9ee164d60.jpg,416,416,26,147,45,212,82
776_jpg.rf.b7c62d7d276f81bf9e5669e9ee164d60.jpg,416,416,22,147,85,209,120
776_jpg.rf.b7c62d7d276f81bf9e5669e9ee164d60.jpg,416,416,19,146,122,207,156
776_jpg.rf.b7c62d7d276f81bf9e5669e9ee164d60.jpg,416,416,16,146,159,208,193
776_jpg.rf.b7c62d7d276f81bf9e5669e9ee164d60.jpg,416,416,11,144,193,204,226
776_jpg.rf.b7c62d7d276f81bf9e5669e9ee164d60.jpg,416,416,8,145,227,201,258
776_jpg.rf.b7c62d7d276f81bf9e5669e9ee164d60.jpg,416,416,5,144,259,202,288
776_jpg.rf.b7c62d7d276f81bf9e5669e9ee164d60.jpg,416,416,1,145,289,200,317
776_jpg.rf.b7c62d7d276f81bf9e5669e9ee164d60.jpg,416,416,2,212,287,267,313
776_jpg.rf.b7c62d7d276f81bf9e5669e9ee164d60.jpg,416,416,6,214,257,269,286
776_jpg.rf.b7c62d7d276f81bf9e5669e9ee164d60.jpg,416,416,9,216,225,273,256
776_jpg.rf.b7c62d7d276f81bf9e5669e9ee164d60.jpg,416,416,12,218,193,278,225
776_jpg.rf.b7c62d7d276f81bf9e5669e9ee164d60.jpg,416,416,17,220,158,280,192
776_jpg.rf.b7c62d7d276f81bf9e5669e9ee164d60.jpg,416,416,20,222,122,285,155
776_jpg.rf.b7c62d7d276f81bf9e5669e9ee164d60.jpg,416,416,23,224,85,288,119
1254_jpg.rf.b9febdf587fe0df851e0d8aed1b4e735.jpg,416,416,3,181,76,217,122
1254_jpg.rf.b9febdf587fe0df851e0d8aed1b4e735.jpg,416,416,2,181,133,218,179
118_jpg.rf.b9daf52b2f61500c34655dbd453e685e.jpg,416,416,G,106,121,165,179
118_jpg.rf.b9daf52b2f61500c34655dbd453e685e.jpg,416,416,1,175,124,238,183
118_jpg.rf.b9daf52b2f61500c34655dbd453e685e.jpg,416,416,2,249,128,315,189
617_jpg.rf.b52f240044f040ffb7f8b506e36cd38f.jpg,416,416,13,157,175,181,194
617_jpg.rf.b52f240044f040ffb7f8b506e36cd38f.jpg,416,416,14,206,176,230,194
617_jpg.rf.b52f240044f040ffb7f8b506e36cd38f.jpg,416,416,11,157,200,181,219
617_jpg.rf.b52f240044f040ffb7f8b506e36cd38f.jpg,416,416,12,206,201,230,219
617_jpg.rf.b52f240044f040ffb7f8b506e36cd38f.jpg,416,416,9,157,225,180,243
617_jpg.rf.b52f240044f040ffb7f8b506e36cd38f.jpg,416,416,10,205,225,229,243
617_jpg.rf.b52f240044f040ffb7f8b506e36cd38f.jpg,416,416,7,157,249,181,267
617_jpg.rf.b52f240044f040ffb7f8b506e36cd38f.jpg,416,416,8,205,249,228,267
617_jpg.rf.b52f240044f040ffb7f8b506e36cd38f.jpg,416,416,5,156,273,180,291
617_jpg.rf.b52f240044f040ffb7f8b506e36cd38f.jpg,416,416,6,204,273,228,291
617_jpg.rf.b52f240044f040ffb7f8b506e36cd38f.jpg,416,416,3,156,297,180,315
617_jpg.rf.b52f240044f040ffb7f8b506e36cd38f.jpg,416,416,4,204,296,226,314
617_jpg.rf.b52f240044f040ffb7f8b506e36cd38f.jpg,416,416,G,156,320,180,338
617_jpg.rf.b52f240044f040ffb7f8b506e36cd38f.jpg,416,416,2,203,320,226,337
2029_jpg.rf.b8d8e78731d3807156e41a096ea08b41.jpg,416,416,9,165,145,191,160
2029_jpg.rf.b8d8e78731d3807156e41a096ea08b41.jpg,416,416,4,134,168,160,183
2029_jpg.rf.b8d8e78731d3807156e41a096ea08b41.jpg,416,416,8,165,168,191,183
2029_jpg.rf.b8d8e78731d3807156e41a096ea08b41.jpg,416,416,3,134,191,160,207
2029_jpg.rf.b8d8e78731d3807156e41a096ea08b41.jpg,416,416,7,165,192,191,207
2029_jpg.rf.b8d8e78731d3807156e41a096ea08b41.jpg,416,416,2,134,215,160,230
2029_jpg.rf.b8d8e78731d3807156e41a096ea08b41.jpg,416,416,6,165,215,191,231
2029_jpg.rf.b8d8e78731d3807156e41a096ea08b41.jpg,416,416,5,165,238,191,253
2029_jpg.rf.b8d8e78731d3807156e41a096ea08b41.jpg,416,416,1,135,237,161,253
2029_jpg.rf.b8d8e78731d3807156e41a096ea08b41.jpg,416,416,M,135,260,161,276
128_jpg.rf.b9d2a53322a00c64aca887481c322423.jpg,416,416,14,226,170,386,253
128_jpg.rf.b9d2a53322a00c64aca887481c322423.jpg,416,416,13,74,176,222,259
128_jpg.rf.b9d2a53322a00c64aca887481c322423.jpg,416,416,12,226,249,389,332
128_jpg.rf.b9d2a53322a00c64aca887481c322423.jpg,416,416,11,70,252,223,335
128_jpg.rf.b9d2a53322a00c64aca887481c322423.jpg,416,416,10,226,330,390,407
128_jpg.rf.b9d2a53322a00c64aca887481c322423.jpg,416,416,9,67,328,221,407
413_jpg.rf.b5009ac48d0b685055f7e054106bb688.jpg,416,416,29,29,44,110,80
413_jpg.rf.b5009ac48d0b685055f7e054106bb688.jpg,416,416,30,122,44,205,78
413_jpg.rf.b5009ac48d0b685055f7e054106bb688.jpg,416,416,28,305,87,384,120
413_jpg.rf.b5009ac48d0b685055f7e054106bb688.jpg,416,416,27,212,86,294,119
413_jpg.rf.b5009ac48d0b685055f7e054106bb688.jpg,416,416,26,123,85,205,119
413_jpg.rf.b5009ac48d0b685055f7e054106bb688.jpg,416,416,25,33,85,115,120
413_jpg.rf.b5009ac48d0b685055f7e054106bb688.jpg,416,416,23,302,125,378,159
413_jpg.rf.b5009ac48d0b685055f7e054106bb688.jpg,416,416,22,214,125,293,157
413_jpg.rf.b5009ac48d0b685055f7e054106bb688.jpg,416,416,21,126,124,206,157
413_jpg.rf.b5009ac48d0b685055f7e054106bb688.jpg,416,416,20,38,125,117,157
413_jpg.rf.b5009ac48d0b685055f7e054106bb688.jpg,416,416,19,298,162,375,194
413_jpg.rf.b5009ac48d0b685055f7e054106bb688.jpg,416,416,18,213,162,289,193
413_jpg.rf.b5009ac48d0b685055f7e054106bb688.jpg,416,416,17,128,163,205,194
413_jpg.rf.b5009ac48d0b685055f7e054106bb688.jpg,416,416,16,42,164,120,193
413_jpg.rf.b5009ac48d0b685055f7e054106bb688.jpg,416,416,15,296,197,368,227
413_jpg.rf.b5009ac48d0b685055f7e054106bb688.jpg,416,416,12,213,197,288,225
413_jpg.rf.b5009ac48d0b685055f7e054106bb688.jpg,416,416,11,130,198,204,228
413_jpg.rf.b5009ac48d0b685055f7e054106bb688.jpg,416,416,10,48,196,123,226
413_jpg.rf.b5009ac48d0b685055f7e054106bb688.jpg,416,416,9,294,231,363,259
413_jpg.rf.b5009ac48d0b685055f7e054106bb688.jpg,416,416,8,214,230,285,257
413_jpg.rf.b5009ac48d0b685055f7e054106bb688.jpg,416,416,7,134,230,205,258
413_jpg.rf.b5009ac48d0b685055f7e054106bb688.jpg,416,416,6,54,230,126,256
413_jpg.rf.b5009ac48d0b685055f7e054106bb688.jpg,416,416,5,290,261,360,287
413_jpg.rf.b5009ac48d0b685055f7e054106bb688.jpg,416,416,3,213,260,281,287
413_jpg.rf.b5009ac48d0b685055f7e054106bb688.jpg,416,416,2,135,262,205,287
254_jpg.rf.b8c749e1da0724566bf4896736349863.jpg,416,416,16,164,167,189,184
254_jpg.rf.b8c749e1da0724566bf4896736349863.jpg,416,416,27,193,168,216,185
254_jpg.rf.b8c749e1da0724566bf4896736349863.jpg,416,416,15,163,184,189,201
254_jpg.rf.b8c749e1da0724566bf4896736349863.jpg,416,416,26,192,184,215,200
254_jpg.rf.b8c749e1da0724566bf4896736349863.jpg,416,416,12,163,201,188,218
254_jpg.rf.b8c749e1da0724566bf4896736349863.jpg,416,416,25,191,201,214,217
254_jpg.rf.b8c749e1da0724566bf4896736349863.jpg,416,416,11,161,217,187,235
254_jpg.rf.b8c749e1da0724566bf4896736349863.jpg,416,416,23,189,217,213,234
254_jpg.rf.b8c749e1da0724566bf4896736349863.jpg,416,416,10,161,234,186,252
254_jpg.rf.b8c749e1da0724566bf4896736349863.jpg,416,416,22,188,232,212,250
254_jpg.rf.b8c749e1da0724566bf4896736349863.jpg,416,416,9,161,251,186,268
254_jpg.rf.b8c749e1da0724566bf4896736349863.jpg,416,416,21,187,249,211,266
254_jpg.rf.b8c749e1da0724566bf4896736349863.jpg,416,416,8,161,267,185,285
254_jpg.rf.b8c749e1da0724566bf4896736349863.jpg,416,416,20,188,264,210,281
254_jpg.rf.b8c749e1da0724566bf4896736349863.jpg,416,416,7,159,283,184,301
254_jpg.rf.b8c749e1da0724566bf4896736349863.jpg,416,416,19,187,280,210,297
254_jpg.rf.b8c749e1da0724566bf4896736349863.jpg,416,416,6,159,298,184,317
254_jpg.rf.b8c749e1da0724566bf4896736349863.jpg,416,416,18,187,295,209,313
254_jpg.rf.b8c749e1da0724566bf4896736349863.jpg,416,416,G,159,314,182,333
254_jpg.rf.b8c749e1da0724566bf4896736349863.jpg,416,416,17,187,310,209,328
254_jpg.rf.b8c749e1da0724566bf4896736349863.jpg,416,416,8,297,253,314,268
1290_jpg.rf.b9e6daeae7392bb057d8a3f63505b5b9.jpg,416,416,4,182,52,237,124
1290_jpg.rf.b9e6daeae7392bb057d8a3f63505b5b9.jpg,416,416,3,186,143,234,204
1290_jpg.rf.b9e6daeae7392bb057d8a3f63505b5b9.jpg,416,416,2,188,219,234,274
215_jpg.rf.bbd7f7829a23d47f4cd1b8739fcf2f13.jpg,416,416,7,132,192,153,219
215_jpg.rf.bbd7f7829a23d47f4cd1b8739fcf2f13.jpg,416,416,7,151,193,170,217
215_jpg.rf.bbd7f7829a23d47f4cd1b8739fcf2f13.jpg,416,416,4,134,224,155,249
215_jpg.rf.bbd7f7829a23d47f4cd1b8739fcf2f13.jpg,416,416,4,153,223,172,248
215_jpg.rf.bbd7f7829a23d47f4cd1b8739fcf2f13.jpg,416,416,5,171,222,190,247
215_jpg.rf.bbd7f7829a23d47f4cd1b8739fcf2f13.jpg,416,416,5,190,222,209,246
215_jpg.rf.bbd7f7829a23d47f4cd1b8739fcf2f13.jpg,416,416,6,208,220,228,246
215_jpg.rf.bbd7f7829a23d47f4cd1b8739fcf2f13.jpg,416,416,6,227,220,245,243
215_jpg.rf.bbd7f7829a23d47f4cd1b8739fcf2f13.jpg,416,416,1,135,251,156,276
215_jpg.rf.bbd7f7829a23d47f4cd1b8739fcf2f13.jpg,416,416,1,152,251,174,277
215_jpg.rf.bbd7f7829a23d47f4cd1b8739fcf2f13.jpg,416,416,2,171,251,192,276
215_jpg.rf.bbd7f7829a23d47f4cd1b8739fcf2f13.jpg,416,416,2,189,249,210,274
215_jpg.rf.bbd7f7829a23d47f4cd1b8739fcf2f13.jpg,416,416,3,208,248,229,274
215_jpg.rf.bbd7f7829a23d47f4cd1b8739fcf2f13.jpg,416,416,3,226,248,244,273
960_jpg.rf.b9dab8a37e0b09f6aca7486b95a81563.jpg,416,416,4,152,73,179,126
960_jpg.rf.b9dab8a37e0b09f6aca7486b95a81563.jpg,416,416,3,156,131,181,176
960_jpg.rf.b9dab8a37e0b09f6aca7486b95a81563.jpg,416,416,2,157,183,183,229
960_jpg.rf.b9dab8a37e0b09f6aca7486b95a81563.jpg,416,416,G,160,234,184,277
960_jpg.rf.b9dab8a37e0b09f6aca7486b95a81563.jpg,416,416,B,163,283,186,323
103_jpg.rf.b80b4bd29e5ba4cc971e57190a6578c7.jpg,416,416,3,160,102,178,135
103_jpg.rf.b80b4bd29e5ba4cc971e57190a6578c7.jpg,416,416,2,162,140,179,172
103_jpg.rf.b80b4bd29e5ba4cc971e57190a6578c7.jpg,416,416,1,163,176,180,206
1298_jpg.rf.bad0c847b014bbd62d69fd3b0bcea63c.jpg,416,416,3,87,89,133,155
1298_jpg.rf.bad0c847b014bbd62d69fd3b0bcea63c.jpg,416,416,2,143,119,175,175
1298_jpg.rf.bad0c847b014bbd62d69fd3b0bcea63c.jpg,416,416,M,92,177,131,236
1298_jpg.rf.bad0c847b014bbd62d69fd3b0bcea63c.jpg,416,416,1,144,183,176,232
321_jpg.rf.bbb5e3361f17ce865c10d0a268d872d3.jpg,416,416,2,56,6,128,83
321_jpg.rf.bbb5e3361f17ce865c10d0a268d872d3.jpg,416,416,3,210,5,281,82
321_jpg.rf.bbb5e3361f17ce865c10d0a268d872d3.jpg,416,416,G,69,139,138,211
321_jpg.rf.bbb5e3361f17ce865c10d0a268d872d3.jpg,416,416,1,215,137,282,209
878_jpg.rf.ba6cbe486a69d25d661640beadb28af3.jpg,416,416,16,193,196,208,210
878_jpg.rf.ba6cbe486a69d25d661640beadb28af3.jpg,416,416,14,192,211,208,225
878_jpg.rf.ba6cbe486a69d25d661640beadb28af3.jpg,416,416,12,194,224,209,238
878_jpg.rf.ba6cbe486a69d25d661640beadb28af3.jpg,416,416,10,195,238,208,252
878_jpg.rf.ba6cbe486a69d25d661640beadb28af3.jpg,416,416,8,171,212,186,226
878_jpg.rf.ba6cbe486a69d25d661640beadb28af3.jpg,416,416,6,171,227,187,242
878_jpg.rf.ba6cbe486a69d25d661640beadb28af3.jpg,416,416,4,171,241,188,255
878_jpg.rf.ba6cbe486a69d25d661640beadb28af3.jpg,416,416,2,172,255,188,270
878_jpg.rf.ba6cbe486a69d25d661640beadb28af3.jpg,416,416,G,172,270,190,285
913_jpg.rf.b9de37a592f6b8e7245d9a8533a34683.jpg,416,416,10,120,168,145,188
913_jpg.rf.b9de37a592f6b8e7245d9a8533a34683.jpg,416,416,9,179,196,204,216
913_jpg.rf.b9de37a592f6b8e7245d9a8533a34683.jpg,416,416,8,120,194,145,215
913_jpg.rf.b9de37a592f6b8e7245d9a8533a34683.jpg,416,416,7,178,222,203,243
913_jpg.rf.b9de37a592f6b8e7245d9a8533a34683.jpg,416,416,6,119,220,144,241
913_jpg.rf.b9de37a592f6b8e7245d9a8533a34683.jpg,416,416,4,118,247,143,268
913_jpg.rf.b9de37a592f6b8e7245d9a8533a34683.jpg,416,416,5,177,249,202,270
913_jpg.rf.b9de37a592f6b8e7245d9a8533a34683.jpg,416,416,3,176,276,201,297
913_jpg.rf.b9de37a592f6b8e7245d9a8533a34683.jpg,416,416,2,118,272,143,293
913_jpg.rf.b9de37a592f6b8e7245d9a8533a34683.jpg,416,416,1,175,301,200,321
913_jpg.rf.b9de37a592f6b8e7245d9a8533a34683.jpg,416,416,0,117,298,142,319
203_jpg.rf.ba7417ad99b0c733f81915a60a01b6d9.jpg,416,416,1,188,96,243,159
203_jpg.rf.ba7417ad99b0c733f81915a60a01b6d9.jpg,416,416,G,188,162,237,214
1474_jpg.rf.bb06f91e00385dd5ad4488feed6eeefc.jpg,416,416,19,180,232,189,247
1474_jpg.rf.bb06f91e00385dd5ad4488feed6eeefc.jpg,416,416,18,180,249,190,265
1474_jpg.rf.bb06f91e00385dd5ad4488feed6eeefc.jpg,416,416,17,180,267,189,282
1474_jpg.rf.bb06f91e00385dd5ad4488feed6eeefc.jpg,416,416,16,180,284,189,299
1474_jpg.rf.bb06f91e00385dd5ad4488feed6eeefc.jpg,416,416,15,180,302,190,318
1474_jpg.rf.bb06f91e00385dd5ad4488feed6eeefc.jpg,416,416,14,180,319,190,335
1474_jpg.rf.bb06f91e00385dd5ad4488feed6eeefc.jpg,416,416,12,180,337,190,353
1474_jpg.rf.bb06f91e00385dd5ad4488feed6eeefc.jpg,416,416,G,181,355,191,370
1474_jpg.rf.bb06f91e00385dd5ad4488feed6eeefc.jpg,416,416,20,194,336,204,351
1474_jpg.rf.bb06f91e00385dd5ad4488feed6eeefc.jpg,416,416,21,194,318,204,334
1474_jpg.rf.bb06f91e00385dd5ad4488feed6eeefc.jpg,416,416,22,194,301,204,316
1474_jpg.rf.bb06f91e00385dd5ad4488feed6eeefc.jpg,416,416,23,193,283,203,299
1474_jpg.rf.bb06f91e00385dd5ad4488feed6eeefc.jpg,416,416,24,193,266,203,282
1474_jpg.rf.bb06f91e00385dd5ad4488feed6eeefc.jpg,416,416,25,192,249,203,265
1474_jpg.rf.bb06f91e00385dd5ad4488feed6eeefc.jpg,416,416,26,193,231,203,247
875_jpg.rf.bb00570d19e581c38f9b5123d9f108a5.jpg,416,416,5,121,233,185,260
875_jpg.rf.bb00570d19e581c38f9b5123d9f108a5.jpg,416,416,R,222,232,288,258
875_jpg.rf.bb00570d19e581c38f9b5123d9f108a5.jpg,416,416,3,117,266,185,293
875_jpg.rf.bb00570d19e581c38f9b5123d9f108a5.jpg,416,416,4,223,264,287,291
875_jpg.rf.bb00570d19e581c38f9b5123d9f108a5.jpg,416,416,1,116,298,185,324
875_jpg.rf.bb00570d19e581c38f9b5123d9f108a5.jpg,416,416,2,222,294,287,317
1557_jpg.rf.bcb1c14c99bdbb405c7678d6aafb637c.jpg,416,416,3,60,203,216,245
1557_jpg.rf.bcb1c14c99bdbb405c7678d6aafb637c.jpg,416,416,4,219,205,371,246
1557_jpg.rf.bcb1c14c99bdbb405c7678d6aafb637c.jpg,416,416,1,60,247,216,289
1557_jpg.rf.bcb1c14c99bdbb405c7678d6aafb637c.jpg,416,416,2,218,248,374,290
952_jpg.rf.bc723b5d74dd8fb48be9200c8fe05536.jpg,416,416,2,130,31,154,77
952_jpg.rf.bc723b5d74dd8fb48be9200c8fe05536.jpg,416,416,G,130,92,154,138
952_jpg.rf.bc723b5d74dd8fb48be9200c8fe05536.jpg,416,416,1,176,95,200,142
587_jpg.rf.bbfbf01d4dac53977a403997123335aa.jpg,416,416,32,111,77,127,103
587_jpg.rf.bbfbf01d4dac53977a403997123335aa.jpg,416,416,31,112,107,128,135
587_jpg.rf.bbfbf01d4dac53977a403997123335aa.jpg,416,416,30,113,138,129,165
587_jpg.rf.bbfbf01d4dac53977a403997123335aa.jpg,416,416,29,114,169,130,195
587_jpg.rf.bbfbf01d4dac53977a403997123335aa.jpg,416,416,12,116,228,133,254
587_jpg.rf.bbfbf01d4dac53977a403997123335aa.jpg,416,416,2,117,258,133,284
587_jpg.rf.bbfbf01d4dac53977a403997123335aa.jpg,416,416,G,118,287,134,313
587_jpg.rf.bbfbf01d4dac53977a403997123335aa.jpg,416,416,40,132,76,149,104
587_jpg.rf.bbfbf01d4dac53977a403997123335aa.jpg,416,416,39,134,106,150,134
587_jpg.rf.bbfbf01d4dac53977a403997123335aa.jpg,416,416,38,135,137,150,163
587_jpg.rf.bbfbf01d4dac53977a403997123335aa.jpg,416,416,37,136,167,152,192
587_jpg.rf.bbfbf01d4dac53977a403997123335aa.jpg,416,416,36,137,197,153,223
587_jpg.rf.bbfbf01d4dac53977a403997123335aa.jpg,416,416,35,138,225,154,252
587_jpg.rf.bbfbf01d4dac53977a403997123335aa.jpg,416,416,34,139,255,155,281
587_jpg.rf.bbfbf01d4dac53977a403997123335aa.jpg,416,416,33,140,284,155,311
587_jpg.rf.bbfbf01d4dac53977a403997123335aa.jpg,416,416,50,154,76,170,103
587_jpg.rf.bbfbf01d4dac53977a403997123335aa.jpg,416,416,46,157,137,171,162
587_jpg.rf.bbfbf01d4dac53977a403997123335aa.jpg,416,416,45,157,166,172,191
587_jpg.rf.bbfbf01d4dac53977a403997123335aa.jpg,416,416,44,158,195,173,221
587_jpg.rf.bbfbf01d4dac53977a403997123335aa.jpg,416,416,43,159,223,173,249
587_jpg.rf.bbfbf01d4dac53977a403997123335aa.jpg,416,416,42,160,251,174,277
587_jpg.rf.bbfbf01d4dac53977a403997123335aa.jpg,416,416,41,160,280,176,307
1503_jpg.rf.baf7f8c0d96416eed0e6637771b4568d.jpg,416,416,10,241,13,264,54
1503_jpg.rf.baf7f8c0d96416eed0e6637771b4568d.jpg,416,416,9,210,13,233,54
1503_jpg.rf.baf7f8c0d96416eed0e6637771b4568d.jpg,416,416,7,210,60,233,101
1503_jpg.rf.baf7f8c0d96416eed0e6637771b4568d.jpg,416,416,8,240,60,263,101
1503_jpg.rf.baf7f8c0d96416eed0e6637771b4568d.jpg,416,416,5,210,105,233,146
1503_jpg.rf.baf7f8c0d96416eed0e6637771b4568d.jpg,416,416,6,240,104,263,145
1503_jpg.rf.baf7f8c0d96416eed0e6637771b4568d.jpg,416,416,3,211,149,234,190
1503_jpg.rf.baf7f8c0d96416eed0e6637771b4568d.jpg,416,416,4,239,148,262,189
1503_jpg.rf.baf7f8c0d96416eed0e6637771b4568d.jpg,416,416,1,210,192,232,231
1503_jpg.rf.baf7f8c0d96416eed0e6637771b4568d.jpg,416,416,2,239,191,261,230
798_jpg.rf.bca17f3bd3b29f75d6c8c8543c4b0669.jpg,416,416,7,178,112,217,167
798_jpg.rf.bca17f3bd3b29f75d6c8c8543c4b0669.jpg,416,416,8,262,102,305,162
798_jpg.rf.bca17f3bd3b29f75d6c8c8543c4b0669.jpg,416,416,5,182,177,221,229
798_jpg.rf.bca17f3bd3b29f75d6c8c8543c4b0669.jpg,416,416,6,263,168,306,225
798_jpg.rf.bca17f3bd3b29f75d6c8c8543c4b0669.jpg,416,416,3,186,240,225,290
798_jpg.rf.bca17f3bd3b29f75d6c8c8543c4b0669.jpg,416,416,4,267,232,308,285
798_jpg.rf.bca17f3bd3b29f75d6c8c8543c4b0669.jpg,416,416,1,190,298,229,347
798_jpg.rf.bca17f3bd3b29f75d6c8c8543c4b0669.jpg,416,416,2,268,292,309,342
798_jpg.rf.bca17f3bd3b29f75d6c8c8543c4b0669.jpg,416,416,G,270,352,310,399
1647_jpg.rf.bc60ab6317cf2787f267840e874354f9.jpg,416,416,26,129,166,175,196
1647_jpg.rf.bc60ab6317cf2787f267840e874354f9.jpg,416,416,23,130,201,176,231
1647_jpg.rf.bc60ab6317cf2787f267840e874354f9.jpg,416,416,25,234,209,287,242
1647_jpg.rf.bc60ab6317cf2787f267840e874354f9.jpg,416,416,21,131,236,176,264
1647_jpg.rf.bc60ab6317cf2787f267840e874354f9.jpg,416,416,19,133,268,178,297
1647_jpg.rf.bc60ab6317cf2787f267840e874354f9.jpg,416,416,G,132,300,178,329
1647_jpg.rf.bc60ab6317cf2787f267840e874354f9.jpg,416,416,22,235,245,286,276
1647_jpg.rf.bc60ab6317cf2787f267840e874354f9.jpg,416,416,20,234,280,285,311
1647_jpg.rf.bc60ab6317cf2787f267840e874354f9.jpg,416,416,18,234,314,284,345
1323_jpg.rf.bbd68de7b389e2cbe1124d10319162bb.jpg,416,416,3,210,179,238,213
1323_jpg.rf.bbd68de7b389e2cbe1124d10319162bb.jpg,416,416,2,209,218,237,254
1323_jpg.rf.bbd68de7b389e2cbe1124d10319162bb.jpg,416,416,1,209,260,235,295
484_jpg.rf.bc30115693ebda21849c787590b73fb3.jpg,416,416,3,200,199,210,208
484_jpg.rf.bc30115693ebda21849c787590b73fb3.jpg,416,416,2,200,218,210,227
484_jpg.rf.bc30115693ebda21849c787590b73fb3.jpg,416,416,1,200,238,211,247
159_jpg.rf.bb96f61054c58cb1e4010bf2d60e1c47.jpg,416,416,5,216,32,252,101
159_jpg.rf.bb96f61054c58cb1e4010bf2d60e1c47.jpg,416,416,3,213,115,250,175
159_jpg.rf.bb96f61054c58cb1e4010bf2d60e1c47.jpg,416,416,1,155,33,195,105
